{"type":"FeatureCollection","crs_note":"Scene east/north metres, EPSG32648 minus meta centre_utm; NOT lon/lat","features":[{"type":"Feature","id":"way/116866865","properties":{"osm_ids":"way/116866865","polygon":"","kind":"marketplace","town":"Châu Đốc","name":"Chợ Châu Đốc","scope":"building","source":"https://www.openstreetmap.org/way/116866865","estimate":"yes","notes":"Cached OSM yards_landuse.json; exact mapped geometry, not surveyed. Scope=building; do not expand to surrounding grounds.","area_m2":2120.7,"method":"OSM mapped polygon; semantic interpretation estimated","tags":{"amenity":"marketplace","building":"yes","name":"Chợ Châu Đốc","name:en":"Chau Doc Market"}},"geometry":{"type":"Polygon","coordinates":[[[-6143.332593853702,15622.619644224178],[-6132.544794900576,15607.144209617982],[-6225.226376912498,15543.387751240982],[-6236.003209639748,15558.84110517241],[-6143.332593853702,15622.619644224178]]]}},{"type":"Feature","id":"way/116866866","properties":{"osm_ids":"way/116866866","polygon":"","kind":"marketplace","town":"Châu Đốc","name":"Chợ Châu Đốc","scope":"building","source":"https://www.openstreetmap.org/way/116866866","estimate":"yes","notes":"Cached OSM yards_landuse.json; exact mapped geometry, not surveyed. Scope=building; do not expand to surrounding grounds.","area_m2":911.3,"method":"OSM mapped polygon; semantic interpretation estimated","tags":{"amenity":"marketplace","building":"yes","name":"Chợ Châu Đốc","shop":"mall"}},"geometry":{"type":"Polygon","coordinates":[[[-6081.8272226026165,15659.551306232577],[-6073.413404109422,15646.971865872154],[-6123.624491445313,15613.792839587433],[-6132.049238370964,15626.383344753413],[-6081.8272226026165,15659.551306232577]]]}},{"type":"Feature","id":"way/166192207","properties":{"osm_ids":"way/166192207","polygon":"","kind":"school","town":"Châu Phú","name":"tiểu học C Vĩnh Thạnh Trung","scope":"grounds","source":"https://www.openstreetmap.org/way/166192207","estimate":"yes","notes":"Cached OSM yards_landuse.json; exact mapped geometry, not surveyed. Scope=grounds; do not expand to surrounding grounds.","area_m2":2973.1,"method":"OSM mapped polygon; semantic interpretation estimated","tags":{"amenity":"school","name":"tiểu học C Vĩnh Thạnh Trung"}},"geometry":{"type":"Polygon","coordinates":[[[4645.963430578588,696.7442681386601],[4634.251094593492,659.41931281914],[4578.68428581662,680.4327979008667],[4597.813031751371,734.613498929888],[4610.724776714225,730.5425247685052],[4645.963430578588,696.7442681386601]]]}},{"type":"Feature","id":"way/166192253","properties":{"osm_ids":"way/166192253","polygon":"","kind":"school","town":"Châu Phú","name":"tiểu học A VTT","scope":"grounds","source":"https://www.openstreetmap.org/way/166192253","estimate":"yes","notes":"Cached OSM yards_landuse.json; exact mapped geometry, not surveyed. Scope=grounds; do not expand to surrounding grounds.","area_m2":2033.8,"method":"OSM mapped polygon; semantic interpretation estimated","tags":{"amenity":"school","name":"tiểu học A VTT"}},"geometry":{"type":"Polygon","coordinates":[[[5862.6345487987855,1614.8126967670396],[5829.563367831404,1571.5893677179702],[5794.576982448343,1589.110943060834],[5831.870905188029,1632.226765185129],[5862.6345487987855,1614.8126967670396]]]}},{"type":"Feature","id":"way/166192254","properties":{"osm_ids":"way/166192254","polygon":"","kind":"school","town":"Châu Phú","name":"Trường Trung học cơ sở VTT","scope":"grounds","source":"https://www.openstreetmap.org/way/166192254","estimate":"yes","notes":"Cached OSM yards_landuse.json; exact mapped geometry, not surveyed. Scope=grounds; do not expand to surrounding grounds.","area_m2":9755.4,"method":"OSM mapped polygon; semantic interpretation estimated","tags":{"amenity":"school","name":"Trường Trung học cơ sở VTT"}},"geometry":{"type":"Polygon","coordinates":[[[5803.796532990877,1816.5015993244015],[5816.482186599169,1807.1236354429275],[5876.322945512482,1833.9914343522396],[5897.4803667949745,1788.530195457628],[5859.939044311061,1769.8386709250044],[5870.754191930406,1745.4220508742146],[5867.253102571121,1716.262592407642],[5874.0720352598,1696.3874011372682],[5853.18962505192,1680.1074599863496],[5847.319232333568,1689.4351256883238],[5832.0629802529,1683.585925524123],[5776.581182797905,1798.9344719022047],[5803.796532990877,1816.5015993244015]]]}},{"type":"Feature","id":"way/166192447","properties":{"osm_ids":"way/166192447","polygon":"","kind":"school","town":"Châu Phú","name":"Trường Trung học phổ thông Trần Văn Thành","scope":"grounds","source":"https://www.openstreetmap.org/way/166192447","estimate":"yes","notes":"Cached OSM yards_landuse.json; exact mapped geometry, not surveyed. Scope=grounds; do not expand to surrounding grounds.","area_m2":13433.1,"method":"OSM mapped polygon; semantic interpretation estimated","tags":{"addr:street":"quốc lộ 91","amenity":"school","name":"Trường Trung học phổ thông Trần Văn Thành"}},"geometry":{"type":"Polygon","coordinates":[[[6791.712164592114,380.54647825076245],[6723.125463719363,314.46295786695555],[6645.258751221234,382.16029228968546],[6618.027548709069,413.56324390741065],[6642.619339756318,429.4041628984269],[6697.746298574028,471.4287026170641],[6791.712164592114,380.54647825076245]]]}},{"type":"Feature","id":"way/166443549","properties":{"osm_ids":"way/166443549","polygon":"","kind":"cemetery","town":"Châu Phú","name":"nghĩa địa","scope":"grounds","source":"https://www.openstreetmap.org/way/166443549","estimate":"yes","notes":"Cached OSM yards_landuse.json; exact mapped geometry, not surveyed. Scope=grounds; do not expand to surrounding grounds.","area_m2":10002.2,"method":"OSM mapped polygon; semantic interpretation estimated","tags":{"amenity":"grave_yard","name":"nghĩa địa"}},"geometry":{"type":"Polygon","coordinates":[[[5648.033584856195,1060.1334028658457],[5575.989583162591,1068.915486263577],[5558.929883859702,1120.792839704547],[5528.222269568942,1181.3178204244468],[5516.457904916606,1217.4651541810017],[5513.640797779895,1270.6022631018423],[5528.151354809408,1279.2702673613094],[5540.649441540125,1242.0509550292045],[5574.157260231092,1166.8666522065178],[5614.545405761921,1107.9188125464134],[5633.342744463007,1088.693580410676],[5657.409619018552,1074.138176560402],[5693.940432098578,1069.5872484177817],[5723.7227756759385,1078.266466385685],[5725.643232033006,1055.0264004128985],[5648.033584856195,1060.1334028658457]]]}},{"type":"Feature","id":"way/166551577","properties":{"osm_ids":"way/166551577","polygon":"","kind":"park","town":"Châu Phú","name":"","scope":"grounds","source":"https://www.openstreetmap.org/way/166551577","estimate":"yes","notes":"Cached OSM yards_landuse.json; exact mapped geometry, not surveyed. Scope=grounds; do not expand to surrounding grounds.","area_m2":1038.6,"method":"OSM mapped polygon; semantic interpretation estimated","tags":{"leisure":"park"}},"geometry":{"type":"Polygon","coordinates":[[[7202.894057145342,-52.65495840017684],[7273.32926934422,-0.44538685376755893],[7279.136132235522,2.500229007098824],[7278.553498112946,-7.993162916041911],[7201.724914339837,-68.68827711138874],[7202.310279885656,-61.69990315800533],[7196.4343623510795,-60.24493702012114],[7202.894057145342,-52.65495840017684]]]}},{"type":"Feature","id":"way/166551592","properties":{"osm_ids":"way/166551592","polygon":"","kind":"school","town":"Châu Phú","name":"Trường Trung học phổ thông Đoàn Kết","scope":"grounds","source":"https://www.openstreetmap.org/way/166551592","estimate":"yes","notes":"Cached OSM yards_landuse.json; exact mapped geometry, not surveyed. Scope=grounds; do not expand to surrounding grounds.","area_m2":3450.8,"method":"OSM mapped polygon; semantic interpretation estimated","tags":{"amenity":"school","name":"Trường Trung học phổ thông Đoàn Kết"}},"geometry":{"type":"Polygon","coordinates":[[[7350.4740572832525,-417.8365169337485],[7362.217802643427,-424.2403647324536],[7367.496006086003,-416.66233166633174],[7392.732571190922,-427.72167159360833],[7417.757173335878,-447.5492305159569],[7398.654577169102,-488.35276405420154],[7337.5968152728165,-459.24330885498784],[7350.4740572832525,-417.8365169337485]]]}},{"type":"Feature","id":"way/166551595","properties":{"osm_ids":"way/166551595","polygon":"","kind":"school","town":"Châu Phú","name":"tiểu học A Bình Long","scope":"grounds","source":"https://www.openstreetmap.org/way/166551595","estimate":"yes","notes":"Cached OSM yards_landuse.json; exact mapped geometry, not surveyed. Scope=grounds; do not expand to surrounding grounds.","area_m2":2180.0,"method":"OSM mapped polygon; semantic interpretation estimated","tags":{"amenity":"school","name":"tiểu học A Bình Long"}},"geometry":{"type":"Polygon","coordinates":[[[7670.9308128354605,-443.2491892413236],[7701.808573718648,-463.07194545236416],[7652.791357932496,-512.0590891325846],[7631.058664299198,-491.09026227961294],[7670.9308128354605,-443.2491892413236]]]}},{"type":"Feature","id":"way/166551694","properties":{"osm_ids":"way/166551694","polygon":"","kind":"park","town":"Châu Phú","name":"","scope":"grounds","source":"https://www.openstreetmap.org/way/166551694","estimate":"yes","notes":"Cached OSM yards_landuse.json; exact mapped geometry, not surveyed. Scope=grounds; do not expand to surrounding grounds.","area_m2":1275.2,"method":"OSM mapped polygon; semantic interpretation estimated","tags":{"leisure":"park"}},"geometry":{"type":"Polygon","coordinates":[[[6338.377907586866,1093.1717432499863],[6345.160511823604,1093.1436441985425],[6351.2523884759285,1095.1605451626237],[6357.529576559551,1098.0621330561116],[6374.609632692183,1079.0903224011417],[6386.322146260645,1069.6344383608084],[6387.658680410241,1067.103423156077],[6387.257317116833,1062.5587613920216],[6385.717997618602,1058.3228388305288],[6376.806996291503,1051.881085177185],[6373.1214242395945,1050.4188231099397],[6368.472235040623,1050.194206219865],[6365.046947031049,1051.7617138691712],[6331.068903034553,1094.935374013614],[6338.377907586866,1093.1717432499863]]]}},{"type":"Feature","id":"way/166551695","properties":{"osm_ids":"way/166551695","polygon":"","kind":"park","town":"Châu Phú","name":"","scope":"grounds","source":"https://www.openstreetmap.org/way/166551695","estimate":"yes","notes":"Cached OSM yards_landuse.json; exact mapped geometry, not surveyed. Scope=grounds; do not expand to surrounding grounds.","area_m2":1431.3,"method":"OSM mapped polygon; semantic interpretation estimated","tags":{"leisure":"park"}},"geometry":{"type":"Polygon","coordinates":[[[6268.90002966905,1166.7473638760857],[6271.162296633818,1169.7454542824998],[6279.460725171142,1176.1093262059148],[6283.101901928545,1178.411865175236],[6287.708528301213,1177.0110836329404],[6290.882865571883,1174.536720332224],[6323.200352769112,1128.1552968095057],[6321.200663452735,1125.1242286469787],[6317.651477277046,1116.828947424423],[6318.554317731294,1109.0787773667835],[6273.370881814859,1156.7110874885693],[6268.39959365828,1163.0097789878491],[6268.90002966905,1166.7473638760857]]]}},{"type":"Feature","id":"way/166551805","properties":{"osm_ids":"way/166551805","polygon":"","kind":"cemetery","town":"Châu Phú","name":"Nghĩa Trang liệt sĩ H.Châu Phú","scope":"grounds","source":"https://www.openstreetmap.org/way/166551805","estimate":"yes","notes":"Cached OSM yards_landuse.json; exact mapped geometry, not surveyed. Scope=grounds; do not expand to surrounding grounds.","area_m2":13165.4,"method":"OSM mapped polygon; semantic interpretation estimated","tags":{"landuse":"cemetery","name":"Nghĩa Trang liệt sĩ H.Châu Phú"}},"geometry":{"type":"Polygon","coordinates":[[[4939.966255537234,3207.5046261965763],[4849.0511847354355,3147.39067259524],[4777.973731268954,3250.5341251241043],[4868.302055842592,3304.8205251733307],[4939.966255537234,3207.5046261965763]]]}},{"type":"Feature","id":"way/166551820","properties":{"osm_ids":"way/166551820","polygon":"","kind":"marketplace","town":"Châu Phú","name":"chợ Vịnh Tre","scope":"grounds","source":"https://www.openstreetmap.org/way/166551820","estimate":"yes","notes":"Cached OSM yards_landuse.json; exact mapped geometry, not surveyed. Scope=grounds; do not expand to surrounding grounds.","area_m2":8064.6,"method":"OSM mapped polygon; semantic interpretation estimated","tags":{"amenity":"marketplace","name":"chợ Vịnh Tre"}},"geometry":{"type":"Polygon","coordinates":[[[3808.2978435767,5038.475985172903],[3824.016637541412,5005.59249156015],[3614.5251357506495,4907.233505815035],[3604.2757799398387,4939.999128767522],[3808.2978435767,5038.475985172903]]]}},{"type":"Feature","id":"way/166560818","properties":{"osm_ids":"way/166560818","polygon":"","kind":"school","town":"Long Xuyên","name":"Trường Trung học phổ thông chuyên Thoại Ngọc Hầu","scope":"grounds","source":"https://www.openstreetmap.org/way/166560818","estimate":"yes","notes":"Cached OSM yards_landuse.json; exact mapped geometry, not surveyed. Scope=grounds; do not expand to surrounding grounds.","area_m2":13041.9,"method":"OSM mapped polygon; semantic interpretation estimated","tags":{"addr:housenumber":"1321","addr:street":"Đường Trần Hưng Đạo","amenity":"school","name":"Trường Trung học phổ thông chuyên Thoại Ngọc Hầu"}},"geometry":{"type":"Polygon","coordinates":[[[28713.5154168444,-20368.240677381633],[28800.867661537835,-20429.96176158823],[28725.184916352504,-20527.466611688025],[28713.327626811923,-20526.045533925993],[28643.54399416421,-20463.725123606855],[28713.5154168444,-20368.240677381633]]]}},{"type":"Feature","id":"way/166570947","properties":{"osm_ids":"way/166570947","polygon":"","kind":"pitch","town":"Châu Phú","name":"sân banh","scope":"grounds","source":"https://www.openstreetmap.org/way/166570947","estimate":"yes","notes":"Cached OSM yards_landuse.json; exact mapped geometry, not surveyed. Scope=grounds; do not expand to surrounding grounds.","area_m2":674.5,"method":"OSM mapped polygon; semantic interpretation estimated","tags":{"leisure":"pitch","name":"sân banh","sport":"soccer"}},"geometry":{"type":"Polygon","coordinates":[[[4443.88081984251,147.94222519686446],[4431.690580586204,136.66689735255204],[4402.198939479713,164.8193035661243],[4416.8623343328945,175.03487462573685],[4443.88081984251,147.94222519686446]]]}},{"type":"Feature","id":"way/168663802","properties":{"osm_ids":"way/168663802","polygon":"","kind":"school","town":"Long Xuyên","name":"Trường Trung học cơ sở Bình Khánh","scope":"grounds","source":"https://www.openstreetmap.org/way/168663802","estimate":"yes","notes":"Cached OSM yards_landuse.json; exact mapped geometry, not surveyed. Scope=grounds; do not expand to surrounding grounds.","area_m2":16547.8,"method":"OSM mapped polygon; semantic interpretation estimated","tags":{"amenity":"school","name":"Trường Trung học cơ sở Bình Khánh"}},"geometry":{"type":"Polygon","coordinates":[[[26560.41425491846,-19554.86183016654],[26607.51608154096,-19645.82033724198],[26434.91801423533,-19683.375360500533],[26410.125641960884,-19584.238443975803],[26560.41425491846,-19554.86183016654]]]}},{"type":"Feature","id":"way/168666455","properties":{"osm_ids":"way/168666455","polygon":"","kind":"school","town":"Long Xuyên","name":"Trường Trung học phổ thông Long Xuyên","scope":"grounds","source":"https://www.openstreetmap.org/way/168666455","estimate":"yes","notes":"Cached OSM yards_landuse.json; exact mapped geometry, not surveyed. Scope=grounds; do not expand to surrounding grounds.","area_m2":5885.2,"method":"OSM mapped polygon; semantic interpretation estimated","tags":{"amenity":"school","name":"Trường Trung học phổ thông Long Xuyên"}},"geometry":{"type":"Polygon","coordinates":[[[29044.51579952857,-21003.667997310404],[29072.507159852306,-21035.34050287609],[28971.272238390404,-21123.958292461],[28941.2746862527,-21090.16554972995],[29044.51579952857,-21003.667997310404]]]}},{"type":"Feature","id":"way/168666458","properties":{"osm_ids":"way/168666458","polygon":"","kind":"school","town":"Long Xuyên","name":"Tiểu Học Châu Văn Liêm","scope":"grounds","source":"https://www.openstreetmap.org/way/168666458","estimate":"yes","notes":"Cached OSM yards_landuse.json; exact mapped geometry, not surveyed. Scope=grounds; do not expand to surrounding grounds.","area_m2":6165.9,"method":"OSM mapped polygon; semantic interpretation estimated","tags":{"amenity":"school","name":"Tiểu Học Châu Văn Liêm"}},"geometry":{"type":"Polygon","coordinates":[[[29046.979683625395,-21091.180242429953],[29093.444723787485,-21143.05027322215],[29021.29764986632,-21201.486639573937],[28980.120030257734,-21149.620258037932],[29046.979683625395,-21091.180242429953]]]}},{"type":"Feature","id":"way/168666460","properties":{"osm_ids":"way/168666460","polygon":"","kind":"school","town":"Long Xuyên","name":"Tiểu học Nguyễn Bỉnh Khiêm","scope":"grounds","source":"https://www.openstreetmap.org/way/168666460","estimate":"yes","notes":"Cached OSM yards_landuse.json; exact mapped geometry, not surveyed. Scope=grounds; do not expand to surrounding grounds.","area_m2":3779.1,"method":"OSM mapped polygon; semantic interpretation estimated","tags":{"amenity":"school","name":"Tiểu học Nguyễn Bỉnh Khiêm"}},"geometry":{"type":"Polygon","coordinates":[[[29826.93682922155,-20794.74877894926],[29875.788398930104,-20822.808833322255],[29844.59666616493,-20882.051693705376],[29794.47890428221,-20848.840837618103],[29826.93682922155,-20794.74877894926]]]}},{"type":"Feature","id":"way/168666472","properties":{"osm_ids":"way/168666472","polygon":"","kind":"school","town":"Long Xuyên","name":"Trường Trung học phổ thông Chưởng Binh Lễ","scope":"grounds","source":"https://www.openstreetmap.org/way/168666472","estimate":"yes","notes":"Cached OSM yards_landuse.json; exact mapped geometry, not surveyed. Scope=grounds; do not expand to surrounding grounds.","area_m2":2028.0,"method":"OSM mapped polygon; semantic interpretation estimated","tags":{"amenity":"school","name":"Trường Trung học phổ thông Chưởng Binh Lễ"}},"geometry":{"type":"Polygon","coordinates":[[[28716.34464660741,-20292.35302156792],[28724.727397650713,-20298.555477259913],[28728.06908323581,-20300.695921042934],[28724.922261573374,-20304.924004953355],[28738.89342103433,-20315.187714058673],[28709.20641750598,-20355.243651532568],[28703.644770706072,-20362.67051205528],[28686.703920316184,-20350.133146085544],[28682.824969977257,-20355.31312960433],[28674.03676072776,-20348.801627283683],[28716.34464660741,-20292.35302156792]]]}},{"type":"Feature","id":"way/168666476","properties":{"osm_ids":"way/168666476","polygon":"","kind":"school","town":"Long Xuyên","name":"Tiểu học Chu Văn An","scope":"grounds","source":"https://www.openstreetmap.org/way/168666476","estimate":"yes","notes":"Cached OSM yards_landuse.json; exact mapped geometry, not surveyed. Scope=grounds; do not expand to surrounding grounds.","area_m2":3253.6,"method":"OSM mapped polygon; semantic interpretation estimated","tags":{"amenity":"school","name":"Tiểu học Chu Văn An"}},"geometry":{"type":"Polygon","coordinates":[[[28294.158763164072,-21106.810220428975],[28343.513207843876,-21118.99395243381],[28337.129577563843,-21182.00503706583],[28286.023538566893,-21169.82368105091],[28294.158763164072,-21106.810220428975]]]}},{"type":"Feature","id":"way/168666478","properties":{"osm_ids":"way/168666478","polygon":"","kind":"park","town":"Long Xuyên","name":"Công viên Hai Bà Trưng","scope":"grounds","source":"https://www.openstreetmap.org/way/168666478","estimate":"yes","notes":"Cached OSM yards_landuse.json; exact mapped geometry, not surveyed. Scope=grounds; do not expand to surrounding grounds.","area_m2":9957.6,"method":"OSM mapped polygon; semantic interpretation estimated","tags":{"leisure":"park","name":"Công viên Hai Bà Trưng"}},"geometry":{"type":"Polygon","coordinates":[[[29103.371875578072,-20597.3433863034],[29174.863606641535,-20690.653149632737],[29193.67033559084,-20714.355207275366],[29312.202690931736,-20855.907066314016],[29283.268199106562,-20878.10548073915],[29210.422596845077,-20779.94380624895],[29080.222491929075,-20615.33197328006],[29103.371875578072,-20597.3433863034]]]}},{"type":"Feature","id":"way/168666489","properties":{"osm_ids":"way/168666489","polygon":"","kind":"park","town":"Long Xuyên","name":"Công viên Nguyễn Huệ","scope":"grounds","source":"https://www.openstreetmap.org/way/168666489","estimate":"yes","notes":"Cached OSM yards_landuse.json; exact mapped geometry, not surveyed. Scope=grounds; do not expand to surrounding grounds.","area_m2":15650.0,"method":"OSM mapped polygon; semantic interpretation estimated","tags":{"addr:city":"Long Xuyên","addr:province":"An Giang","addr:subdistrict":"Mỹ Long","leisure":"park","name":"Công viên Nguyễn Huệ","opening_hours":"24/7","operator":"Long Xuyên - An Giang"}},"geometry":{"type":"Polygon","coordinates":[[[29135.493498205557,-20726.200615128502],[29243.255021050456,-20640.392698803218],[29382.097732171882,-20525.958852198906],[29396.551426024525,-20536.641798513476],[29260.369272485375,-20659.28730705916],[28960.78244018648,-20908.35148503608],[28927.662495131488,-20920.106575602666],[28941.470493773,-20883.40057113301],[29135.493498205557,-20726.200615128502]]]}},{"type":"Feature","id":"way/168666503","properties":{"osm_ids":"way/168666503","polygon":"","kind":"park","town":"Long Xuyên","name":"Công viên 8/3","scope":"grounds","source":"https://www.openstreetmap.org/way/168666503","estimate":"yes","notes":"Cached OSM yards_landuse.json; exact mapped geometry, not surveyed. Scope=grounds; do not expand to surrounding grounds.","area_m2":12490.7,"method":"OSM mapped polygon; semantic interpretation estimated","tags":{"leisure":"park","name":"Công viên 8/3"}},"geometry":{"type":"Polygon","coordinates":[[[28733.310346708284,-20537.55040588486],[28860.254707317916,-20359.391821310623],[28912.693027214613,-20409.517872536555],[28760.516434025136,-20563.850552773336],[28749.815351095633,-20575.320281466702],[28726.893594781402,-20552.032771090744],[28733.310346708284,-20537.55040588486]]]}},{"type":"Feature","id":"way/168666509","properties":{"osm_ids":"way/168666509","polygon":"","kind":"school","town":"Long Xuyên","name":"Trường Trung học cơ sở Nguyễn Trãi","scope":"grounds","source":"https://www.openstreetmap.org/way/168666509","estimate":"yes","notes":"Cached OSM yards_landuse.json; exact mapped geometry, not surveyed. Scope=grounds; do not expand to surrounding grounds.","area_m2":4874.7,"method":"OSM mapped polygon; semantic interpretation estimated","tags":{"amenity":"school","name":"Trường Trung học cơ sở Nguyễn Trãi"}},"geometry":{"type":"Polygon","coordinates":[[[29156.17641381244,-21068.284664920764],[29082.855857037473,-21124.975805755705],[29049.327617268427,-21087.096979688387],[29124.996048316825,-21026.311581771588],[29156.17641381244,-21068.284664920764]]]}},{"type":"Feature","id":"way/168666513","properties":{"osm_ids":"way/168666513","polygon":"","kind":"school","town":"Long Xuyên","name":"Trường Tiểu học Nguyễn Du","scope":"grounds","source":"https://www.openstreetmap.org/way/168666513","estimate":"yes","notes":"Cached OSM yards_landuse.json; exact mapped geometry, not surveyed. Scope=grounds; do not expand to surrounding grounds.","area_m2":9391.2,"method":"OSM mapped polygon; semantic interpretation estimated","tags":{"amenity":"school","name":"Trường Tiểu học Nguyễn Du"}},"geometry":{"type":"Polygon","coordinates":[[[28776.62434506952,-20281.75482161157],[28786.159888409195,-20282.471432077233],[28851.306231022463,-20355.755387775134],[28810.12866971374,-20414.148623519344],[28800.289204987697,-20415.33423059364],[28720.291215294623,-20360.1376703009],[28776.62434506952,-20281.75482161157]]]}},{"type":"Feature","id":"way/168666646","properties":{"osm_ids":"way/168666646","polygon":"","kind":"school","town":"Long Xuyên","name":"Trường Trung học phổ thông Buì Hữu Nghĩa","scope":"grounds","source":"https://www.openstreetmap.org/way/168666646","estimate":"yes","notes":"Cached OSM yards_landuse.json; exact mapped geometry, not surveyed. Scope=grounds; do not expand to surrounding grounds.","area_m2":8837.1,"method":"OSM mapped polygon; semantic interpretation estimated","tags":{"amenity":"school","name":"Trường Trung học phổ thông Buì Hữu Nghĩa"}},"geometry":{"type":"Polygon","coordinates":[[[29811.384211754426,-21792.582679827465],[29860.645509708324,-21745.25598033145],[29945.909950760775,-21828.560476514976],[29888.43882440636,-21884.069941047346],[29811.384211754426,-21792.582679827465]]]}},{"type":"Feature","id":"way/168666904","properties":{"osm_ids":"way/168666904","polygon":"","kind":"marketplace","town":"Long Xuyên","name":"Chợ Xẻo Trôm","scope":"grounds","source":"https://www.openstreetmap.org/way/168666904","estimate":"yes","notes":"Cached OSM yards_landuse.json; exact mapped geometry, not surveyed. Scope=grounds; do not expand to surrounding grounds.","area_m2":4182.2,"method":"OSM mapped polygon; semantic interpretation estimated","tags":{"amenity":"marketplace","name":"Chợ Xẻo Trôm"}},"geometry":{"type":"Polygon","coordinates":[[[28935.396861358546,-22659.91506017791],[28955.400562088005,-22709.477756128646],[28882.70568673103,-22738.43663062039],[28862.702076341142,-22688.873897362733],[28935.396861358546,-22659.91506017791]]]}},{"type":"Feature","id":"way/168666907","properties":{"osm_ids":"way/168666907","polygon":"","kind":"park","town":"Long Xuyên","name":"Công viên Xẻo Trôm","scope":"grounds","source":"https://www.openstreetmap.org/way/168666907","estimate":"yes","notes":"Cached OSM yards_landuse.json; exact mapped geometry, not surveyed. Scope=grounds; do not expand to surrounding grounds.","area_m2":16893.9,"method":"OSM mapped polygon; semantic interpretation estimated","tags":{"leisure":"park","name":"Công viên Xẻo Trôm"}},"geometry":{"type":"Polygon","coordinates":[[[29005.857910364517,-22559.431892146124],[29085.827145918156,-22732.29582833289],[29346.898680108832,-22627.67758955527],[29354.873865288682,-22647.325710572535],[29069.162180899293,-22761.807721571764],[28809.314327432192,-22865.935604974395],[28801.284460197203,-22846.132650998654],[29063.079756815452,-22741.228141175816],[28985.19809852529,-22565.85135060968],[29005.857910364517,-22559.431892146124]]]}},{"type":"Feature","id":"way/168667160","properties":{"osm_ids":"way/168667160","polygon":"","kind":"school","town":"Long Xuyên","name":"Tiểu học Lê Hồng Phong","scope":"grounds","source":"https://www.openstreetmap.org/way/168667160","estimate":"yes","notes":"Cached OSM yards_landuse.json; exact mapped geometry, not surveyed. Scope=grounds; do not expand to surrounding grounds.","area_m2":6984.0,"method":"OSM mapped polygon; semantic interpretation estimated","tags":{"amenity":"school","name":"Tiểu học Lê Hồng Phong"}},"geometry":{"type":"Polygon","coordinates":[[[31934.118758190423,-24638.24867298873],[31995.506123399944,-24684.04513389268],[31925.708358760574,-24748.918988365447],[31868.082548186765,-24699.98778920318],[31934.118758190423,-24638.24867298873]]]}},{"type":"Feature","id":"way/168667162","properties":{"osm_ids":"way/168667162","polygon":"","kind":"marketplace","town":"Long Xuyên","name":"Chợ Cái Sao","scope":"grounds","source":"https://www.openstreetmap.org/way/168667162","estimate":"yes","notes":"Cached OSM yards_landuse.json; exact mapped geometry, not surveyed. Scope=grounds; do not expand to surrounding grounds.","area_m2":612.2,"method":"OSM mapped polygon; semantic interpretation estimated","tags":{"amenity":"marketplace","name":"Chợ Cái Sao"}},"geometry":{"type":"Polygon","coordinates":[[[32114.989600767614,-24658.858998198994],[32123.478745308938,-24676.736685885116],[32091.776716740802,-24686.70133537473],[32085.292513246415,-24669.793709774036],[32114.989600767614,-24658.858998198994]]]}},{"type":"Feature","id":"way/168667163","properties":{"osm_ids":"way/168667163","polygon":"","kind":"school","town":"Long Xuyên","name":"Tiểu học Trần Quang Khải","scope":"grounds","source":"https://www.openstreetmap.org/way/168667163","estimate":"yes","notes":"Cached OSM yards_landuse.json; exact mapped geometry, not surveyed. Scope=grounds; do not expand to surrounding grounds.","area_m2":2235.9,"method":"OSM mapped polygon; semantic interpretation estimated","tags":{"amenity":"school","name":"Tiểu học Trần Quang Khải"}},"geometry":{"type":"Polygon","coordinates":[[[31311.279786635307,-24492.727627837332],[31343.76211107301,-24537.781931080623],[31310.97361483716,-24561.126346224686],[31278.480365746305,-24516.07202979154],[31311.279786635307,-24492.727627837332]]]}},{"type":"Feature","id":"way/168667164","properties":{"osm_ids":"way/168667164","polygon":"","kind":"school","town":"Long Xuyên","name":"Trường Trung học phổ thông Mỹ Thới","scope":"grounds","source":"https://www.openstreetmap.org/way/168667164","estimate":"yes","notes":"Cached OSM yards_landuse.json; exact mapped geometry, not surveyed. Scope=grounds; do not expand to surrounding grounds.","area_m2":6897.4,"method":"OSM mapped polygon; semantic interpretation estimated","tags":{"amenity":"school","name":"Trường Trung học phổ thông Mỹ Thới"}},"geometry":{"type":"Polygon","coordinates":[[[31892.89876557514,-24802.648496075533],[31849.534345680964,-24863.39244020544],[31768.978745484957,-24804.001523780404],[31800.620484300307,-24752.606863091933],[31892.89876557514,-24802.648496075533]]]}},{"type":"Feature","id":"way/168667165","properties":{"osm_ids":"way/168667165","polygon":"","kind":"school","town":"Long Xuyên","name":"Trường Trung học cơ sở Mỹ Quý","scope":"grounds","source":"https://www.openstreetmap.org/way/168667165","estimate":"yes","notes":"Cached OSM yards_landuse.json; exact mapped geometry, not surveyed. Scope=grounds; do not expand to surrounding grounds.","area_m2":4925.3,"method":"OSM mapped polygon; semantic interpretation estimated","tags":{"amenity":"school","name":"Trường Trung học cơ sở Mỹ Quý"}},"geometry":{"type":"Polygon","coordinates":[[[29767.46872329805,-22723.251746302936],[29816.047628619825,-22773.56996730808],[29756.789197443635,-22812.739468401298],[29749.968950183596,-22804.96495807031],[29710.539499564213,-22744.925828487612],[29767.46872329805,-22723.251746302936]]]}},{"type":"Feature","id":"way/169406490","properties":{"osm_ids":"way/169406490","polygon":"","kind":"school","town":"province rural","name":"Trường Trung học cơ sở Nguyễn Huệ","scope":"grounds","source":"https://www.openstreetmap.org/way/169406490","estimate":"yes","notes":"Cached OSM yards_landuse.json; exact mapped geometry, not surveyed. Scope=grounds; do not expand to surrounding grounds.","area_m2":11052.9,"method":"OSM mapped polygon; semantic interpretation estimated","tags":{"addr:street":"Trần Hưng Đạo","amenity":"school","name":"Trường Trung học cơ sở Nguyễn Huệ"}},"geometry":{"type":"Polygon","coordinates":[[[33764.99844619061,-26565.018468854018],[33838.570734061184,-26664.099126778543],[33761.68745236378,-26721.225294019794],[33697.56884272245,-26639.81028753519],[33764.99844619061,-26565.018468854018]]]}},{"type":"Feature","id":"way/169406492","properties":{"osm_ids":"way/169406492","polygon":"","kind":"school","town":"province rural","name":"Tiểu học Trần Phú","scope":"grounds","source":"https://www.openstreetmap.org/way/169406492","estimate":"yes","notes":"Cached OSM yards_landuse.json; exact mapped geometry, not surveyed. Scope=grounds; do not expand to surrounding grounds.","area_m2":5731.0,"method":"OSM mapped polygon; semantic interpretation estimated","tags":{"addr:district":"Long Xuyên","addr:province":"An Giang","addr:street":"Trần Hưng Đạo","addr:subdistrict":"Mỹ Thạnh","amenity":"school","name":"Tiểu học Trần Phú"}},"geometry":{"type":"Polygon","coordinates":[[[34048.46558865602,-26805.586089153774],[34099.49154310406,-26758.23986157775],[34153.579505156726,-26816.32819818752],[34100.24894256506,-26867.359984063776],[34048.46558865602,-26805.586089153774]]]}},{"type":"Feature","id":"way/169414130","properties":{"osm_ids":"way/169414130","polygon":"","kind":"school","town":"Long Xuyên","name":"Trường Trung học cơ sở Mỹ Thới","scope":"grounds","source":"https://www.openstreetmap.org/way/169414130","estimate":"yes","notes":"Cached OSM yards_landuse.json; exact mapped geometry, not surveyed. Scope=grounds; do not expand to surrounding grounds.","area_m2":9673.7,"method":"OSM mapped polygon; semantic interpretation estimated","tags":{"amenity":"school","name":"Trường Trung học cơ sở Mỹ Thới"}},"geometry":{"type":"Polygon","coordinates":[[[30940.438564762822,-24882.79795078817],[31023.872844204074,-24866.45759481052],[31051.03961912333,-24976.11444844585],[30961.73183808569,-24988.958238763502],[30940.438564762822,-24882.79795078817]]]}},{"type":"Feature","id":"way/169418761","properties":{"osm_ids":"way/169418761","polygon":"","kind":"school","town":"Long Xuyên","name":"Trường Tiểu học Lê Lợi","scope":"grounds","source":"https://www.openstreetmap.org/way/169418761","estimate":"yes","notes":"Cached OSM yards_landuse.json; exact mapped geometry, not surveyed. Scope=grounds; do not expand to surrounding grounds.","area_m2":2873.9,"method":"OSM mapped polygon; semantic interpretation estimated","tags":{"amenity":"school","grades":"1-5","name":"Trường Tiểu học Lê Lợi"}},"geometry":{"type":"Polygon","coordinates":[[[28683.638105310965,-19928.005584006896],[28710.06144057028,-19902.94734988804],[28746.454222331173,-19947.323996520834],[28742.889151663752,-19949.87200589734],[28703.68667714158,-19979.636004363652],[28673.79282892449,-19940.77884156257],[28671.76446175261,-19938.415447789943],[28683.638105310965,-19928.005584006896]]]}},{"type":"Feature","id":"way/169419352","properties":{"osm_ids":"way/169419352","polygon":"","kind":"school","town":"Long Xuyên","name":"Trường Tiểu học Lê Văn Nhung","scope":"grounds","source":"https://www.openstreetmap.org/way/169419352","estimate":"yes","notes":"Cached OSM yards_landuse.json; exact mapped geometry, not surveyed. Scope=grounds; do not expand to surrounding grounds.","area_m2":4665.3,"method":"OSM mapped polygon; semantic interpretation estimated","tags":{"amenity":"school","name":"Trường Tiểu học Lê Văn Nhung"}},"geometry":{"type":"Polygon","coordinates":[[[28170.051579611143,-20574.411319993204],[28200.20219549304,-20608.945292265387],[28136.177905843593,-20667.777870316757],[28132.151286226464,-20661.049676618073],[28123.042307363474,-20644.023335621925],[28116.0052497125,-20629.183447887888],[28105.151478772634,-20600.95880676969],[28170.051579611143,-20574.411319993204]]]}},{"type":"Feature","id":"way/169420983","properties":{"osm_ids":"way/169420983","polygon":"","kind":"school","town":"Long Xuyên","name":"Tiểu học Phạm Hồng Thái","scope":"grounds","source":"https://www.openstreetmap.org/way/169420983","estimate":"yes","notes":"Cached OSM yards_landuse.json; exact mapped geometry, not surveyed. Scope=grounds; do not expand to surrounding grounds.","area_m2":2562.2,"method":"OSM mapped polygon; semantic interpretation estimated","tags":{"amenity":"school","name":"Tiểu học Phạm Hồng Thái"}},"geometry":{"type":"Polygon","coordinates":[[[26185.348154352512,-21688.93737510871],[26254.77216824901,-21712.276442250703],[26242.62164162658,-21746.42492822418],[26172.426076969947,-21719.09530042461],[26185.348154352512,-21688.93737510871]]]}},{"type":"Feature","id":"way/169420984","properties":{"osm_ids":"way/169420984","polygon":"","kind":"school","town":"Long Xuyên","name":"Trường Trung học cơ sở Mạc Đỉnh Chi","scope":"grounds","source":"https://www.openstreetmap.org/way/169420984","estimate":"yes","notes":"Cached OSM yards_landuse.json; exact mapped geometry, not surveyed. Scope=grounds; do not expand to surrounding grounds.","area_m2":2879.6,"method":"OSM mapped polygon; semantic interpretation estimated","tags":{"amenity":"school","name":"Trường Trung học cơ sở Mạc Đỉnh Chi"}},"geometry":{"type":"Polygon","coordinates":[[[26276.90248659544,-21683.510692092823],[26267.023155533127,-21713.189238023246],[26178.89045454201,-21681.360755614936],[26188.190980781103,-21652.700225214474],[26276.90248659544,-21683.510692092823]]]}},{"type":"Feature","id":"way/169424198","properties":{"osm_ids":"way/169424198","polygon":"","kind":"school","town":"An Châu","name":"Tiểu học B Nhơn Mỹ","scope":"grounds","source":"https://www.openstreetmap.org/way/169424198","estimate":"yes","notes":"Cached OSM yards_landuse.json; exact mapped geometry, not surveyed. Scope=grounds; do not expand to surrounding grounds.","area_m2":2599.6,"method":"OSM mapped polygon; semantic interpretation estimated","tags":{"amenity":"school","name":"Tiểu học B Nhơn Mỹ"}},"geometry":{"type":"Polygon","coordinates":[[[24823.92929453624,-12975.288420920726],[24807.505908566178,-13030.05220017396],[24785.18376532942,-13024.82856015605],[24794.01018384262,-12994.576621773886],[24750.544242995908,-12981.219841016224],[24760.436492563225,-12954.283635962522],[24823.92929453624,-12975.288420920726]]]}},{"type":"Feature","id":"way/169424199","properties":{"osm_ids":"way/169424199","polygon":"","kind":"school","town":"An Châu","name":"Trường Trung học cơ sở An Châu","scope":"grounds","source":"https://www.openstreetmap.org/way/169424199","estimate":"yes","notes":"Cached OSM yards_landuse.json; exact mapped geometry, not surveyed. Scope=grounds; do not expand to surrounding grounds.","area_m2":2791.5,"method":"OSM mapped polygon; semantic interpretation estimated","tags":{"amenity":"school","name":"Trường Trung học cơ sở An Châu"}},"geometry":{"type":"Polygon","coordinates":[[[23989.056054365938,-14415.310754724778],[24014.9688376541,-14438.077774449019],[23952.755606910097,-14497.01132113603],[23929.243432122865,-14477.215574477334],[23989.056054365938,-14415.310754724778]]]}},{"type":"Feature","id":"way/169424210","properties":{"osm_ids":"way/169424210","polygon":"","kind":"marketplace","town":"An Châu","name":"Chợ An Châu","scope":"grounds","source":"https://www.openstreetmap.org/way/169424210","estimate":"yes","notes":"Cached OSM yards_landuse.json; exact mapped geometry, not surveyed. Scope=grounds; do not expand to surrounding grounds.","area_m2":3511.9,"method":"OSM mapped polygon; semantic interpretation estimated","tags":{"amenity":"marketplace","name":"Chợ An Châu"}},"geometry":{"type":"Polygon","coordinates":[[[23544.486007233616,-13844.209212885471],[23515.19807701488,-13906.075625999365],[23464.741791719454,-13886.943074964453],[23501.013073010487,-13825.598821303342],[23544.486007233616,-13844.209212885471]]]}},{"type":"Feature","id":"way/169426940","properties":{"osm_ids":"way/169426940","polygon":"","kind":"cemetery","town":"An Châu","name":"Nghĩa Trang tỉnh An Giang","scope":"grounds","source":"https://www.openstreetmap.org/way/169426940","estimate":"yes","notes":"Cached OSM yards_landuse.json; exact mapped geometry, not surveyed. Scope=grounds; do not expand to surrounding grounds.","area_m2":56515.6,"method":"OSM mapped polygon; semantic interpretation estimated","tags":{"landuse":"cemetery","name":"Nghĩa Trang tỉnh An Giang"}},"geometry":{"type":"Polygon","coordinates":[[[21555.522318256437,-13493.673070971621],[21560.029521220946,-13473.477878612466],[21725.727489638957,-13491.304973158287],[21741.661306804395,-13517.955342919333],[21797.446604043944,-13528.393323597731],[21800.439849734423,-13579.129856937332],[21834.564212421887,-13587.934912050143],[21836.3088084138,-13619.345475279493],[21784.04066400684,-13612.39736363059],[21784.67336745723,-13601.406063223258],[21739.465827136766,-13595.62155077653],[21736.649846959044,-13750.122824581573],[21522.32478660741,-13723.540665551322],[21555.522318256437,-13493.673070971621]]]}},{"type":"Feature","id":"way/169426941","properties":{"osm_ids":"way/169426941","polygon":"","kind":"school","town":"An Châu","name":"Trường Trung học cơ sở Quản Cơ Thành","scope":"grounds","source":"https://www.openstreetmap.org/way/169426941","estimate":"yes","notes":"Cached OSM yards_landuse.json; exact mapped geometry, not surveyed. Scope=grounds; do not expand to surrounding grounds.","area_m2":5015.7,"method":"OSM mapped polygon; semantic interpretation estimated","tags":{"amenity":"school","name":"Trường Trung học cơ sở Quản Cơ Thành"}},"geometry":{"type":"Polygon","coordinates":[[[18347.440315246233,-11692.127665134845],[18390.894675266463,-11749.144885389134],[18324.005247574532,-11788.889650203986],[18289.315404816414,-11740.509305832209],[18347.440315246233,-11692.127665134845]]]}},{"type":"Feature","id":"way/169426942","properties":{"osm_ids":"way/169426942","polygon":"","kind":"school","town":"An Châu","name":"Trường Trung học phổ thông Nguyễn Bỉnh Khiêm","scope":"grounds","source":"https://www.openstreetmap.org/way/169426942","estimate":"yes","notes":"Cached OSM yards_landuse.json; exact mapped geometry, not surveyed. Scope=grounds; do not expand to surrounding grounds.","area_m2":8840.8,"method":"OSM mapped polygon; semantic interpretation estimated","tags":{"amenity":"school","name":"Trường Trung học phổ thông Nguyễn Bỉnh Khiêm"}},"geometry":{"type":"Polygon","coordinates":[[[22400.610161235207,-13849.86022245977],[22370.342948650476,-13918.172937898198],[22343.546478979406,-13942.08801415586],[22313.910775577067,-13962.21395860659],[22267.50428817235,-13942.787345976569],[22327.74029453576,-13839.941259071697],[22400.610161235207,-13849.86022245977]]]}},{"type":"Feature","id":"way/169956801","properties":{"osm_ids":"way/169956801","polygon":"","kind":"school","town":"Long Xuyên","name":"Tiểu học Trần Quốc Toản","scope":"grounds","source":"https://www.openstreetmap.org/way/169956801","estimate":"yes","notes":"Cached OSM yards_landuse.json; exact mapped geometry, not surveyed. Scope=grounds; do not expand to surrounding grounds.","area_m2":3910.4,"method":"OSM mapped polygon; semantic interpretation estimated","tags":{"amenity":"school","name":"Tiểu học Trần Quốc Toản"}},"geometry":{"type":"Polygon","coordinates":[[[24284.737977180514,-22205.406064240262],[24358.694409136893,-22176.720668917522],[24378.10908144887,-22224.71638849005],[24309.458098320756,-22250.29927670979],[24284.737977180514,-22205.406064240262]]]}},{"type":"Feature","id":"way/169957672","properties":{"osm_ids":"way/169957672","polygon":"","kind":"school","town":"province rural","name":"Trường Trung học phổ thông Vĩnh Trạch","scope":"grounds","source":"https://www.openstreetmap.org/way/169957672","estimate":"yes","notes":"Cached OSM yards_landuse.json; exact mapped geometry, not surveyed. Scope=grounds; do not expand to surrounding grounds.","area_m2":9729.9,"method":"OSM mapped polygon; semantic interpretation estimated","tags":{"amenity":"school","name":"Trường Trung học phổ thông Vĩnh Trạch"}},"geometry":{"type":"Polygon","coordinates":[[[15543.931026086677,-24233.70294859796],[15568.812353530899,-24230.759204218863],[15587.233922705054,-24227.235868282383],[15613.750583525049,-24327.28417855967],[15506.596750240773,-24352.467539661564],[15518.232604409917,-24229.64855892118],[15543.931026086677,-24233.70294859796]]]}},{"type":"Feature","id":"way/169957673","properties":{"osm_ids":"way/169957673","polygon":"","kind":"school","town":"province rural","name":"Trường Trung học cơ sở Vĩnh Trạch","scope":"grounds","source":"https://www.openstreetmap.org/way/169957673","estimate":"yes","notes":"Cached OSM yards_landuse.json; exact mapped geometry, not surveyed. Scope=grounds; do not expand to surrounding grounds.","area_m2":4841.9,"method":"OSM mapped polygon; semantic interpretation estimated","tags":{"amenity":"school","name":"Trường Trung học cơ sở Vĩnh Trạch"}},"geometry":{"type":"Polygon","coordinates":[[[15521.613829561975,-24172.946136689046],[15512.88287544169,-24156.292279430432],[15497.340510553448,-24126.675609246595],[15495.750082118553,-24123.6476372655],[15517.231552447425,-24103.668838029495],[15540.047396937036,-24082.461396829924],[15549.176909934147,-24092.580306020798],[15543.16244840785,-24099.397254305426],[15587.501431116601,-24166.069606368896],[15529.32468444563,-24187.621846331516],[15521.613829561975,-24172.946136689046]]]}},{"type":"Feature","id":"way/170057718","properties":{"osm_ids":"way/170057718","polygon":"","kind":"marketplace","town":"Tri Tôn","name":"Chợ Tri Tôn","scope":"grounds","source":"https://www.openstreetmap.org/way/170057718","estimate":"yes","notes":"Cached OSM yards_landuse.json; exact mapped geometry, not surveyed. Scope=grounds; do not expand to surrounding grounds.","area_m2":2610.0,"method":"OSM mapped polygon; semantic interpretation estimated","tags":{"amenity":"marketplace","name":"Chợ Tri Tôn"}},"geometry":{"type":"Polygon","coordinates":[[[-18810.154785403633,-16483.614657524042],[-18807.812359670876,-16498.78433809406],[-18953.415556831053,-16522.115113077452],[-18957.06042307132,-16502.456436858047],[-18810.154785403633,-16483.614657524042]]]}},{"type":"Feature","id":"way/170057720","properties":{"osm_ids":"way/170057720","polygon":"","kind":"school","town":"Tri Tôn","name":"Trường Trung học phổ thông Nguyên Trung Trực","scope":"grounds","source":"https://www.openstreetmap.org/way/170057720","estimate":"yes","notes":"Cached OSM yards_landuse.json; exact mapped geometry, not surveyed. Scope=grounds; do not expand to surrounding grounds.","area_m2":12509.7,"method":"OSM mapped polygon; semantic interpretation estimated","tags":{"amenity":"school","name":"Trường Trung học phổ thông Nguyên Trung Trực"}},"geometry":{"type":"Polygon","coordinates":[[[-19358.671143389947,-16547.96584860212],[-19344.57421841682,-16644.799937339034],[-19342.232085083437,-16675.128300308716],[-19427.95512125746,-16699.62930624024],[-19458.359909260063,-16571.1177979887],[-19358.671143389947,-16547.96584860212]]]}},{"type":"Feature","id":"way/170058710","properties":{"osm_ids":"way/170058710","polygon":"","kind":"school","town":"Phú Tân","name":"Tiêủ học Mỹ Hôị Đông","scope":"grounds","source":"https://www.openstreetmap.org/way/170058710","estimate":"yes","notes":"Cached OSM yards_landuse.json; exact mapped geometry, not surveyed. Scope=grounds; do not expand to surrounding grounds.","area_m2":4624.9,"method":"OSM mapped polygon; semantic interpretation estimated","tags":{"amenity":"school","name":"Tiêủ học Mỹ Hôị Đông"}},"geometry":{"type":"Polygon","coordinates":[[[17075.21653556684,-3383.9552867275197],[17081.28279511584,-3398.8756901538],[16959.075596319628,-3445.8860556106083],[16961.5979807165,-3451.4892456822563],[16908.612625199603,-3464.603285166435],[16920.309520498733,-3423.7688795526046],[17075.21653556684,-3383.9552867275197]]]}},{"type":"Feature","id":"way/170058841","properties":{"osm_ids":"way/170058841","polygon":"","kind":"school","town":"province rural","name":"Trường Trung học cơ sở Bình Thủy","scope":"grounds","source":"https://www.openstreetmap.org/way/170058841","estimate":"yes","notes":"Cached OSM yards_landuse.json; exact mapped geometry, not surveyed. Scope=grounds; do not expand to surrounding grounds.","area_m2":4042.1,"method":"OSM mapped polygon; semantic interpretation estimated","tags":{"amenity":"school","name":"Trường Trung học cơ sở Bình Thủy"}},"geometry":{"type":"Polygon","coordinates":[[[15895.846104093827,-5856.352392415283],[15906.456306580221,-5906.484493811382],[15832.413023355999,-5928.9612888782285],[15818.269845850882,-5879.982684043003],[15895.846104093827,-5856.352392415283]]]}},{"type":"Feature","id":"way/170058931","properties":{"osm_ids":"way/170058931","polygon":"","kind":"school","town":"Châu Phú","name":"Trường Trung học phổ thông Bình Mỹ","scope":"grounds","source":"https://www.openstreetmap.org/way/170058931","estimate":"yes","notes":"Cached OSM yards_landuse.json; exact mapped geometry, not surveyed. Scope=grounds; do not expand to surrounding grounds.","area_m2":11911.8,"method":"OSM mapped polygon; semantic interpretation estimated","tags":{"amenity":"school","name":"Trường Trung học phổ thông Bình Mỹ"}},"geometry":{"type":"Polygon","coordinates":[[[13074.287001741352,-2756.784352157032],[13109.046186213032,-2849.4413437221665],[13012.122405103408,-2898.4039364715572],[12960.360435542301,-2804.933549364796],[13074.287001741352,-2756.784352157032]]]}},{"type":"Feature","id":"way/170065554","properties":{"osm_ids":"way/170065554","polygon":"","kind":"school","town":"Châu Phú","name":"Trường Trung học cơ sở Bình Mỹ","scope":"grounds","source":"https://www.openstreetmap.org/way/170065554","estimate":"yes","notes":"Cached OSM yards_landuse.json; exact mapped geometry, not surveyed. Scope=grounds; do not expand to surrounding grounds.","area_m2":2689.0,"method":"OSM mapped polygon; semantic interpretation estimated","tags":{"amenity":"school","name":"Trường Trung học cơ sở Bình Mỹ"}},"geometry":{"type":"Polygon","coordinates":[[[13112.041375926696,-2858.2508454516064],[13129.673980998341,-2888.5521550858393],[13055.755788722658,-2922.4447621391155],[13035.494237854728,-2900.416427086573],[13112.041375926696,-2858.2508454516064]]]}},{"type":"Feature","id":"way/170066446","properties":{"osm_ids":"way/170066446","polygon":"","kind":"school","town":"Châu Phú","name":"Tiểu học B Bình Long","scope":"grounds","source":"https://www.openstreetmap.org/way/170066446","estimate":"yes","notes":"Cached OSM yards_landuse.json; exact mapped geometry, not surveyed. Scope=grounds; do not expand to surrounding grounds.","area_m2":6662.8,"method":"OSM mapped polygon; semantic interpretation estimated","tags":{"amenity":"school","name":"Tiểu học B Bình Long"}},"geometry":{"type":"Polygon","coordinates":[[[9455.268677503103,-1407.4066771846265],[9528.071096010739,-1438.8355612237938],[9487.284680616343,-1516.831595767755],[9418.94307628076,-1482.070783416275],[9455.268677503103,-1407.4066771846265]]]}},{"type":"Feature","id":"way/170067002","properties":{"osm_ids":"way/170067002","polygon":"","kind":"school","town":"Châu Phú","name":"Trường Trung học cơ sở Cái Dầu","scope":"grounds","source":"https://www.openstreetmap.org/way/170067002","estimate":"yes","notes":"Cached OSM yards_landuse.json; exact mapped geometry, not surveyed. Scope=grounds; do not expand to surrounding grounds.","area_m2":10220.7,"method":"OSM mapped polygon; semantic interpretation estimated","tags":{"amenity":"school","name":"Trường Trung học cơ sở Cái Dầu"}},"geometry":{"type":"Polygon","coordinates":[[[6800.519507074612,365.19522820739076],[6884.803189741098,275.52214181819],[6822.399814409786,220.78746074275114],[6739.00756819488,303.5176801220514],[6800.519507074612,365.19522820739076]]]}},{"type":"Feature","id":"way/170072124","properties":{"osm_ids":"way/170072124","polygon":"","kind":"school","town":"province rural","name":"Trường Trung học phổ thông Châu Phú","scope":"grounds","source":"https://www.openstreetmap.org/way/170072124","estimate":"yes","notes":"Cached OSM yards_landuse.json; exact mapped geometry, not surveyed. Scope=grounds; do not expand to surrounding grounds.","area_m2":12661.8,"method":"OSM mapped polygon; semantic interpretation estimated","tags":{"addr:street":"Quốc lộ 91","amenity":"school","name":"Trường Trung học phổ thông Châu Phú"}},"geometry":{"type":"Polygon","coordinates":[[[531.342559942801,10497.018845549319],[508.5162833156646,10424.583117698552],[430.6723009215784,10457.49844030221],[465.68910268036416,10593.18643875164],[553.197155116708,10566.413389788708],[531.342559942801,10497.018845549319]]]}},{"type":"Feature","id":"way/170073487","properties":{"osm_ids":"way/170073487","polygon":"","kind":"school","town":"Châu Đốc","name":"Trường Trung học phổ thông Võ Thị Sáu","scope":"grounds","source":"https://www.openstreetmap.org/way/170073487","estimate":"yes","notes":"Cached OSM yards_landuse.json; exact mapped geometry, not surveyed. Scope=grounds; do not expand to surrounding grounds.","area_m2":9275.4,"method":"OSM mapped polygon; semantic interpretation estimated","tags":{"amenity":"school","name":"Trường Trung học phổ thông Võ Thị Sáu"}},"geometry":{"type":"Polygon","coordinates":[[[-5339.6947774267755,15118.09468813357],[-5319.451679552381,15112.50823097839],[-5314.264786649204,15130.168175362749],[-5263.508459023258,15113.891270037275],[-5276.416996835149,15073.373595148325],[-5285.353723495733,15053.556011503097],[-5307.933856898686,14971.836494726595],[-5346.189098361356,14982.136831493117],[-5363.7878004323575,14992.180304310517],[-5352.21690928028,15015.061696943128],[-5343.425342840899,15042.320471235784],[-5347.974755700154,15043.335836036596],[-5344.600355932373,15054.405140668154],[-5356.499080054113,15057.706262424821],[-5339.6947774267755,15118.09468813357]]]}},{"type":"Feature","id":"way/170074066","properties":{"osm_ids":"way/170074066","polygon":"","kind":"school","town":"Châu Đốc","name":"Trường Trung học cơ sở Nguyễn Trãi","scope":"grounds","source":"https://www.openstreetmap.org/way/170074066","estimate":"yes","notes":"Cached OSM yards_landuse.json; exact mapped geometry, not surveyed. Scope=grounds; do not expand to surrounding grounds.","area_m2":4315.3,"method":"OSM mapped polygon; semantic interpretation estimated","tags":{"amenity":"school","name":"Trường Trung học cơ sở Nguyễn Trãi"}},"geometry":{"type":"Polygon","coordinates":[[[-5763.1562380901305,14956.194799283054],[-5738.77734282834,15027.134274281561],[-5678.694867371931,14987.121382590616],[-5722.314460203983,14930.979317392223],[-5763.1562380901305,14956.194799283054]]]}},{"type":"Feature","id":"way/170074249","properties":{"osm_ids":"way/170074249","polygon":"","kind":"school","town":"Châu Đốc","name":"Tiểu học Trưng Vương","scope":"grounds","source":"https://www.openstreetmap.org/way/170074249","estimate":"yes","notes":"Cached OSM yards_landuse.json; exact mapped geometry, not surveyed. Scope=grounds; do not expand to surrounding grounds.","area_m2":4446.3,"method":"OSM mapped polygon; semantic interpretation estimated","tags":{"amenity":"school","name":"Tiểu học Trưng Vương"}},"geometry":{"type":"Polygon","coordinates":[[[-6047.2302251569345,15381.429366049357],[-5976.991945405141,15429.764240111923],[-5948.689190951467,15394.061669985997],[-6015.511437897163,15334.582754760748],[-6047.2302251569345,15381.429366049357]]]}},{"type":"Feature","id":"way/170076059","properties":{"osm_ids":"way/170076059","polygon":"","kind":"school","town":"Châu Đốc","name":"Trường Trung học cơ sở Nguyễn Đình Chiểu","scope":"grounds","source":"https://www.openstreetmap.org/way/170076059","estimate":"yes","notes":"Cached OSM yards_landuse.json; exact mapped geometry, not surveyed. Scope=grounds; do not expand to surrounding grounds.","area_m2":4928.8,"method":"OSM mapped polygon; semantic interpretation estimated","tags":{"amenity":"school","name":"Trường Trung học cơ sở Nguyễn Đình Chiểu"}},"geometry":{"type":"Polygon","coordinates":[[[-6595.017956304946,16055.456835278077],[-6540.438237442053,15985.542598068714],[-6581.257854618365,15956.55832288228],[-6645.459194803552,16023.970191847533],[-6595.017956304946,16055.456835278077]]]}},{"type":"Feature","id":"way/170077110","properties":{"osm_ids":"way/170077110","polygon":"","kind":"school","town":"Châu Đốc","name":"Trường Trung học cơ sở Châu Phong","scope":"grounds","source":"https://www.openstreetmap.org/way/170077110","estimate":"yes","notes":"Cached OSM yards_landuse.json; exact mapped geometry, not surveyed. Scope=grounds; do not expand to surrounding grounds.","area_m2":7750.7,"method":"OSM mapped polygon; semantic interpretation estimated","tags":{"amenity":"school","name":"Trường Trung học cơ sở Châu Phong"}},"geometry":{"type":"Polygon","coordinates":[[[-4922.974833004409,16782.27209365205],[-4856.102020968043,16788.7134669316],[-4852.539939552429,16691.978373531718],[-4942.285318286391,16679.114328511758],[-4922.974833004409,16782.27209365205]]]}},{"type":"Feature","id":"way/170080685","properties":{"osm_ids":"way/170080685","polygon":"","kind":"school","town":"Tân Châu","name":"Trường Trung học phổ thông Tân Châu","scope":"grounds","source":"https://www.openstreetmap.org/way/170080685","estimate":"yes","notes":"Cached OSM yards_landuse.json; exact mapped geometry, not surveyed. Scope=grounds; do not expand to surrounding grounds.","area_m2":5734.7,"method":"OSM mapped polygon; semantic interpretation estimated","tags":{"amenity":"school","name":"Trường Trung học phổ thông Tân Châu"}},"geometry":{"type":"Polygon","coordinates":[[[7498.60722020932,25291.023052397184],[7507.0875624120235,25321.856746617705],[7614.709118883242,25310.930072016316],[7606.545084535959,25253.825161505025],[7526.7762040973175,25266.576399728656],[7498.60722020932,25291.023052397184]]]}},{"type":"Feature","id":"way/170080707","properties":{"osm_ids":"way/170080707","polygon":"","kind":"marketplace","town":"Tân Châu","name":"Chợ Tân Châu","scope":"grounds","source":"https://www.openstreetmap.org/way/170080707","estimate":"yes","notes":"Cached OSM yards_landuse.json; exact mapped geometry, not surveyed. Scope=grounds; do not expand to surrounding grounds.","area_m2":17399.6,"method":"OSM mapped polygon; semantic interpretation estimated","tags":{"amenity":"marketplace","name":"Chợ Tân Châu"}},"geometry":{"type":"Polygon","coordinates":[[[8012.565501522971,25346.73331286409],[8181.218662538216,25283.425835351925],[8151.10171333258,25189.527202170342],[7987.72906441614,25251.799770640442],[8012.565501522971,25346.73331286409]]]}},{"type":"Feature","id":"way/170196845","properties":{"osm_ids":"way/170196845","polygon":"","kind":"school","town":"An Phú","name":"Trường Trung học phổ thông An Phú","scope":"grounds","source":"https://www.openstreetmap.org/way/170196845","estimate":"yes","notes":"Cached OSM yards_landuse.json; exact mapped geometry, not surveyed. Scope=grounds; do not expand to surrounding grounds.","area_m2":4321.3,"method":"OSM mapped polygon; semantic interpretation estimated","tags":{"amenity":"school","name":"Trường Trung học phổ thông An Phú"}},"geometry":{"type":"Polygon","coordinates":[[[-8925.021858613472,25907.693083192222],[-8849.953564810392,25903.050194818527],[-8851.123362790036,25868.098905851366],[-8854.16712240997,25848.228678115644],[-8935.554349184327,25854.085899546975],[-8925.021858613472,25907.693083192222]]]}},{"type":"Feature","id":"way/170197128","properties":{"osm_ids":"way/170197128","polygon":"","kind":"school","town":"An Phú","name":"Tiểu học A An Phú","scope":"grounds","source":"https://www.openstreetmap.org/way/170197128","estimate":"yes","notes":"Cached OSM yards_landuse.json; exact mapped geometry, not surveyed. Scope=grounds; do not expand to surrounding grounds.","area_m2":4907.9,"method":"OSM mapped polygon; semantic interpretation estimated","tags":{"amenity":"school","name":"Tiểu học A An Phú"}},"geometry":{"type":"Polygon","coordinates":[[[-9085.51413725299,26868.89995519491],[-9054.300164324639,26779.24879459897],[-9094.159737668,26757.089702900266],[-9136.41593621776,26852.630915717687],[-9085.51413725299,26868.89995519491]]]}},{"type":"Feature","id":"way/170197286","properties":{"osm_ids":"way/170197286","polygon":"","kind":"school","town":"An Phú","name":"Trường Trung học cơ sở An Phú","scope":"grounds","source":"https://www.openstreetmap.org/way/170197286","estimate":"yes","notes":"Cached OSM yards_landuse.json; exact mapped geometry, not surveyed. Scope=grounds; do not expand to surrounding grounds.","area_m2":5989.7,"method":"OSM mapped polygon; semantic interpretation estimated","tags":{"amenity":"school","name":"Trường Trung học cơ sở An Phú"}},"geometry":{"type":"Polygon","coordinates":[[[-9191.045767759439,26801.288269065088],[-9132.88871547021,26828.162999434862],[-9097.676786566793,26747.76765178726],[-9157.482491405099,26713.95967494161],[-9191.045767759439,26801.288269065088]]]}},{"type":"Feature","id":"way/170197484","properties":{"osm_ids":"way/170197484","polygon":"","kind":"school","town":"An Phú","name":"TT Giáo dục thường xuyên","scope":"grounds","source":"https://www.openstreetmap.org/way/170197484","estimate":"yes","notes":"Cached OSM yards_landuse.json; exact mapped geometry, not surveyed. Scope=grounds; do not expand to surrounding grounds.","area_m2":2051.7,"method":"OSM mapped polygon; semantic interpretation estimated","tags":{"amenity":"school","name":"TT Giáo dục thường xuyên"}},"geometry":{"type":"Polygon","coordinates":[[[-9028.935773305362,27018.01978107402],[-9009.683253834257,26973.21191545925],[-9048.418394661509,26956.791652348824],[-9067.670867863577,27001.588482591556],[-9028.935773305362,27018.01978107402]]]}},{"type":"Feature","id":"way/170204509","properties":{"osm_ids":"way/170204509","polygon":"","kind":"school","town":"An Phú","name":"Trường Trung học cơ sở Phước Hưng","scope":"grounds","source":"https://www.openstreetmap.org/way/170204509","estimate":"yes","notes":"Cached OSM yards_landuse.json; exact mapped geometry, not surveyed. Scope=grounds; do not expand to surrounding grounds.","area_m2":7759.9,"method":"OSM mapped polygon; semantic interpretation estimated","tags":{"amenity":"school","name":"Trường Trung học cơ sở Phước Hưng"}},"geometry":{"type":"Polygon","coordinates":[[[-10133.528590850474,32039.488217647187],[-10066.671821460186,31996.406469092006],[-10112.38668605272,31943.961872201413],[-10156.943304340704,31932.295710584614],[-10201.511919361423,31964.912716475083],[-10133.528590850474,32039.488217647187]]]}},{"type":"Feature","id":"way/170294123","properties":{"osm_ids":"way/170294123","polygon":"","kind":"school","town":"Châu Đốc","name":"Trường Trung học cơ sở Châu Phú A","scope":"grounds","source":"https://www.openstreetmap.org/way/170294123","estimate":"yes","notes":"Cached OSM yards_landuse.json; exact mapped geometry, not surveyed. Scope=grounds; do not expand to surrounding grounds.","area_m2":8979.3,"method":"OSM mapped polygon; semantic interpretation estimated","tags":{"amenity":"school","name":"Trường Trung học cơ sở Châu Phú A"}},"geometry":{"type":"Polygon","coordinates":[[[-8348.295636066177,15204.132912763627],[-8301.337726694299,15127.325014134636],[-8381.397445624287,15072.236146914074],[-8431.712724069657,15150.358848536154],[-8348.295636066177,15204.132912763627]]]}},{"type":"Feature","id":"way/170294552","properties":{"osm_ids":"way/170294552","polygon":"","kind":"cemetery","town":"Châu Đốc","name":"Nghĩa Trang Liệt sĩ Núi Sam","scope":"grounds","source":"https://www.openstreetmap.org/way/170294552","estimate":"yes","notes":"Cached OSM yards_landuse.json; exact mapped geometry, not surveyed. Scope=grounds; do not expand to surrounding grounds.","area_m2":5509.8,"method":"OSM mapped polygon; semantic interpretation estimated","tags":{"landuse":"cemetery","name":"Nghĩa Trang Liệt sĩ Núi Sam"}},"geometry":{"type":"Polygon","coordinates":[[[-10050.589175054221,11586.36243081512],[-10068.745591358107,11473.279379688902],[-10120.96950739919,11486.091266703559],[-10112.778130039223,11567.117878038669],[-10050.589175054221,11586.36243081512]]]}},{"type":"Feature","id":"way/170294649","properties":{"osm_ids":"way/170294649","polygon":"","kind":"marketplace","town":"Châu Đốc","name":"Chợ Tha Mau Frontier","scope":"grounds","source":"https://www.openstreetmap.org/way/170294649","estimate":"yes","notes":"Cached OSM yards_landuse.json; exact mapped geometry, not surveyed. Scope=grounds; do not expand to surrounding grounds.","area_m2":1876.5,"method":"OSM mapped polygon; semantic interpretation estimated","tags":{"amenity":"marketplace","name":"Chợ Tha Mau Frontier"}},"geometry":{"type":"Polygon","coordinates":[[[-8791.459671437915,18217.27583878371],[-8804.311963707674,18103.15773402108],[-8824.080607889744,18219.638848138275],[-8791.459671437915,18217.27583878371]]]}},{"type":"Feature","id":"way/170294668","properties":{"osm_ids":"way/170294668","polygon":"","kind":"school","town":"Châu Đốc","name":"Trường Trung học cơ sở Đa Phước","scope":"grounds","source":"https://www.openstreetmap.org/way/170294668","estimate":"yes","notes":"Cached OSM yards_landuse.json; exact mapped geometry, not surveyed. Scope=grounds; do not expand to surrounding grounds.","area_m2":3745.4,"method":"OSM mapped polygon; semantic interpretation estimated","tags":{"amenity":"school","name":"Trường Trung học cơ sở Đa Phước"}},"geometry":{"type":"Polygon","coordinates":[[[-5875.935135808366,20526.00844578026],[-5915.800008874154,20475.871755094267],[-5969.77061178541,20513.145376674598],[-5902.930973928422,20557.465681366622],[-5875.935135808366,20526.00844578026]]]}},{"type":"Feature","id":"way/170402495","properties":{"osm_ids":"way/170402495","polygon":"","kind":"cemetery","town":"Châu Phú","name":"Nghia dia","scope":"grounds","source":"https://www.openstreetmap.org/way/170402495","estimate":"yes","notes":"Cached OSM yards_landuse.json; exact mapped geometry, not surveyed. Scope=grounds; do not expand to surrounding grounds.","area_m2":1023.1,"method":"OSM mapped polygon; semantic interpretation estimated","tags":{"amenity":"grave_yard","name":"Nghia dia"}},"geometry":{"type":"Polygon","coordinates":[[[4357.169992539624,339.71820469596423],[4342.802929846628,312.3095049231779],[4314.923899396032,318.41579488827847],[4334.578464379883,356.5974661076907],[4357.169992539624,339.71820469596423]]]}},{"type":"Feature","id":"way/170406382","properties":{"osm_ids":"way/170406382","polygon":"","kind":"school","town":"Châu Phú","name":"Đại học An Giang Cơ sở 2","scope":"grounds","source":"https://www.openstreetmap.org/way/170406382","estimate":"yes","notes":"Cached OSM yards_landuse.json; exact mapped geometry, not surveyed. Scope=grounds; do not expand to surrounding grounds.","area_m2":26258.9,"method":"OSM mapped polygon; semantic interpretation estimated","tags":{"amenity":"university","name":"Đại học An Giang Cơ sở 2"}},"geometry":{"type":"Polygon","coordinates":[[[4544.39615746343,3232.3148455726914],[4616.090106636693,3091.2685028021224],[4477.663190073683,3003.723569189897],[4401.278446229408,3142.422891297145],[4544.39615746343,3232.3148455726914]]]}},{"type":"Feature","id":"way/478657777","properties":{"osm_ids":"way/478657777","polygon":"","kind":"cemetery","town":"Tịnh Biên","name":"Nghĩa trang Liệt sĩ Dốc Bà Đắc","scope":"grounds","source":"https://www.openstreetmap.org/way/478657777","estimate":"yes","notes":"Cached OSM yards_landuse.json; exact mapped geometry, not surveyed. Scope=grounds; do not expand to surrounding grounds.","area_m2":33974.3,"method":"OSM mapped polygon; semantic interpretation estimated","tags":{"landuse":"cemetery","name":"Nghĩa trang Liệt sĩ Dốc Bà Đắc"}},"geometry":{"type":"Polygon","coordinates":[[[-18651.82652786706,2896.7773106293753],[-18572.93113270623,2701.9806656809524],[-18723.024892288086,2641.962229303317],[-18801.930507322308,2836.759214519523],[-18651.82652786706,2896.7773106293753]]]}},{"type":"Feature","id":"way/488315415","properties":{"osm_ids":"way/488315415","polygon":"","kind":"garden","town":"Tịnh Biên","name":"","scope":"grounds","source":"https://www.openstreetmap.org/way/488315415","estimate":"yes","notes":"Cached OSM yards_landuse.json; exact mapped geometry, not surveyed. Scope=grounds; do not expand to surrounding grounds.","area_m2":444894.3,"method":"OSM mapped polygon; semantic interpretation estimated","tags":{"leisure":"garden"}},"geometry":{"type":"Polygon","coordinates":[[[-23549.9916155393,4030.835692386143],[-23707.331060718745,3466.518840984674],[-24376.256000105583,3639.1771998752374],[-24345.656635267893,4240.826643758919],[-23549.9916155393,4030.835692386143]]]}},{"type":"Feature","id":"way/532487500","properties":{"osm_ids":"way/532487500","polygon":"","kind":"park","town":"Châu Đốc","name":"","scope":"grounds","source":"https://www.openstreetmap.org/way/532487500","estimate":"yes","notes":"Cached OSM yards_landuse.json; exact mapped geometry, not surveyed. Scope=grounds; do not expand to surrounding grounds.","area_m2":2864.1,"method":"OSM mapped polygon; semantic interpretation estimated","tags":{"leisure":"park"}},"geometry":{"type":"Polygon","coordinates":[[[-7817.752111979236,14236.390700019198],[-7895.7558697000495,14176.92290178081],[-7913.358446794096,14199.638843435561],[-7834.775532942673,14260.278822763124],[-7817.752111979236,14236.390700019198]]]}},{"type":"Feature","id":"way/532487519","properties":{"osm_ids":"way/532487519","polygon":"","kind":"marketplace","town":"Tịnh Biên","name":"","scope":"building","source":"https://www.openstreetmap.org/way/532487519","estimate":"yes","notes":"Cached OSM yards_landuse.json; exact mapped geometry, not surveyed. Scope=building; do not expand to surrounding grounds.","area_m2":8145.5,"method":"OSM mapped polygon; semantic interpretation estimated","tags":{"amenity":"marketplace","building":"yes"}},"geometry":{"type":"Polygon","coordinates":[[[-25143.494014667463,3982.9693256188184],[-25179.673667517316,3889.1036961944774],[-25255.353151288407,3917.8978795283474],[-25219.173319568275,4011.7634309974965],[-25143.494014667463,3982.9693256188184]]]}},{"type":"Feature","id":"way/543222383","properties":{"osm_ids":"way/543222383","polygon":"","kind":"school","town":"province rural","name":"Trường Trung học phổ thông Ung Văn Khiêm (Long Kiến)","scope":"grounds","source":"https://www.openstreetmap.org/way/543222383","estimate":"yes","notes":"Cached OSM yards_landuse.json; exact mapped geometry, not surveyed. Scope=grounds; do not expand to surrounding grounds.","area_m2":6431.4,"method":"OSM mapped polygon; semantic interpretation estimated","tags":{"amenity":"school","name":"Trường Trung học phổ thông Ung Văn Khiêm (Long Kiến)","note":"unclar meanig of tag building:min_level=school"}},"geometry":{"type":"Polygon","coordinates":[[[30212.903919434873,-11978.061845915392],[30286.709701795946,-12061.359226302477],[30240.381291486672,-12098.17905977415],[30168.48761707649,-12012.67850618367],[30212.903919434873,-11978.061845915392]]]}},{"type":"Feature","id":"way/543427167","properties":{"osm_ids":"way/543427167","polygon":"","kind":"school","town":"Phú Tân","name":"Trường Trung học phổ thông Chu Văn An","scope":"grounds","source":"https://www.openstreetmap.org/way/543427167","estimate":"yes","notes":"Cached OSM yards_landuse.json; exact mapped geometry, not surveyed. Scope=grounds; do not expand to surrounding grounds.","area_m2":9533.6,"method":"OSM mapped polygon; semantic interpretation estimated","tags":{"amenity":"school","name":"Trường Trung học phổ thông Chu Văn An","name:en":"Chu Van An High School","name:vi":"Trường Trung học phổ thông Chu Văn An"}},"geometry":{"type":"Polygon","coordinates":[[[20219.07267906342,1002.1040561406408],[20282.573780684266,901.890713941073],[20215.13375040912,860.415547841927],[20149.862068279414,968.787009596359],[20219.07267906342,1002.1040561406408]]]}},{"type":"Feature","id":"way/620770586","properties":{"osm_ids":"way/620770586","polygon":"","kind":"school","town":"Tri Tôn","name":"trường tiểu học B","scope":"grounds","source":"https://www.openstreetmap.org/way/620770586","estimate":"yes","notes":"Cached OSM yards_landuse.json; exact mapped geometry, not surveyed. Scope=grounds; do not expand to surrounding grounds.","area_m2":9713.3,"method":"OSM mapped polygon; semantic interpretation estimated","tags":{"addr:city":"tri tôn","addr:province":"an giang","addr:subdistrict":"khóm 4","amenity":"school","name":"trường tiểu học B"}},"geometry":{"type":"Polygon","coordinates":[[[-19269.829227786453,-16550.354417535244],[-19243.768983969872,-16665.63096154947],[-19325.551637726952,-16686.958972956287],[-19345.996732028376,-16567.61355343042],[-19269.829227786453,-16550.354417535244]]]}},{"type":"Feature","id":"way/620770587","properties":{"osm_ids":"way/620770587","polygon":"","kind":"park","town":"Tri Tôn","name":"Công viên huyện Tri Tôn","scope":"grounds","source":"https://www.openstreetmap.org/way/620770587","estimate":"yes","notes":"Cached OSM yards_landuse.json; exact mapped geometry, not surveyed. Scope=grounds; do not expand to surrounding grounds.","area_m2":1349.3,"method":"OSM mapped polygon; semantic interpretation estimated","tags":{"leisure":"park","name":"Công viên huyện Tri Tôn"}},"geometry":{"type":"Polygon","coordinates":[[[-19025.292398788326,-16525.8416018032],[-19025.70824017393,-16542.271765747806],[-19096.20600426104,-16560.493351595476],[-19102.072660404257,-16541.531234185677],[-19025.292398788326,-16525.8416018032]]]}},{"type":"Feature","id":"way/620771729","properties":{"osm_ids":"way/620771729","polygon":"","kind":"school","town":"Tri Tôn","name":"nhà thiếu nhi","scope":"grounds","source":"https://www.openstreetmap.org/way/620771729","estimate":"yes","notes":"Cached OSM yards_landuse.json; exact mapped geometry, not surveyed. Scope=grounds; do not expand to surrounding grounds.","area_m2":11036.5,"method":"OSM mapped polygon; semantic interpretation estimated","tags":{"amenity":"school","name":"nhà thiếu nhi"}},"geometry":{"type":"Polygon","coordinates":[[[-18955.8800892398,-16236.864935612073],[-18967.623600060877,-16324.94219078659],[-19084.944109432807,-16318.717835157644],[-19053.346035044407,-16208.284027430927],[-18955.8800892398,-16236.864935612073]]]}},{"type":"Feature","id":"way/671362633","properties":{"osm_ids":"way/671362633","polygon":"","kind":"pitch","town":"Long Xuyên","name":"","scope":"grounds","source":"https://www.openstreetmap.org/way/671362633","estimate":"yes","notes":"Cached OSM yards_landuse.json; exact mapped geometry, not surveyed. Scope=grounds; do not expand to surrounding grounds.","area_m2":724.1,"method":"OSM mapped polygon; semantic interpretation estimated","tags":{"leisure":"pitch","sport":"tennis"}},"geometry":{"type":"Polygon","coordinates":[[[28344.796803190955,-19510.529190531466],[28372.169580327696,-19539.438819214003],[28358.875718330382,-19551.873942353996],[28331.52480594837,-19522.942159703],[28344.796803190955,-19510.529190531466]]]}},{"type":"Feature","id":"way/671593548","properties":{"osm_ids":"way/671593548","polygon":"","kind":"pitch","town":"Long Xuyên","name":"","scope":"grounds","source":"https://www.openstreetmap.org/way/671593548","estimate":"yes","notes":"Cached OSM yards_landuse.json; exact mapped geometry, not surveyed. Scope=grounds; do not expand to surrounding grounds.","area_m2":616.6,"method":"OSM mapped polygon; semantic interpretation estimated","tags":{"leisure":"pitch","sport":"tennis"}},"geometry":{"type":"Polygon","coordinates":[[[28257.257803969434,-19782.98107942962],[28243.753876976436,-19793.99009325565],[28221.23252878082,-19766.699119331082],[28234.74739804305,-19755.690099012805],[28257.257803969434,-19782.98107942962]]]}},{"type":"Feature","id":"way/672987323","properties":{"osm_ids":"way/672987323","polygon":"","kind":"marketplace","town":"Long Xuyên","name":"Chợ Mỹ Bình","scope":"building","source":"https://www.openstreetmap.org/way/672987323","estimate":"yes","notes":"Cached OSM yards_landuse.json; exact mapped geometry, not surveyed. Scope=building; do not expand to surrounding grounds.","area_m2":3303.1,"method":"OSM mapped polygon; semantic interpretation estimated","tags":{"amenity":"marketplace","building":"yes","name":"Chợ Mỹ Bình"}},"geometry":{"type":"Polygon","coordinates":[[[28388.065051235142,-20116.467504241504],[28435.730963010807,-20167.606944276253],[28391.92521969427,-20201.58955925191],[28356.697076740093,-20136.16961962846],[28388.065051235142,-20116.467504241504]]]}},{"type":"Feature","id":"way/675572450","properties":{"osm_ids":"way/675572450","polygon":"","kind":"park","town":"An Châu","name":"Công Viên Thị Trấn An Châu","scope":"grounds","source":"https://www.openstreetmap.org/way/675572450","estimate":"yes","notes":"Cached OSM yards_landuse.json; exact mapped geometry, not surveyed. Scope=grounds; do not expand to surrounding grounds.","area_m2":8684.0,"method":"OSM mapped polygon; semantic interpretation estimated","tags":{"addr:district":"Huyện Châu Thành","addr:province":"Tỉnh An Giang","addr:street":"Quốc lộ 91","addr:subdistrict":"Thị trấn An Châu","leisure":"park","name":"Công Viên Thị Trấn An Châu"}},"geometry":{"type":"Polygon","coordinates":[[[23240.521011656383,-13878.826605614973],[23282.880136206746,-13890.66080398066],[23323.268588529783,-13901.944527739892],[23304.572402297636,-13997.665036035469],[23218.601296638837,-13978.907434916357],[23240.521011656383,-13878.826605614973]]]}},{"type":"Feature","id":"way/675572766","properties":{"osm_ids":"way/675572766","polygon":"","kind":"pitch","town":"An Châu","name":"Sân banh","scope":"grounds","source":"https://www.openstreetmap.org/way/675572766","estimate":"yes","notes":"Cached OSM yards_landuse.json; exact mapped geometry, not surveyed. Scope=grounds; do not expand to surrounding grounds.","area_m2":1048.0,"method":"OSM mapped polygon; semantic interpretation estimated","tags":{"leisure":"pitch","name":"Sân banh","sport":"soccer"}},"geometry":{"type":"Polygon","coordinates":[[[23357.64407302998,-13980.837540233042],[23349.566029665875,-14006.798036915949],[23311.44194753468,-13994.671233157627],[23320.834997853148,-13970.035959429108],[23357.64407302998,-13980.837540233042]]]}},{"type":"Feature","id":"way/678429886","properties":{"osm_ids":"way/678429886","polygon":"","kind":"park","town":"Long Xuyên","name":"","scope":"grounds","source":"https://www.openstreetmap.org/way/678429886","estimate":"yes","notes":"Cached OSM yards_landuse.json; exact mapped geometry, not surveyed. Scope=grounds; do not expand to surrounding grounds.","area_m2":583.6,"method":"OSM mapped polygon; semantic interpretation estimated","tags":{"leisure":"park"}},"geometry":{"type":"Polygon","coordinates":[[[29340.296142561478,-20717.302302445984],[29344.642253497732,-20725.31252631871],[29346.33160736505,-20727.853267581668],[29349.49198109028,-20733.36627515452],[29348.178842463065,-20733.71087161987],[29346.685744707705,-20738.456382435514],[29345.674306081724,-20743.201221518917],[29343.083042255836,-20745.44939424796],[29336.619043129147,-20749.44996323972],[29333.14984461025,-20750.12927323254],[29329.67753254983,-20748.57508472074],[29319.17554731923,-20730.014058399945],[29340.296142561478,-20717.302302445984]]]}},{"type":"Feature","id":"way/681652537","properties":{"osm_ids":"way/681652537","polygon":"","kind":"pitch","town":"Long Xuyên","name":"","scope":"grounds","source":"https://www.openstreetmap.org/way/681652537","estimate":"yes","notes":"Cached OSM yards_landuse.json; exact mapped geometry, not surveyed. Scope=grounds; do not expand to surrounding grounds.","area_m2":1575.7,"method":"OSM mapped polygon; semantic interpretation estimated","tags":{"leisure":"pitch","sport":"tennis"}},"geometry":{"type":"Polygon","coordinates":[[[27298.387484941515,-20454.524427356897],[27262.374033812084,-20471.84342543548],[27243.15993861854,-20437.072951557813],[27278.921927739982,-20420.00861684978],[27298.387484941515,-20454.524427356897]]]}},{"type":"Feature","id":"way/685470976","properties":{"osm_ids":"way/685470976","polygon":"","kind":"school","town":"An Châu","name":"Trường Trung học cơ sở Long Kiến","scope":"grounds","source":"https://www.openstreetmap.org/way/685470976","estimate":"yes","notes":"Cached OSM yards_landuse.json; exact mapped geometry, not surveyed. Scope=grounds; do not expand to surrounding grounds.","area_m2":4754.4,"method":"OSM mapped polygon; semantic interpretation estimated","tags":{"amenity":"school","name":"Trường Trung học cơ sở Long Kiến"}},"geometry":{"type":"Polygon","coordinates":[[[30220.615596954478,-12082.440044684103],[30174.576734613744,-12115.168277717195],[30125.454035362694,-12042.3285337165],[30168.48761707649,-12012.67850618367],[30220.615596954478,-12082.440044684103]]]}},{"type":"Feature","id":"way/687389836","properties":{"osm_ids":"way/687389836","polygon":"","kind":"parking","town":"Long Xuyên","name":"","scope":"grounds","source":"https://www.openstreetmap.org/way/687389836","estimate":"yes","notes":"Cached OSM yards_landuse.json; exact mapped geometry, not surveyed. Scope=grounds; do not expand to surrounding grounds.","area_m2":30443.3,"method":"OSM mapped polygon; semantic interpretation estimated","tags":{"amenity":"parking"}},"geometry":{"type":"Polygon","coordinates":[[[26320.286637437763,-21307.15461840108],[26319.413791632163,-21317.75932571292],[26360.8134676381,-21324.78161554085],[26363.47295361117,-21315.93261681823],[26394.186675644014,-21321.64201553981],[26392.416794707882,-21332.70123256184],[26394.103045631666,-21333.019675514195],[26424.1599567628,-21338.718851373764],[26427.13828252512,-21339.289909088984],[26427.12090260221,-21326.021650910378],[26435.134073148016,-21326.011153577827],[26434.26301422983,-21337.953747716965],[26443.612875559134,-21338.826049416326],[26418.864997383323,-21475.046309074387],[26221.664565807558,-21440.817518627504],[26223.69306612562,-21292.243335806532],[26320.286637437763,-21307.15461840108]]]}},{"type":"Feature","id":"way/704939046","properties":{"osm_ids":"way/704939046","polygon":"","kind":"marketplace","town":"Tịnh Biên","name":"","scope":"building","source":"https://www.openstreetmap.org/way/704939046","estimate":"yes","notes":"Cached OSM yards_landuse.json; exact mapped geometry, not surveyed. Scope=building; do not expand to surrounding grounds.","area_m2":2953.1,"method":"OSM mapped polygon; semantic interpretation estimated","tags":{"amenity":"marketplace","building":"yes"}},"geometry":{"type":"Polygon","coordinates":[[[-24995.011460220674,3927.892000403488],[-24980.792281127127,3921.6203880039975],[-24982.827812126896,3916.092349590035],[-24987.511721762596,3903.3889188952744],[-24993.06019104086,3888.330544423312],[-25000.261165278847,3868.81657497352],[-25006.028519451036,3853.1722314523067],[-25009.530520374887,3843.675065281568],[-25012.93402589974,3834.4653586605564],[-25043.144781687704,3845.405688673258],[-25041.36097651231,3850.060281822458],[-25033.37217020965,3870.8566924643237],[-25030.187593625975,3879.148722932907],[-25022.603713324934,3898.8837559858803],[-25019.484802325547,3907.0099472717848],[-25013.630013660528,3922.2341167479753],[-25009.394865173846,3933.2791052719112],[-24995.011460220674,3927.892000403488]]]}},{"type":"Feature","id":"way/777888640","properties":{"osm_ids":"way/777888640","polygon":"","kind":"park","town":"Long Xuyên","name":"Công viên Tôn Đức Thắng","scope":"grounds","source":"https://www.openstreetmap.org/way/777888640","estimate":"yes","notes":"Cached OSM yards_landuse.json; exact mapped geometry, not surveyed. Scope=grounds; do not expand to surrounding grounds.","area_m2":14489.8,"method":"OSM mapped polygon; semantic interpretation estimated","tags":{"addr:province":"An Giang","leisure":"park","name":"Công viên Tôn Đức Thắng","opening_hours":"24/7"}},"geometry":{"type":"Polygon","coordinates":[[[28342.75609532406,-19803.40811315365],[28346.141143418965,-19813.29944376042],[28345.12329512986,-19821.43873950001],[28340.486096237437,-19832.4688418929],[28339.36032203876,-19841.73609218886],[28338.86105208681,-19852.871108251857],[28333.36858289037,-19862.851969190408],[28259.876413567225,-19921.133898526663],[28249.03578452021,-19918.53924966464],[28192.893756637815,-19848.3157976598],[28198.52864267712,-19838.390051043592],[28238.834695494385,-19806.96658606571],[28314.91957519995,-19747.66390906903],[28342.75609532406,-19803.40811315365]]]}},{"type":"Feature","id":"way/777888641","properties":{"osm_ids":"way/777888641","polygon":"","kind":"park","town":"Long Xuyên","name":"Công viên bờ kè Nguyễn Du","scope":"grounds","source":"https://www.openstreetmap.org/way/777888641","estimate":"yes","notes":"Cached OSM yards_landuse.json; exact mapped geometry, not surveyed. Scope=grounds; do not expand to surrounding grounds.","area_m2":32589.3,"method":"OSM mapped polygon; semantic interpretation estimated","tags":{"addr:city":"Long Xuyên","addr:province":"An Giang","addr:street":"Nguyễn Du","addr:subdistrict":"Mỹ Long","leisure":"park","name":"Công viên bờ kè Nguyễn Du","opening_hours":"24/7","operator":"Long Xuyên - An Giang"}},"geometry":{"type":"Polygon","coordinates":[[[28479.4500099126,-19583.254290952813],[28528.843954049516,-19625.72258421895],[28595.413262502407,-19644.450077444315],[28666.535798777477,-19702.522831810173],[28645.853470905568,-19723.194595880108],[28812.99829707353,-19907.57097456581],[28769.724773532245,-19945.976141535677],[28614.894706951105,-19793.360278370557],[28531.878937153146,-19715.511819987092],[28513.667236131965,-19693.953663374763],[28448.71120570693,-19606.37224915228],[28479.4500099126,-19583.254290952813]]]}},{"type":"Feature","id":"way/777891292","properties":{"osm_ids":"way/777891292","polygon":"","kind":"park","town":"Long Xuyên","name":"Công viên Bình Khánh","scope":"grounds","source":"https://www.openstreetmap.org/way/777891292","estimate":"yes","notes":"Cached OSM yards_landuse.json; exact mapped geometry, not surveyed. Scope=grounds; do not expand to surrounding grounds.","area_m2":54486.5,"method":"OSM mapped polygon; semantic interpretation estimated","tags":{"addr:city":"Long Xuyên","addr:housenumber":"Long Xuyên - An Giang","addr:province":"An Giang","addr:street":"Thục Phán","addr:subdistrict":"Bình Khánh","leisure":"park","name":"Công viên Bình Khánh","opening_hours":"24/7"}},"geometry":{"type":"Polygon","coordinates":[[[26331.16866855044,-18873.43770165788],[26367.22383748775,-19364.92555448995],[26442.970093969023,-19363.001818836667],[26448.9683991333,-19346.098981021903],[26483.145650414284,-19348.188079557614],[26581.447093494004,-19250.857446944574],[26575.01829633722,-19273.289336355403],[26472.00089105009,-19380.477850817377],[26371.19212591625,-19402.69076610543],[26371.50155639788,-19455.04483860964],[26381.201496769907,-19514.606766009703],[26394.025104732602,-19577.14996115514],[26420.410016613314,-19697.060734403087],[26460.992308098124,-19900.067649456207],[26484.14306349994,-20015.902616461273],[26505.12963586359,-20067.433424017858],[26542.578326270683,-20159.366644285154],[26511.55899702024,-20170.25423557521],[26452.03491695726,-20022.81110232696],[26429.201032846235,-19906.45602818858],[26389.153892543633,-19702.375862259883],[26365.671056842082,-19583.3568775726],[26320.69237365073,-19416.23528586584],[26317.145065596444,-19407.350172608858],[26174.406361288624,-19417.21151601174],[26172.86356726545,-19400.92670138972],[26317.78149093769,-19375.07421492855],[26319.76121982606,-19181.575659669936],[26306.782909261063,-18975.58024143288],[26301.48437716288,-18874.814461902948],[26331.16866855044,-18873.43770165788]]]}},{"type":"Feature","id":"way/777891293","properties":{"osm_ids":"way/777891293","polygon":"","kind":"park","town":"Long Xuyên","name":"Công viên Bình Khánh","scope":"grounds","source":"https://www.openstreetmap.org/way/777891293","estimate":"yes","notes":"Cached OSM yards_landuse.json; exact mapped geometry, not surveyed. Scope=grounds; do not expand to surrounding grounds.","area_m2":1803.6,"method":"OSM mapped polygon; semantic interpretation estimated","tags":{"addr:city":"Long Xuyên","addr:province":"An Giang","addr:street":"Thành Thái","addr:subdistrict":"Bình Khánh","leisure":"park","name":"Công viên Bình Khánh","opening_hours":"24/7"}},"geometry":{"type":"Polygon","coordinates":[[[27106.7302457334,-19597.470769178122],[27108.877942497376,-19640.22502043913],[27066.75754264579,-19641.38676893781],[27064.94872195716,-19598.24507424445],[27106.7302457334,-19597.470769178122]]]}},{"type":"Feature","id":"way/777891294","properties":{"osm_ids":"way/777891294","polygon":"","kind":"park","town":"Long Xuyên","name":"Công viên Bình Khánh","scope":"grounds","source":"https://www.openstreetmap.org/way/777891294","estimate":"yes","notes":"Cached OSM yards_landuse.json; exact mapped geometry, not surveyed. Scope=grounds; do not expand to surrounding grounds.","area_m2":2366.8,"method":"OSM mapped polygon; semantic interpretation estimated","tags":{"addr:city":"Long Xuyên","addr:province":"An Giang","addr:street":"Nguyễn Tri Phương","addr:subdistrict":"Bình Khánh","leisure":"park","name":"Công viên Bình Khánh","opening_hours":"24/7","operator":"Long Xuyên - An Giang"}},"geometry":{"type":"Polygon","coordinates":[[[27226.206902689883,-19594.67993818689],[27168.29109432432,-19596.028747623088],[27168.257897520205,-19554.709076707717],[27223.501459249645,-19552.42399327201],[27226.206902689883,-19594.67993818689]]]}},{"type":"Feature","id":"way/777891295","properties":{"osm_ids":"way/777891295","polygon":"","kind":"park","town":"Long Xuyên","name":"Công viên Khu dân cư Mỹ Hòa","scope":"grounds","source":"https://www.openstreetmap.org/way/777891295","estimate":"yes","notes":"Cached OSM yards_landuse.json; exact mapped geometry, not surveyed. Scope=grounds; do not expand to surrounding grounds.","area_m2":1591.3,"method":"OSM mapped polygon; semantic interpretation estimated","tags":{"addr:city":"Long Xuyên","addr:housenumber":"Long Xuyên - An Giang","addr:province":"An Giang","addr:subdistrict":"Mỹ Hòa","leisure":"park","name":"Công viên Khu dân cư Mỹ Hòa","opening_hours":"24/7"}},"geometry":{"type":"Polygon","coordinates":[[[26294.905048119603,-21084.269619398285],[26289.505984895746,-21082.55179571407],[26221.85971919459,-21061.620924835093],[26233.203117243364,-21021.52486482868],[26294.905048119603,-21084.269619398285]]]}},{"type":"Feature","id":"way/777891296","properties":{"osm_ids":"way/777891296","polygon":"","kind":"park","town":"Long Xuyên","name":"Công viên Trịnh Văn Ấn","scope":"grounds","source":"https://www.openstreetmap.org/way/777891296","estimate":"yes","notes":"Cached OSM yards_landuse.json; exact mapped geometry, not surveyed. Scope=grounds; do not expand to surrounding grounds.","area_m2":4848.7,"method":"OSM mapped polygon; semantic interpretation estimated","tags":{"addr:city":"Long Xuyên","addr:province":"An Giang","addr:street":"Ung Văn Khiêm","addr:subdistrict":"Mỹ Xuyên","leisure":"park","name":"Công viên Trịnh Văn Ấn","opening_hours":"24/7","operator":"Long Xuyên - An Giang"}},"geometry":{"type":"Polygon","coordinates":[[[28060.245727624162,-21357.578799570212],[28065.695751654916,-21404.817632446997],[28080.595829662518,-21446.017616885714],[28105.803068191628,-21491.60425571818],[28076.822743991972,-21505.166211014846],[28055.495668703108,-21463.178845884744],[28036.06425911223,-21422.50467206072],[28035.176784605836,-21373.50159946317],[28030.608285233844,-21346.628417591797],[28057.472386770765,-21346.74677859014],[28060.245727624162,-21357.578799570212]]]}},{"type":"Feature","id":"way/777891297","properties":{"osm_ids":"way/777891297","polygon":"","kind":"park","town":"Long Xuyên","name":"Công viên Mỹ Qúy","scope":"grounds","source":"https://www.openstreetmap.org/way/777891297","estimate":"yes","notes":"Cached OSM yards_landuse.json; exact mapped geometry, not surveyed. Scope=grounds; do not expand to surrounding grounds.","area_m2":2098.7,"method":"OSM mapped polygon; semantic interpretation estimated","tags":{"addr:city":"Long Xuyên","addr:province":"An Giang","addr:street":"Nam rạch Tầm Bót","addr:subdistrict":"Mỹ Qúy","leisure":"park","name":"Công viên Mỹ Qúy","opening_hours":"24/7","operator":"Long Xuyên - An Giang"}},"geometry":{"type":"Polygon","coordinates":[[[29806.471119438997,-22619.56028581783],[29787.93974556413,-22590.252267488744],[29824.547068032436,-22566.295720339986],[29848.818810729543,-22567.24565562303],[29861.9127984473,-22583.43670769804],[29806.471119438997,-22619.56028581783]]]}},{"type":"Feature","id":"way/777891298","properties":{"osm_ids":"way/777891298","polygon":"","kind":"park","town":"Long Xuyên","name":"Công viên Mỹ Thới","scope":"grounds","source":"https://www.openstreetmap.org/way/777891298","estimate":"yes","notes":"Cached OSM yards_landuse.json; exact mapped geometry, not surveyed. Scope=grounds; do not expand to surrounding grounds.","area_m2":24680.2,"method":"OSM mapped polygon; semantic interpretation estimated","tags":{"addr:city":"Long Xuyên","addr:province":"An Giang","addr:street":"Quốc lộ 91","addr:subdistrict":"Mỹ Thới","leisure":"park","name":"Công viên Mỹ Thới","opening_hours":"24/7","operator":"Long Xuyên - An Giang"}},"geometry":{"type":"Polygon","coordinates":[[[30812.902650974458,-23857.67057316075],[30788.87159759493,-23773.174653152702],[30773.015873438795,-23770.86434014025],[30750.09725230816,-23759.807027519448],[30735.95145479683,-23728.32603303599],[30742.94421384833,-23688.05769461696],[30771.698278907454,-23668.755342914257],[30815.833873910015,-23733.463713271543],[30910.230479104677,-23683.395158296684],[30993.1494702223,-23782.744320708094],[30812.902650974458,-23857.67057316075]]]}},{"type":"Feature","id":"way/777919430","properties":{"osm_ids":"way/777919430","polygon":"","kind":"park","town":"Long Xuyên","name":"","scope":"grounds","source":"https://www.openstreetmap.org/way/777919430","estimate":"yes","notes":"Cached OSM yards_landuse.json; exact mapped geometry, not surveyed. Scope=grounds; do not expand to surrounding grounds.","area_m2":62330.2,"method":"OSM mapped polygon; semantic interpretation estimated","tags":{"addr:city":"Long Xuyên","addr:province":"An Giang","addr:subdistrict":"Mỹ Hòa Hưng","leisure":"park"}},"geometry":{"type":"Polygon","coordinates":[[[29798.979416024755,-18099.687887174543],[29786.404145218432,-18155.211593488],[29766.027782692225,-18290.853998496197],[29486.581855235854,-18288.051314644516],[29496.481538998894,-18127.25816582027],[29457.294505830505,-18127.025603903458],[29460.662696693442,-18070.066477208165],[29564.545806646347,-18074.10030687973],[29596.24493403081,-18073.76830416196],[29606.089867831324,-18076.960990404477],[29738.26995912788,-18089.84432647098],[29769.240807745024,-18093.11776335165],[29798.979416024755,-18099.687887174543]]]}},{"type":"Feature","id":"way/871112690","properties":{"osm_ids":"way/871112690","polygon":"","kind":"cemetery","town":"province rural","name":"Nghĩa trang giáo xứ Núi Tượng","scope":"grounds","source":"https://www.openstreetmap.org/way/871112690","estimate":"yes","notes":"Cached OSM yards_landuse.json; exact mapped geometry, not surveyed. Scope=grounds; do not expand to surrounding grounds.","area_m2":2150.2,"method":"OSM mapped polygon; semantic interpretation estimated","tags":{"landuse":"cemetery","name":"Nghĩa trang giáo xứ Núi Tượng"}},"geometry":{"type":"Polygon","coordinates":[[[-850.6083239591098,-33864.22654449637],[-841.4752092804993,-33864.763560600346],[-842.9751886957092,-33907.31004905654],[-875.1490486949915,-33905.701474640286],[-876.2288405902218,-33914.01658146619],[-888.077896025381,-33913.1603266024],[-892.9745620419853,-33888.76100627566],[-890.2654187739827,-33876.02242289018],[-883.6472962644184,-33862.51890413556],[-850.6083239591098,-33864.22654449637]]]}},{"type":"Feature","id":"way/872194567","properties":{"osm_ids":"way/872194567","polygon":"","kind":"cemetery","town":"province rural","name":"","scope":"grounds","source":"https://www.openstreetmap.org/way/872194567","estimate":"yes","notes":"Cached OSM yards_landuse.json; exact mapped geometry, not surveyed. Scope=grounds; do not expand to surrounding grounds.","area_m2":11483.7,"method":"OSM mapped polygon; semantic interpretation estimated","tags":{"landuse":"cemetery"}},"geometry":{"type":"Polygon","coordinates":[[[35426.76453821582,-6784.60568432021],[35460.36559115013,-6858.203762073303],[35346.83803791541,-6927.9222440999],[35308.31774023315,-6843.484832623275],[35426.76453821582,-6784.60568432021]]]}},{"type":"Feature","id":"way/872194570","properties":{"osm_ids":"way/872194570","polygon":"","kind":"cemetery","town":"province rural","name":"","scope":"grounds","source":"https://www.openstreetmap.org/way/872194570","estimate":"yes","notes":"Cached OSM yards_landuse.json; exact mapped geometry, not surveyed. Scope=grounds; do not expand to surrounding grounds.","area_m2":2924.7,"method":"OSM mapped polygon; semantic interpretation estimated","tags":{"landuse":"cemetery"}},"geometry":{"type":"Polygon","coordinates":[[[36146.34013674618,-9007.518020480871],[36173.8802871689,-9045.919363402994],[36123.565684174304,-9081.482477317797],[36096.720464610145,-9039.674389328342],[36146.34013674618,-9007.518020480871]]]}},{"type":"Feature","id":"way/872194571","properties":{"osm_ids":"way/872194571","polygon":"","kind":"cemetery","town":"province rural","name":"","scope":"grounds","source":"https://www.openstreetmap.org/way/872194571","estimate":"yes","notes":"Cached OSM yards_landuse.json; exact mapped geometry, not surveyed. Scope=grounds; do not expand to surrounding grounds.","area_m2":4362.3,"method":"OSM mapped polygon; semantic interpretation estimated","tags":{"landuse":"cemetery"}},"geometry":{"type":"Polygon","coordinates":[[[40313.212775279884,-12985.654217844829],[40348.837795817875,-13043.134335057111],[40341.22122783633,-13062.696510106558],[40283.89313637116,-13094.274914600654],[40278.414076670306,-13083.979068745626],[40299.69320640154,-13066.560604355298],[40274.45807385852,-13004.717105740448],[40313.212775279884,-12985.654217844829]]]}},{"type":"Feature","id":"way/995513829","properties":{"osm_ids":"way/995513829","polygon":"","kind":"school","town":"Long Xuyên","name":"Trường Đại học An Giang","scope":"grounds","source":"https://www.openstreetmap.org/way/995513829","estimate":"yes","notes":"Cached OSM yards_landuse.json; exact mapped geometry, not surveyed. Scope=grounds; do not expand to surrounding grounds.","area_m2":396639.8,"method":"OSM mapped polygon; semantic interpretation estimated","tags":{"amenity":"university","name":"Trường Đại học An Giang","operator":"Đại học Quốc gia Thành phố Hồ Chí Minh","operator:type":"university"}},"geometry":{"type":"Polygon","coordinates":[[[28153.12935605005,-21622.089037860744],[28182.929001820623,-21703.814461021917],[28282.88706579758,-21792.14482638566],[28286.61983804556,-21808.061707991175],[28316.3335992645,-21834.49147677119],[28330.500794410123,-21835.644190278603],[28486.22674762539,-21973.554541077698],[28487.97919584182,-21982.20971470978],[28224.662999639288,-22269.617696115747],[28205.48468485207,-22270.605732385768],[28133.14041490329,-22347.88131399569],[28134.331407072954,-22370.402636579704],[28078.103249036823,-22432.99473180133],[27567.7148985283,-21942.302913061343],[27698.89496372256,-21787.72788533126],[27739.274762319284,-21784.62180763157],[27811.105504260864,-21700.249159211293],[27921.0974748499,-21656.381530822255],[27941.105579388677,-21702.572385300184],[28142.25951202144,-21614.485590475146],[28153.12935605005,-21622.089037860744]]]}},{"type":"Feature","id":"way/1026501057","properties":{"osm_ids":"way/1026501057","polygon":"","kind":"park","town":"province rural","name":"","scope":"grounds","source":"https://www.openstreetmap.org/way/1026501057","estimate":"yes","notes":"Cached OSM yards_landuse.json; exact mapped geometry, not surveyed. Scope=grounds; do not expand to surrounding grounds.","area_m2":2201.1,"method":"OSM mapped polygon; semantic interpretation estimated","tags":{"leisure":"park"}},"geometry":{"type":"Polygon","coordinates":[[[539.9730055793771,37796.12458017678],[544.7704745494993,37795.75150207803],[542.9159825162496,37772.04410606739],[538.4244981483207,37772.39525285899],[537.6220277042594,37762.03432971332],[489.39597875403706,37765.73183242208],[492.7578453007154,37808.95579350507],[540.6887783135753,37805.269177694805],[539.9730055793771,37796.12458017678]]]}},{"type":"Feature","id":"way/1026502830","properties":{"osm_ids":"way/1026502830","polygon":"","kind":"park","town":"province rural","name":"","scope":"grounds","source":"https://www.openstreetmap.org/way/1026502830","estimate":"yes","notes":"Cached OSM yards_landuse.json; exact mapped geometry, not surveyed. Scope=grounds; do not expand to surrounding grounds.","area_m2":2860.8,"method":"OSM mapped polygon; semantic interpretation estimated","tags":{"leisure":"park"}},"geometry":{"type":"Polygon","coordinates":[[[-270.0252814984997,36106.14860513271],[-232.27020394493593,36109.52046336909],[-225.48446698248154,36034.3476483128],[-263.23963609861676,36030.986840828555],[-270.0252814984997,36106.14860513271]]]}},{"type":"Feature","id":"way/1035238618","properties":{"osm_ids":"way/1035238618","polygon":"","kind":"pitch","town":"Long Xuyên","name":"","scope":"grounds","source":"https://www.openstreetmap.org/way/1035238618","estimate":"yes","notes":"Cached OSM yards_landuse.json; exact mapped geometry, not surveyed. Scope=grounds; do not expand to surrounding grounds.","area_m2":721.3,"method":"OSM mapped polygon; semantic interpretation estimated","tags":{"leisure":"pitch","sport":"tennis"}},"geometry":{"type":"Polygon","coordinates":[[[28358.025065846625,-19498.160503367428],[28385.408776419354,-19527.05904999189],[28372.169580327696,-19539.438819214003],[28344.796803190955,-19510.529190531466],[28358.025065846625,-19498.160503367428]]]}},{"type":"Feature","id":"way/1035239300","properties":{"osm_ids":"way/1035239300","polygon":"","kind":"pitch","town":"Long Xuyên","name":"","scope":"grounds","source":"https://www.openstreetmap.org/way/1035239300","estimate":"yes","notes":"Cached OSM yards_landuse.json; exact mapped geometry, not surveyed. Scope=grounds; do not expand to surrounding grounds.","area_m2":6479.6,"method":"OSM mapped polygon; semantic interpretation estimated","tags":{"leisure":"pitch","sport":"soccer"}},"geometry":{"type":"Polygon","coordinates":[[[28337.853431198513,-20749.998806498945],[28267.35583359853,-20677.672113341978],[28313.60006471083,-20633.193340088008],[28384.086744646193,-20705.531013494125],[28337.853431198513,-20749.998806498945]]]}},{"type":"Feature","id":"way/1035283534","properties":{"osm_ids":"way/1035283534","polygon":"","kind":"construction","town":"Long Xuyên","name":"","scope":"grounds","source":"https://www.openstreetmap.org/way/1035283534","estimate":"yes","notes":"Cached OSM yards_landuse.json; exact mapped geometry, not surveyed. Scope=grounds; do not expand to surrounding grounds.","area_m2":1689.8,"method":"OSM mapped polygon; semantic interpretation estimated","tags":{"landuse":"construction"}},"geometry":{"type":"Polygon","coordinates":[[[27701.44123405358,-20776.370304513024],[27696.138991814456,-20740.906844610814],[27728.61171290849,-20736.1196680679],[27744.057825218188,-20760.600981983356],[27742.600004450185,-20767.3144990406],[27703.727911555325,-20791.72528706165],[27701.44123405358,-20776.370304513024]]]}},{"type":"Feature","id":"way/1056582855","properties":{"osm_ids":"way/1056582855","polygon":"","kind":"school","town":"province rural","name":"Trường Trung học phổ thông Chi Lăng","scope":"grounds","source":"https://www.openstreetmap.org/way/1056582855","estimate":"yes","notes":"Cached OSM yards_landuse.json; exact mapped geometry, not surveyed. Scope=grounds; do not expand to surrounding grounds.","area_m2":16441.6,"method":"OSM mapped polygon; semantic interpretation estimated","tags":{"amenity":"school","name":"Trường Trung học phổ thông Chi Lăng"}},"geometry":{"type":"Polygon","coordinates":[[[-15479.64564105065,-4047.851682598237],[-15453.038687829801,-4029.0081528755836],[-15435.29985402734,-4057.8753064845223],[-15406.845927774615,-4119.557607029332],[-15397.367674245208,-4148.11606041342],[-15457.519358586811,-4177.754647479625],[-15486.676223683404,-4192.120476738084],[-15507.75889430585,-4202.516055648681],[-15540.185955103894,-4125.951756886672],[-15577.816795218387,-4088.274444485316],[-15479.64564105065,-4047.851682598237]]]}},{"type":"Feature","id":"way/1056582859","properties":{"osm_ids":"way/1056582859","polygon":"","kind":"school","town":"province rural","name":"Trường Trung học cơ sở Cao Bá Quát","scope":"grounds","source":"https://www.openstreetmap.org/way/1056582859","estimate":"yes","notes":"Cached OSM yards_landuse.json; exact mapped geometry, not surveyed. Scope=grounds; do not expand to surrounding grounds.","area_m2":10054.8,"method":"OSM mapped polygon; semantic interpretation estimated","tags":{"amenity":"school","name":"Trường Trung học cơ sở Cao Bá Quát"}},"geometry":{"type":"Polygon","coordinates":[[[-15457.519358586811,-4177.754647479625],[-15396.215289211483,-4180.313090782147],[-15366.279007829027,-4189.630583631108],[-15341.02788143407,-4275.936487752479],[-15395.315846241312,-4299.8471452503],[-15396.771390772366,-4296.640858515166],[-15405.88769308658,-4276.52969837049],[-15416.456741118454,-4278.565296416869],[-15437.292655099416,-4244.457610951271],[-15486.676223683404,-4192.120476738084],[-15457.519358586811,-4177.754647479625]]]}},{"type":"Feature","id":"way/1056582864","properties":{"osm_ids":"way/1056582864","polygon":"","kind":"school","town":"province rural","name":"Trường Tiểu học B Chi Lăng","scope":"grounds","source":"https://www.openstreetmap.org/way/1056582864","estimate":"yes","notes":"Cached OSM yards_landuse.json; exact mapped geometry, not surveyed. Scope=grounds; do not expand to surrounding grounds.","area_m2":3742.5,"method":"OSM mapped polygon; semantic interpretation estimated","tags":{"amenity":"school","name":"Trường Tiểu học B Chi Lăng"}},"geometry":{"type":"Polygon","coordinates":[[[-15342.042484195845,-4399.849208371248],[-15378.726964387111,-4415.59805858694],[-15397.353867377446,-4372.313081215136],[-15409.46900665178,-4344.009225948015],[-15414.83160120569,-4331.637351351557],[-15377.567533223599,-4313.842982119648],[-15342.042484195845,-4399.849208371248]]]}},{"type":"Feature","id":"way/1056582867","properties":{"osm_ids":"way/1056582867","polygon":"","kind":"marketplace","town":"province rural","name":"Chợ Chi Lăng","scope":"building","source":"https://www.openstreetmap.org/way/1056582867","estimate":"yes","notes":"Cached OSM yards_landuse.json; exact mapped geometry, not surveyed. Scope=building; do not expand to surrounding grounds.","area_m2":1568.2,"method":"OSM mapped polygon; semantic interpretation estimated","tags":{"addr:city":"Phường Chi Lăng","addr:district":"Tịnh Biên","addr:province":"An Giang","addr:subdistrict":"Chi Lăng","amenity":"marketplace","building":"yes","name":"Chợ Chi Lăng"}},"geometry":{"type":"Polygon","coordinates":[[[-16184.594068001898,-4345.357272649184],[-16217.537297963398,-4357.069197320845],[-16232.749334151391,-4314.87808736437],[-16199.817081839254,-4303.155121170217],[-16184.594068001898,-4345.357272649184]]]}},{"type":"Feature","id":"way/1056582875","properties":{"osm_ids":"way/1056582875","polygon":"","kind":"school","town":"Thoại Sơn","name":"Trường Trung học phổ thông Nguyễn Văn Thoại","scope":"grounds","source":"https://www.openstreetmap.org/way/1056582875","estimate":"yes","notes":"Cached OSM yards_landuse.json; exact mapped geometry, not surveyed. Scope=grounds; do not expand to surrounding grounds.","area_m2":17886.3,"method":"OSM mapped polygon; semantic interpretation estimated","tags":{"amenity":"school","name":"Trường Trung học phổ thông Nguyễn Văn Thoại"}},"geometry":{"type":"Polygon","coordinates":[[[10095.59317938378,-34448.89871592098],[10122.673795921612,-34500.41123125376],[10131.481311407872,-34517.15472404589],[10125.04551935161,-34547.51057290216],[10087.504829520709,-34612.33372489037],[10068.093263328308,-34591.33116132952],[10066.910857060808,-34578.49537720019],[9960.512959196349,-34487.532068561064],[10017.425684703514,-34409.28128677909],[10095.59317938378,-34448.89871592098]]]}},{"type":"Feature","id":"way/1056608673","properties":{"osm_ids":"way/1056608673","polygon":"","kind":"school","town":"province rural","name":"Trường Tiểu học B Vĩnh Trạch","scope":"grounds","source":"https://www.openstreetmap.org/way/1056608673","estimate":"yes","notes":"Cached OSM yards_landuse.json; exact mapped geometry, not surveyed. Scope=grounds; do not expand to surrounding grounds.","area_m2":4652.1,"method":"OSM mapped polygon; semantic interpretation estimated","tags":{"amenity":"school","name":"Trường Tiểu học B Vĩnh Trạch"}},"geometry":{"type":"Polygon","coordinates":[[[15484.085540445987,-24173.51415072661],[15446.370483892271,-24151.34961382998],[15435.02202094777,-24144.682587901363],[15424.189508256852,-24139.430311975302],[15421.801754803513,-24138.271719500422],[15415.098211835837,-24134.707031401573],[15401.52683769702,-24127.500416912837],[15428.48827557196,-24080.504582060734],[15475.20252369449,-24102.925564436708],[15497.291617734474,-24165.617563988548],[15497.88605068135,-24179.91336295847],[15484.085540445987,-24173.51415072661]]]}},{"type":"Feature","id":"way/1056608685","properties":{"osm_ids":"way/1056608685","polygon":"","kind":"school","town":"Long Xuyên","name":"Trường Trung học phổ thông Võ Thành Trinh","scope":"grounds","source":"https://www.openstreetmap.org/way/1056608685","estimate":"yes","notes":"Cached OSM yards_landuse.json; exact mapped geometry, not surveyed. Scope=grounds; do not expand to surrounding grounds.","area_m2":8869.5,"method":"OSM mapped polygon; semantic interpretation estimated","tags":{"amenity":"school","name":"Trường Trung học phổ thông Võ Thành Trinh"}},"geometry":{"type":"Polygon","coordinates":[[[30879.028566187248,-19577.75881668739],[30950.058072840096,-19561.026775406906],[30944.446363188094,-19540.911176409805],[30951.448137517087,-19538.158950405195],[30962.355608320562,-19533.886284090346],[31014.446857736446,-19622.7755182751],[30919.95637242333,-19660.549750283128],[30879.028566187248,-19577.75881668739]]]}},{"type":"Feature","id":"way/1061579250","properties":{"osm_ids":"way/1061579250","polygon":"","kind":"park","town":"An Phú","name":"","scope":"grounds","source":"https://www.openstreetmap.org/way/1061579250","estimate":"yes","notes":"Cached OSM yards_landuse.json; exact mapped geometry, not surveyed. Scope=grounds; do not expand to surrounding grounds.","area_m2":3355.3,"method":"OSM mapped polygon; semantic interpretation estimated","tags":{"leisure":"park"}},"geometry":{"type":"Polygon","coordinates":[[[-9372.040651365416,27194.640039974125],[-9431.84012349334,27141.31706619053],[-9459.701722653,27172.478416085243],[-9399.32299855916,27226.088990953984],[-9372.040651365416,27194.640039974125]]]}},{"type":"Feature","id":"way/1069979438","properties":{"osm_ids":"way/1069979438","polygon":"","kind":"school","town":"Long Xuyên","name":"Trường Trung học cơ sở Lý Thường Kiệt","scope":"grounds","source":"https://www.openstreetmap.org/way/1069979438","estimate":"yes","notes":"Cached OSM yards_landuse.json; exact mapped geometry, not surveyed. Scope=grounds; do not expand to surrounding grounds.","area_m2":3274.4,"method":"OSM mapped polygon; semantic interpretation estimated","tags":{"amenity":"school","grades":"6-9","name":"Trường Trung học cơ sở Lý Thường Kiệt","name:en":"Ly Thuong Kiet Junior High School"}},"geometry":{"type":"Polygon","coordinates":[[[28292.17272475583,-20052.346683942713],[28342.956424633157,-20110.20460319915],[28315.24719425803,-20139.819750043564],[28259.80688855436,-20078.80586075969],[28292.17272475583,-20052.346683942713]]]}},{"type":"Feature","id":"way/1069981928","properties":{"osm_ids":"way/1069981928","polygon":"","kind":"school","town":"province rural","name":"Tiểu học Nguyễn Văn Cưng","scope":"grounds","source":"https://www.openstreetmap.org/way/1069981928","estimate":"yes","notes":"Cached OSM yards_landuse.json; exact mapped geometry, not surveyed. Scope=grounds; do not expand to surrounding grounds.","area_m2":3014.9,"method":"OSM mapped polygon; semantic interpretation estimated","tags":{"amenity":"school","name":"Tiểu học Nguyễn Văn Cưng","name:en":"Nguyen Van Cung Primary School"}},"geometry":{"type":"Polygon","coordinates":[[[32743.74196860497,-25714.17943101586],[32786.71562922397,-25744.334243429126],[32753.388313730014,-25788.390476280125],[32707.22816290136,-25757.91970069264],[32743.74196860497,-25714.17943101586]]]}},{"type":"Feature","id":"way/1107305573","properties":{"osm_ids":"way/1107305573","polygon":"","kind":"park","town":"Thoại Sơn","name":"Công viên 19/4","scope":"grounds","source":"https://www.openstreetmap.org/way/1107305573","estimate":"yes","notes":"Cached OSM yards_landuse.json; exact mapped geometry, not surveyed. Scope=grounds; do not expand to surrounding grounds.","area_m2":1332.2,"method":"OSM mapped polygon; semantic interpretation estimated","tags":{"leisure":"park","name":"Công viên 19/4"}},"geometry":{"type":"Polygon","coordinates":[[[10703.820132363937,-32479.108763704542],[10777.654811324901,-32501.137155941222],[10769.870276751928,-32515.318430489162],[10698.569195282296,-32498.11963092629],[10703.820132363937,-32479.108763704542]]]}},{"type":"Feature","id":"way/1107305751","properties":{"osm_ids":"way/1107305751","polygon":"","kind":"park","town":"Thoại Sơn","name":"Khu du lịch Hồ Ông Thoại","scope":"grounds","source":"https://www.openstreetmap.org/way/1107305751","estimate":"yes","notes":"Cached OSM yards_landuse.json; exact mapped geometry, not surveyed. Scope=grounds; do not expand to surrounding grounds.","area_m2":70423.0,"method":"OSM mapped polygon; semantic interpretation estimated","tags":{"leisure":"park","name":"Khu du lịch Hồ Ông Thoại"}},"geometry":{"type":"Polygon","coordinates":[[[10020.48181732127,-33948.01751846215],[10057.840129562072,-33875.31115854508],[10080.978908798192,-33862.02395602479],[10121.0512315433,-33866.4132903975],[10172.710266199894,-33884.945435034344],[10234.198278797674,-33910.79985523992],[10259.918303627637,-33998.60134021216],[10311.224817619775,-34027.38309776434],[10342.290755033959,-34064.90545464563],[10343.699234220432,-34125.24041859247],[10291.085146704572,-34156.795941024786],[10231.027590911719,-34152.82152660657],[10152.757417790242,-34160.261589303846],[10077.818296722136,-34117.42412909609],[9981.579318736796,-34033.982032085536],[10020.48181732127,-33948.01751846215]]]}},{"type":"Feature","id":"way/1107307940","properties":{"osm_ids":"way/1107307940","polygon":"","kind":"park","town":"province rural","name":"Công viên Vĩnh Hanh","scope":"grounds","source":"https://www.openstreetmap.org/way/1107307940","estimate":"yes","notes":"Cached OSM yards_landuse.json; exact mapped geometry, not surveyed. Scope=grounds; do not expand to surrounding grounds.","area_m2":4878.1,"method":"OSM mapped polygon; semantic interpretation estimated","tags":{"leisure":"park","name":"Công viên Vĩnh Hanh"}},"geometry":{"type":"Polygon","coordinates":[[[8611.799054315896,-12801.067361481255],[8584.21921032865,-12813.782704376848],[8542.824652242707,-12822.46233385522],[8488.536769966478,-12829.70380314882],[8447.040218072361,-12834.060202267254],[8408.22896619048,-12829.72378825862],[8407.933949923376,-12816.610697590746],[8611.731918874662,-12785.63216561242],[8627.43510186125,-12783.662483252585],[8626.401117726346,-12790.750704562524],[8611.799054315896,-12801.067361481255]]]}},{"type":"Feature","id":"way/1107763119","properties":{"osm_ids":"way/1107763119","polygon":"","kind":"park","town":"Long Xuyên","name":"Công viên Tây Sông Hậu","scope":"grounds","source":"https://www.openstreetmap.org/way/1107763119","estimate":"yes","notes":"Cached OSM yards_landuse.json; exact mapped geometry, not surveyed. Scope=grounds; do not expand to surrounding grounds.","area_m2":10543.0,"method":"OSM mapped polygon; semantic interpretation estimated","tags":{"leisure":"park","name":"Công viên Tây Sông Hậu"}},"geometry":{"type":"Polygon","coordinates":[[[30593.61052131187,-22050.405428170227],[30377.030724595068,-22181.761126511963],[30354.996600259678,-22145.21607202594],[30574.642916005338,-22014.87336192862],[30593.61052131187,-22050.405428170227]]]}},{"type":"Feature","id":"way/1107763847","properties":{"osm_ids":"way/1107763847","polygon":"","kind":"park","town":"Long Xuyên","name":"Công viên Nhà Thiếu Nhi","scope":"grounds","source":"https://www.openstreetmap.org/way/1107763847","estimate":"yes","notes":"Cached OSM yards_landuse.json; exact mapped geometry, not surveyed. Scope=grounds; do not expand to surrounding grounds.","area_m2":20643.0,"method":"OSM mapped polygon; semantic interpretation estimated","tags":{"leisure":"park","name":"Công viên Nhà Thiếu Nhi"}},"geometry":{"type":"Polygon","coordinates":[[[29762.9020758837,-21031.369124804158],[29806.441748666693,-21088.483354534954],[29889.767142086057,-21039.936560243368],[29958.021294884384,-21140.779168555513],[29838.928495608852,-21217.95870617591],[29728.874128314666,-21051.253115942236],[29762.9020758837,-21031.369124804158]]]}},{"type":"Feature","id":"way/1108259105","properties":{"osm_ids":"way/1108259105","polygon":"","kind":"park","town":"Châu Đốc","name":"Công viên Châu Đốc","scope":"grounds","source":"https://www.openstreetmap.org/way/1108259105","estimate":"yes","notes":"Cached OSM yards_landuse.json; exact mapped geometry, not surveyed. Scope=grounds; do not expand to surrounding grounds.","area_m2":30861.3,"method":"OSM mapped polygon; semantic interpretation estimated","tags":{"leisure":"park","name":"Công viên Châu Đốc"}},"geometry":{"type":"Polygon","coordinates":[[[-5859.453966243309,15462.24026775523],[-5797.381513967412,15420.392512227641],[-5618.783317880239,15318.033104302594],[-5407.040232849307,15216.362629224313],[-5384.025787643855,15198.91325090453],[-5387.149249353271,15189.237216805806],[-5399.583914774295,15192.969351839041],[-5403.487587228534,15192.636050501373],[-5405.542673868185,15190.921396857826],[-5417.593766249949,15192.586061666952],[-5420.958905573236,15185.59675012366],[-5539.400619304099,15223.230410911608],[-5651.778691530402,15274.721168207703],[-5762.305733866058,15346.977824029513],[-5888.343882971443,15433.956461889436],[-5994.650799230032,15566.696584505262],[-5966.062664749275,15583.702181717847],[-5859.453966243309,15462.24026775523]]]}},{"type":"Feature","id":"way/1108259589","properties":{"osm_ids":"way/1108259589","polygon":"","kind":"park","town":"Châu Đốc","name":"","scope":"grounds","source":"https://www.openstreetmap.org/way/1108259589","estimate":"yes","notes":"Cached OSM yards_landuse.json; exact mapped geometry, not surveyed. Scope=grounds; do not expand to surrounding grounds.","area_m2":2037.1,"method":"OSM mapped polygon; semantic interpretation estimated","tags":{"leisure":"park"}},"geometry":{"type":"Polygon","coordinates":[[[-6279.758311415615,15456.327211146709],[-6280.446032491047,15453.242083334597],[-6329.913207450416,15417.896513309563],[-6335.260740031546,15418.779023995157],[-6349.428478787886,15437.072734424844],[-6347.517370803456,15443.663351746509],[-6297.382639247342,15477.582816577284],[-6293.948852215719,15477.020229244139],[-6279.758311415615,15456.327211146709]]]}},{"type":"Feature","id":"way/1108260166","properties":{"osm_ids":"way/1108260166","polygon":"","kind":"park","town":"Châu Đốc","name":"Công viên","scope":"grounds","source":"https://www.openstreetmap.org/way/1108260166","estimate":"yes","notes":"Cached OSM yards_landuse.json; exact mapped geometry, not surveyed. Scope=grounds; do not expand to surrounding grounds.","area_m2":1524.5,"method":"OSM mapped polygon; semantic interpretation estimated","tags":{"leisure":"park","name":"Công viên"}},"geometry":{"type":"Polygon","coordinates":[[[-7407.687641485187,14549.329619524535],[-7443.687389551778,14520.60242870613],[-7465.698464948509,14547.54032662278],[-7429.030753883591,14573.614082552958],[-7407.687641485187,14549.329619524535]]]}},{"type":"Feature","id":"way/1108260510","properties":{"osm_ids":"way/1108260510","polygon":"","kind":"park","town":"Châu Phú","name":"Công viên","scope":"grounds","source":"https://www.openstreetmap.org/way/1108260510","estimate":"yes","notes":"Cached OSM yards_landuse.json; exact mapped geometry, not surveyed. Scope=grounds; do not expand to surrounding grounds.","area_m2":981.9,"method":"OSM mapped polygon; semantic interpretation estimated","tags":{"leisure":"park","name":"Công viên"}},"geometry":{"type":"Polygon","coordinates":[[[7631.055330369505,126.66650162963197],[7596.075097652734,105.32147366623394],[7579.96809452388,123.5747569706291],[7615.210876922123,144.91997480369173],[7631.055330369505,126.66650162963197]]]}},{"type":"Feature","id":"way/1108260605","properties":{"osm_ids":"way/1108260605","polygon":"","kind":"park","town":"Châu Phú","name":"Công viên","scope":"grounds","source":"https://www.openstreetmap.org/way/1108260605","estimate":"yes","notes":"Cached OSM yards_landuse.json; exact mapped geometry, not surveyed. Scope=grounds; do not expand to surrounding grounds.","area_m2":913.5,"method":"OSM mapped polygon; semantic interpretation estimated","tags":{"leisure":"park","name":"Công viên"}},"geometry":{"type":"Polygon","coordinates":[[[7473.646055250079,-217.52344350866042],[7441.377803641604,-237.95952221006155],[7426.396117264405,-217.85879942262545],[7458.665720093646,-199.16971400915645],[7473.646055250079,-217.52344350866042]]]}},{"type":"Feature","id":"way/1108260812","properties":{"osm_ids":"way/1108260812","polygon":"","kind":"park","town":"Châu Phú","name":"Công viên","scope":"grounds","source":"https://www.openstreetmap.org/way/1108260812","estimate":"yes","notes":"Cached OSM yards_landuse.json; exact mapped geometry, not surveyed. Scope=grounds; do not expand to surrounding grounds.","area_m2":2739.6,"method":"OSM mapped polygon; semantic interpretation estimated","tags":{"leisure":"park","name":"Công viên"}},"geometry":{"type":"Polygon","coordinates":[[[7261.958691832959,-249.86329783988185],[7231.391333069536,-277.19732473720796],[7186.045982744545,-222.2245743290987],[7216.233985996456,-199.5015812460333],[7261.958691832959,-249.86329783988185]]]}},{"type":"Feature","id":"way/1108260997","properties":{"osm_ids":"way/1108260997","polygon":"","kind":"park","town":"Châu Phú","name":"Công viên","scope":"grounds","source":"https://www.openstreetmap.org/way/1108260997","estimate":"yes","notes":"Cached OSM yards_landuse.json; exact mapped geometry, not surveyed. Scope=grounds; do not expand to surrounding grounds.","area_m2":5551.4,"method":"OSM mapped polygon; semantic interpretation estimated","tags":{"leisure":"park","name":"Công viên"}},"geometry":{"type":"Polygon","coordinates":[[[7257.043970175553,446.23837618366815],[7225.956703602453,412.98851615726016],[7134.339115149109,507.3653433260042],[7164.249818226206,534.2123024498578],[7257.043970175553,446.23837618366815]]]}},{"type":"Feature","id":"way/1108261072","properties":{"osm_ids":"way/1108261072","polygon":"","kind":"park","town":"Châu Phú","name":"Công viên","scope":"grounds","source":"https://www.openstreetmap.org/way/1108261072","estimate":"yes","notes":"Cached OSM yards_landuse.json; exact mapped geometry, not surveyed. Scope=grounds; do not expand to surrounding grounds.","area_m2":24849.3,"method":"OSM mapped polygon; semantic interpretation estimated","tags":{"leisure":"park","name":"Công viên"}},"geometry":{"type":"Polygon","coordinates":[[[7094.271769666229,713.7436205591075],[7195.892962370068,598.3774710944854],[7080.362223928678,492.7508779433556],[6972.278602983453,618.605354760075],[7094.271769666229,713.7436205591075]]]}},{"type":"Feature","id":"way/1108261283","properties":{"osm_ids":"way/1108261283","polygon":"","kind":"park","town":"Châu Phú","name":"Công viên","scope":"grounds","source":"https://www.openstreetmap.org/way/1108261283","estimate":"yes","notes":"Cached OSM yards_landuse.json; exact mapped geometry, not surveyed. Scope=grounds; do not expand to surrounding grounds.","area_m2":740.7,"method":"OSM mapped polygon; semantic interpretation estimated","tags":{"leisure":"park","name":"Công viên"}},"geometry":{"type":"Polygon","coordinates":[[[6357.529576559551,1098.0621330561116],[6351.2523884759285,1095.1605451626237],[6345.160511823604,1093.1436441985425],[6338.377907586866,1093.1717432499863],[6331.068903034553,1094.935374013614],[6318.554317731294,1109.0787773667835],[6317.651477277046,1116.828947424423],[6321.200663452735,1125.1242286469787],[6323.200352769112,1128.1552968095057],[6326.146171170985,1124.066467359895],[6330.196166247246,1120.95146528841],[6334.725935660186,1119.9376218677498],[6338.544174357783,1119.5313732521608],[6357.529576559551,1098.0621330561116]]]}},{"type":"Feature","id":"way/1108261351","properties":{"osm_ids":"way/1108261351","polygon":"","kind":"park","town":"province rural","name":"Công viên","scope":"grounds","source":"https://www.openstreetmap.org/way/1108261351","estimate":"yes","notes":"Cached OSM yards_landuse.json; exact mapped geometry, not surveyed. Scope=grounds; do not expand to surrounding grounds.","area_m2":4874.8,"method":"OSM mapped polygon; semantic interpretation estimated","tags":{"leisure":"park","name":"Công viên"}},"geometry":{"type":"Polygon","coordinates":[[[16101.052617292153,-5825.4482955702115],[16076.790976416902,-5832.848150692182],[16024.357485189452,-5651.7239114323165],[16045.545662417077,-5634.951007523574],[16101.052617292153,-5825.4482955702115]]]}},{"type":"Feature","id":"way/1108261384","properties":{"osm_ids":"way/1108261384","polygon":"","kind":"park","town":"province rural","name":"Công viên","scope":"grounds","source":"https://www.openstreetmap.org/way/1108261384","estimate":"yes","notes":"Cached OSM yards_landuse.json; exact mapped geometry, not surveyed. Scope=grounds; do not expand to surrounding grounds.","area_m2":3103.4,"method":"OSM mapped polygon; semantic interpretation estimated","tags":{"leisure":"park","name":"Công viên"}},"geometry":{"type":"Polygon","coordinates":[[[15803.895141249755,-5839.993549964391],[15829.165885600494,-5931.540851166006],[15802.456572856288,-5942.337463807315],[15769.45349229977,-5865.039271983085],[15803.895141249755,-5839.993549964391]]]}},{"type":"Feature","id":"way/1108262028","properties":{"osm_ids":"way/1108262028","polygon":"","kind":"park","town":"Châu Đốc","name":"KDL Cáp treo Núi Sam","scope":"grounds","source":"https://www.openstreetmap.org/way/1108262028","estimate":"yes","notes":"Cached OSM yards_landuse.json; exact mapped geometry, not surveyed. Scope=grounds; do not expand to surrounding grounds.","area_m2":70400.0,"method":"OSM mapped polygon; semantic interpretation estimated","tags":{"leisure":"park","name":"KDL Cáp treo Núi Sam"}},"geometry":{"type":"Polygon","coordinates":[[[-10275.816738895315,12694.705235744826],[-10309.549740322924,12637.676278040279],[-10378.331110998872,12659.982031597523],[-10400.904622022877,12625.335104045458],[-10416.89181242371,12579.212909441674],[-10441.324379890459,12586.316123440862],[-10658.33281544986,12661.579821602674],[-10801.777973597927,12704.58818448498],[-10737.547043332714,12860.32859509904],[-10275.816738895315,12694.705235744826]]]}},{"type":"Feature","id":"way/1108262113","properties":{"osm_ids":"way/1108262113","polygon":"","kind":"park","town":"Châu Đốc","name":"Công viên","scope":"grounds","source":"https://www.openstreetmap.org/way/1108262113","estimate":"yes","notes":"Cached OSM yards_landuse.json; exact mapped geometry, not surveyed. Scope=grounds; do not expand to surrounding grounds.","area_m2":1049.0,"method":"OSM mapped polygon; semantic interpretation estimated","tags":{"addr:district":"Châu Đốc","addr:province":"An Giang","addr:subdistrict":"Núi Sam","leisure":"park","name":"Công viên"}},"geometry":{"type":"Polygon","coordinates":[[[-10489.054915675835,12356.166942959884],[-10539.554764028697,12389.844152342528],[-10529.880132591585,12404.165222259704],[-10479.380295776646,12370.488027137006],[-10489.054915675835,12356.166942959884]]]}},{"type":"Feature","id":"way/1108262160","properties":{"osm_ids":"way/1108262160","polygon":"","kind":"park","town":"Châu Đốc","name":"Công viên","scope":"grounds","source":"https://www.openstreetmap.org/way/1108262160","estimate":"yes","notes":"Cached OSM yards_landuse.json; exact mapped geometry, not surveyed. Scope=grounds; do not expand to surrounding grounds.","area_m2":1326.9,"method":"OSM mapped polygon; semantic interpretation estimated","tags":{"leisure":"park","name":"Công viên"}},"geometry":{"type":"Polygon","coordinates":[[[-10765.280993824359,12556.314098782605],[-10804.095668348717,12569.43996793474],[-10799.882148542441,12600.588104028488],[-10762.98279661982,12593.531962438254],[-10765.280993824359,12556.314098782605]]]}},{"type":"Feature","id":"way/1108262450","properties":{"osm_ids":"way/1108262450","polygon":"","kind":"park","town":"Tịnh Biên","name":"Công viên","scope":"grounds","source":"https://www.openstreetmap.org/way/1108262450","estimate":"yes","notes":"Cached OSM yards_landuse.json; exact mapped geometry, not surveyed. Scope=grounds; do not expand to surrounding grounds.","area_m2":8324.4,"method":"OSM mapped polygon; semantic interpretation estimated","tags":{"leisure":"park","name":"Công viên"}},"geometry":{"type":"Polygon","coordinates":[[[-19482.75298184005,5189.6934612866025],[-19590.374974755163,5136.235080447048],[-19631.797418201226,5192.392952453578],[-19517.20788228867,5246.614052204881],[-19482.75298184005,5189.6934612866025]]]}},{"type":"Feature","id":"way/1108262648","properties":{"osm_ids":"way/1108262648","polygon":"","kind":"park","town":"Tịnh Biên","name":"Công viên","scope":"grounds","source":"https://www.openstreetmap.org/way/1108262648","estimate":"yes","notes":"Cached OSM yards_landuse.json; exact mapped geometry, not surveyed. Scope=grounds; do not expand to surrounding grounds.","area_m2":35928.0,"method":"OSM mapped polygon; semantic interpretation estimated","tags":{"leisure":"park","name":"Công viên"}},"geometry":{"type":"Polygon","coordinates":[[[-18098.255601155804,5860.844675230095],[-18108.316127537575,5783.148379946826],[-18238.389860179974,5726.987145095365],[-18357.62940432632,5877.754255839856],[-18234.52448231849,5966.985668324633],[-18098.255601155804,5860.844675230095]]]}},{"type":"Feature","id":"way/1108263348","properties":{"osm_ids":"way/1108263348","polygon":"","kind":"park","town":"province rural","name":"Công viên","scope":"grounds","source":"https://www.openstreetmap.org/way/1108263348","estimate":"yes","notes":"Cached OSM yards_landuse.json; exact mapped geometry, not surveyed. Scope=grounds; do not expand to surrounding grounds.","area_m2":1697.2,"method":"OSM mapped polygon; semantic interpretation estimated","tags":{"leisure":"park","name":"Công viên"}},"geometry":{"type":"Polygon","coordinates":[[[-29191.49929070729,-8398.503343814751],[-29209.88393832062,-8364.642372582573],[-29169.99228864012,-8344.265410919674],[-29152.953776076494,-8378.89994025859],[-29191.49929070729,-8398.503343814751]]]}},{"type":"Feature","id":"way/1110291961","properties":{"osm_ids":"way/1110291961","polygon":"","kind":"park","town":"Long Xuyên","name":"","scope":"grounds","source":"https://www.openstreetmap.org/way/1110291961","estimate":"yes","notes":"Cached OSM yards_landuse.json; exact mapped geometry, not surveyed. Scope=grounds; do not expand to surrounding grounds.","area_m2":7514.3,"method":"OSM mapped polygon; semantic interpretation estimated","tags":{"leisure":"park"}},"geometry":{"type":"Polygon","coordinates":[[[32541.98199865548,-25416.79206100735],[32491.28536611609,-25457.291300514946],[32414.048959126696,-25371.17220311612],[32462.422809189884,-25329.526581304148],[32541.98199865548,-25416.79206100735]]]}},{"type":"Feature","id":"way/1110292271","properties":{"osm_ids":"way/1110292271","polygon":"","kind":"park","town":"Long Xuyên","name":"","scope":"grounds","source":"https://www.openstreetmap.org/way/1110292271","estimate":"yes","notes":"Cached OSM yards_landuse.json; exact mapped geometry, not surveyed. Scope=grounds; do not expand to surrounding grounds.","area_m2":9642.7,"method":"OSM mapped polygon; semantic interpretation estimated","tags":{"leisure":"park"}},"geometry":{"type":"Polygon","coordinates":[[[31491.721247865586,-24142.956005812855],[31401.064134486835,-24243.020213577664],[31352.024316551513,-24187.375266113784],[31442.687827376765,-24091.733953842195],[31491.721247865586,-24142.956005812855]]]}},{"type":"Feature","id":"way/1110293292","properties":{"osm_ids":"way/1110293292","polygon":"","kind":"park","town":"Long Xuyên","name":"","scope":"grounds","source":"https://www.openstreetmap.org/way/1110293292","estimate":"yes","notes":"Cached OSM yards_landuse.json; exact mapped geometry, not surveyed. Scope=grounds; do not expand to surrounding grounds.","area_m2":8447.2,"method":"OSM mapped polygon; semantic interpretation estimated","tags":{"leisure":"park"}},"geometry":{"type":"Polygon","coordinates":[[[29927.756137203774,-22696.19113135268],[29991.80656457157,-22787.12157251197],[29917.732909685234,-22823.857606088743],[29863.216099884245,-22739.459332883824],[29927.756137203774,-22696.19113135268]]]}},{"type":"Feature","id":"way/1110293294","properties":{"osm_ids":"way/1110293294","polygon":"","kind":"park","town":"Long Xuyên","name":"","scope":"grounds","source":"https://www.openstreetmap.org/way/1110293294","estimate":"yes","notes":"Cached OSM yards_landuse.json; exact mapped geometry, not surveyed. Scope=grounds; do not expand to surrounding grounds.","area_m2":1006.3,"method":"OSM mapped polygon; semantic interpretation estimated","tags":{"leisure":"park"}},"geometry":{"type":"Polygon","coordinates":[[[22747.984511970775,-20891.390813020756],[22710.856434347574,-20912.43249391229],[22688.23525265255,-20899.09197333781],[22714.20381266391,-20883.205190233653],[22726.5887808986,-20877.562339104712],[22747.984511970775,-20891.390813020756]]]}},{"type":"Feature","id":"way/1110293295","properties":{"osm_ids":"way/1110293295","polygon":"","kind":"park","town":"Long Xuyên","name":"","scope":"grounds","source":"https://www.openstreetmap.org/way/1110293295","estimate":"yes","notes":"Cached OSM yards_landuse.json; exact mapped geometry, not surveyed. Scope=grounds; do not expand to surrounding grounds.","area_m2":6173.0,"method":"OSM mapped polygon; semantic interpretation estimated","tags":{"leisure":"park"}},"geometry":{"type":"Polygon","coordinates":[[[22370.2944164098,-21814.504786901176],[22344.517873303266,-21836.07426425279],[22327.502749670646,-21851.629414164927],[22278.47800542577,-21802.540114291478],[22325.435749333818,-21743.064692609478],[22343.85952110542,-21761.330759302014],[22349.991715492913,-21753.694223086815],[22387.448700636975,-21796.34003216005],[22370.2944164098,-21814.504786901176]]]}},{"type":"Feature","id":"way/1110296143","properties":{"osm_ids":"way/1110296143","polygon":"","kind":"park","town":"province rural","name":"","scope":"grounds","source":"https://www.openstreetmap.org/way/1110296143","estimate":"yes","notes":"Cached OSM yards_landuse.json; exact mapped geometry, not surveyed. Scope=grounds; do not expand to surrounding grounds.","area_m2":15949.2,"method":"OSM mapped polygon; semantic interpretation estimated","tags":{"leisure":"park"}},"geometry":{"type":"Polygon","coordinates":[[[19537.17337881506,-25098.73240215401],[19314.76610321831,-25101.2779988884],[19311.804348518257,-25086.1002858188],[19316.900993564166,-25071.488646165002],[19318.79974508274,-25055.918588981964],[19320.379965705448,-25039.409055141732],[19320.732610891573,-25031.56940002716],[19533.979653960443,-25022.51039363374],[19537.17337881506,-25098.73240215401]]]}},{"type":"Feature","id":"way/1110296144","properties":{"osm_ids":"way/1110296144","polygon":"","kind":"park","town":"province rural","name":"","scope":"grounds","source":"https://www.openstreetmap.org/way/1110296144","estimate":"yes","notes":"Cached OSM yards_landuse.json; exact mapped geometry, not surveyed. Scope=grounds; do not expand to surrounding grounds.","area_m2":23913.7,"method":"OSM mapped polygon; semantic interpretation estimated","tags":{"leisure":"park"}},"geometry":{"type":"Polygon","coordinates":[[[19182.067463059095,-24894.595618817024],[19204.920284890337,-24898.53990013548],[19226.1729665444,-24900.904804779682],[19251.747129057883,-24900.556027500657],[19277.15847178956,-24901.478942023823],[19290.273013245896,-24910.354162093485],[19304.504087004345,-24919.073352125473],[19319.86130942765,-24936.360310589196],[19324.357070821337,-24952.708353114547],[19324.534600671497,-24964.782176259905],[19319.443045511143,-24983.993439080426],[19317.544640528038,-24999.873086907435],[19315.964774385677,-25016.70326761785],[19315.18726893235,-25036.396273302147],[19312.331034946954,-25057.36310052988],[19308.50365739735,-25071.332047227537],[19300.19881406054,-25075.63123190473],[19282.786590125994,-25081.211974338163],[19267.454478819272,-25086.779361821013],[19248.27960779157,-25092.36202653544],[19235.65737625223,-25093.17199808173],[19222.397361549083,-25091.43960402836],[19212.951754312613,-25083.8207998476],[19199.03831465752,-25075.267074722564],[19184.809295037994,-25068.449607116636],[19182.067463059095,-24894.595618817024]]]}},{"type":"Feature","id":"way/1110296145","properties":{"osm_ids":"way/1110296145","polygon":"","kind":"park","town":"province rural","name":"","scope":"grounds","source":"https://www.openstreetmap.org/way/1110296145","estimate":"yes","notes":"Cached OSM yards_landuse.json; exact mapped geometry, not surveyed. Scope=grounds; do not expand to surrounding grounds.","area_m2":21929.8,"method":"OSM mapped polygon; semantic interpretation estimated","tags":{"leisure":"park"}},"geometry":{"type":"Polygon","coordinates":[[[19617.959676842554,-24232.010881040944],[19673.206328940345,-24255.312455511885],[19638.168604427832,-24408.587642546045],[19518.12717404426,-24380.603465220425],[19475.09490155743,-24374.07234262349],[19495.296250762884,-24267.69461355894],[19604.20812508918,-24280.278043227503],[19617.959676842554,-24232.010881040944]]]}},{"type":"Feature","id":"way/1110296146","properties":{"osm_ids":"way/1110296146","polygon":"","kind":"park","town":"province rural","name":"","scope":"grounds","source":"https://www.openstreetmap.org/way/1110296146","estimate":"yes","notes":"Cached OSM yards_landuse.json; exact mapped geometry, not surveyed. Scope=grounds; do not expand to surrounding grounds.","area_m2":6045.1,"method":"OSM mapped polygon; semantic interpretation estimated","tags":{"leisure":"park"}},"geometry":{"type":"Polygon","coordinates":[[[-2180.6202364171622,-34880.73808079166],[-2188.0187160879723,-34889.78591840435],[-2202.280805284565,-34904.32111747097],[-2206.919739269535,-34913.190716192825],[-2281.8717986348784,-34882.66639669542],[-2245.0863755796454,-34816.762673597084],[-2160.653471725236,-34864.652198668104],[-2180.6202364171622,-34880.73808079166]]]}},{"type":"Feature","id":"way/1111258157","properties":{"osm_ids":"way/1111258157","polygon":"","kind":"park","town":"province rural","name":"","scope":"grounds","source":"https://www.openstreetmap.org/way/1111258157","estimate":"yes","notes":"Cached OSM yards_landuse.json; exact mapped geometry, not surveyed. Scope=grounds; do not expand to surrounding grounds.","area_m2":18202.9,"method":"OSM mapped polygon; semantic interpretation estimated","tags":{"leisure":"park"}},"geometry":{"type":"Polygon","coordinates":[[[10345.425397960702,-12549.735100704711],[10357.788731225417,-12673.737427181331],[10288.799536478706,-12676.328343731584],[10298.557605539914,-12735.728116742801],[10264.317915687105,-12740.843432710739],[10249.439072531648,-12669.760994091164],[10219.792917676736,-12671.312070397893],[10207.514707804425,-12569.600110659609],[10345.425397960702,-12549.735100704711]]]}},{"type":"Feature","id":"way/1111258160","properties":{"osm_ids":"way/1111258160","polygon":"","kind":"park","town":"province rural","name":"","scope":"grounds","source":"https://www.openstreetmap.org/way/1111258160","estimate":"yes","notes":"Cached OSM yards_landuse.json; exact mapped geometry, not surveyed. Scope=grounds; do not expand to surrounding grounds.","area_m2":2734.0,"method":"OSM mapped polygon; semantic interpretation estimated","tags":{"leisure":"park"}},"geometry":{"type":"Polygon","coordinates":[[[14388.288346907008,-12933.429933608742],[14358.93209413474,-12929.36741406843],[14350.031484676874,-12836.056503442582],[14377.038233033381,-12832.525275458815],[14388.288346907008,-12933.429933608742]]]}},{"type":"Feature","id":"way/1111258161","properties":{"osm_ids":"way/1111258161","polygon":"","kind":"park","town":"An Châu","name":"","scope":"grounds","source":"https://www.openstreetmap.org/way/1111258161","estimate":"yes","notes":"Cached OSM yards_landuse.json; exact mapped geometry, not surveyed. Scope=grounds; do not expand to surrounding grounds.","area_m2":14945.9,"method":"OSM mapped polygon; semantic interpretation estimated","tags":{"leisure":"park"}},"geometry":{"type":"Polygon","coordinates":[[[19035.05496698618,-13485.029459927231],[19029.302950401674,-13509.128719451372],[18957.144336979254,-13596.557586918352],[18956.838947927812,-13607.437874593772],[18869.303445278783,-13715.206002057064],[18807.462088482687,-13720.581280091312],[18786.97166553652,-13698.501122594811],[18884.726575200446,-13578.15031167469],[18910.993705161498,-13598.454951850465],[18969.65540854656,-13528.544090802316],[19000.063362803776,-13532.4799404121],[19023.039061647607,-13505.796468702145],[19024.82171165524,-13484.81963172066],[19035.05496698618,-13485.029459927231]]]}},{"type":"Feature","id":"way/1111258162","properties":{"osm_ids":"way/1111258162","polygon":"","kind":"park","town":"An Châu","name":"","scope":"grounds","source":"https://www.openstreetmap.org/way/1111258162","estimate":"yes","notes":"Cached OSM yards_landuse.json; exact mapped geometry, not surveyed. Scope=grounds; do not expand to surrounding grounds.","area_m2":4812.4,"method":"OSM mapped polygon; semantic interpretation estimated","tags":{"leisure":"park"}},"geometry":{"type":"Polygon","coordinates":[[[23205.451820624876,-13974.832494562492],[22971.041414541425,-13922.01262431941],[22976.047310920083,-13898.532715735491],[23146.300747952308,-13942.784612459363],[23207.36920537334,-13958.664947388927],[23205.451820624876,-13974.832494562492]]]}},{"type":"Feature","id":"way/1111258164","properties":{"osm_ids":"way/1111258164","polygon":"","kind":"pitch","town":"Long Xuyên","name":"","scope":"grounds","source":"https://www.openstreetmap.org/way/1111258164","estimate":"yes","notes":"Cached OSM yards_landuse.json; exact mapped geometry, not surveyed. Scope=grounds; do not expand to surrounding grounds.","area_m2":333.7,"method":"OSM mapped polygon; semantic interpretation estimated","tags":{"leisure":"pitch","sport":"soccer"}},"geometry":{"type":"Polygon","coordinates":[[[26478.586859856616,-17712.345027327072],[26459.526316374773,-17726.069626555312],[26451.58467819658,-17713.25403770944],[26470.647122659604,-17700.97789712972],[26478.586859856616,-17712.345027327072]]]}},{"type":"Feature","id":"way/1111258166","properties":{"osm_ids":"way/1111258166","polygon":"","kind":"park","town":"Long Xuyên","name":"","scope":"grounds","source":"https://www.openstreetmap.org/way/1111258166","estimate":"yes","notes":"Cached OSM yards_landuse.json; exact mapped geometry, not surveyed. Scope=grounds; do not expand to surrounding grounds.","area_m2":614.6,"method":"OSM mapped polygon; semantic interpretation estimated","tags":{"leisure":"park"}},"geometry":{"type":"Polygon","coordinates":[[[27599.564180018147,-19559.20647904277],[27581.340291834436,-19576.91102382657],[27559.285934892716,-19554.506178874755],[27562.52211784909,-19551.56068508723],[27569.25587252865,-19544.685278514866],[27579.045664549456,-19555.563184610102],[27586.29321390344,-19548.178464895347],[27599.564180018147,-19559.20647904277]]]}},{"type":"Feature","id":"way/1111258167","properties":{"osm_ids":"way/1111258167","polygon":"","kind":"park","town":"Long Xuyên","name":"","scope":"grounds","source":"https://www.openstreetmap.org/way/1111258167","estimate":"yes","notes":"Cached OSM yards_landuse.json; exact mapped geometry, not surveyed. Scope=grounds; do not expand to surrounding grounds.","area_m2":1541.2,"method":"OSM mapped polygon; semantic interpretation estimated","tags":{"leisure":"park"}},"geometry":{"type":"Polygon","coordinates":[[[27695.735285860952,-19750.892514477484],[27646.623391651898,-19697.730647886172],[27629.579662884935,-19681.42251856113],[27613.90236590209,-19663.708312564762],[27616.089407802792,-19662.03577287472],[27649.178131009336,-19684.602634565206],[27672.791876746574,-19702.48304205644],[27693.005216875114,-19723.275990747614],[27709.374013207736,-19742.32711894228],[27695.735285860952,-19750.892514477484]]]}},{"type":"Feature","id":"way/1111258168","properties":{"osm_ids":"way/1111258168","polygon":"","kind":"park","town":"Long Xuyên","name":"","scope":"grounds","source":"https://www.openstreetmap.org/way/1111258168","estimate":"yes","notes":"Cached OSM yards_landuse.json; exact mapped geometry, not surveyed. Scope=grounds; do not expand to surrounding grounds.","area_m2":2612.4,"method":"OSM mapped polygon; semantic interpretation estimated","tags":{"leisure":"park"}},"geometry":{"type":"Polygon","coordinates":[[[27732.1426942189,-19750.423247111496],[28210.272194375633,-19507.61690686154],[28213.725241367705,-19511.22781707626],[27734.698966872413,-19754.676715110196],[27732.1426942189,-19750.423247111496]]]}},{"type":"Feature","id":"way/1111258169","properties":{"osm_ids":"way/1111258169","polygon":"","kind":"park","town":"Long Xuyên","name":"","scope":"grounds","source":"https://www.openstreetmap.org/way/1111258169","estimate":"yes","notes":"Cached OSM yards_landuse.json; exact mapped geometry, not surveyed. Scope=grounds; do not expand to surrounding grounds.","area_m2":2506.2,"method":"OSM mapped polygon; semantic interpretation estimated","tags":{"leisure":"park"}},"geometry":{"type":"Polygon","coordinates":[[[28227.352843940374,-19558.875684125815],[28229.208368418855,-19562.964219772257],[27772.10543879459,-19805.012642418966],[27771.64897322061,-19799.341054781573],[28227.352843940374,-19558.875684125815]]]}},{"type":"Feature","id":"way/1111258170","properties":{"osm_ids":"way/1111258170","polygon":"","kind":"park","town":"Long Xuyên","name":"","scope":"grounds","source":"https://www.openstreetmap.org/way/1111258170","estimate":"yes","notes":"Cached OSM yards_landuse.json; exact mapped geometry, not surveyed. Scope=grounds; do not expand to surrounding grounds.","area_m2":3479.3,"method":"OSM mapped polygon; semantic interpretation estimated","tags":{"leisure":"park"}},"geometry":{"type":"Polygon","coordinates":[[[28858.678227703436,-20652.623997365823],[28974.282575213932,-20475.177242211998],[28980.703888159827,-20479.889667290263],[28978.43593530776,-20494.277885449817],[28939.669977867277,-20555.045175888343],[28910.8936202497,-20604.50947620743],[28893.831660008524,-20631.224501660094],[28871.24533886474,-20668.61709079845],[28852.91761165252,-20658.669037382817],[28858.678227703436,-20652.623997365823]]]}},{"type":"Feature","id":"way/1111258171","properties":{"osm_ids":"way/1111258171","polygon":"","kind":"park","town":"Long Xuyên","name":"","scope":"grounds","source":"https://www.openstreetmap.org/way/1111258171","estimate":"yes","notes":"Cached OSM yards_landuse.json; exact mapped geometry, not surveyed. Scope=grounds; do not expand to surrounding grounds.","area_m2":163.5,"method":"OSM mapped polygon; semantic interpretation estimated","tags":{"leisure":"park"}},"geometry":{"type":"Polygon","coordinates":[[[28867.642305999296,-20691.288787196856],[28879.66548289184,-20701.80944514298],[28883.636986597907,-20708.150641859742],[28883.25595640205,-20709.677025469253],[28858.318972258363,-20693.712071511196],[28862.141234108363,-20687.10580330016],[28867.642305999296,-20691.288787196856]]]}},{"type":"Feature","id":"way/1111258172","properties":{"osm_ids":"way/1111258172","polygon":"","kind":"park","town":"Long Xuyên","name":"","scope":"grounds","source":"https://www.openstreetmap.org/way/1111258172","estimate":"yes","notes":"Cached OSM yards_landuse.json; exact mapped geometry, not surveyed. Scope=grounds; do not expand to surrounding grounds.","area_m2":7954.2,"method":"OSM mapped polygon; semantic interpretation estimated","tags":{"leisure":"park"}},"geometry":{"type":"Polygon","coordinates":[[[28820.856909553986,-20731.877026897622],[28780.450923722005,-20794.492878990946],[28747.12583613838,-20832.12131037214],[28688.435634749476,-20876.861039708136],[28609.298668755102,-20931.137704745634],[28523.461100187153,-20976.798955745297],[28479.19613280834,-20987.90546688973],[28395.24845504132,-20998.878214184428],[28280.61464548821,-20992.37843829859],[28209.12826580042,-20965.9281583135],[28278.985432612593,-20985.724389511626],[28393.52163486986,-20992.909832840087],[28477.556661558454,-20981.78217246756],[28548.624757544836,-20950.482134091202],[28628.91172088054,-20904.49673321168],[28714.724527230952,-20841.066747952253],[28753.43027197395,-20807.588346543256],[28802.98857987742,-20729.61288356781],[28843.73200492491,-20673.63069450995],[28854.472120566294,-20682.505647795973],[28820.856909553986,-20731.877026897622]]]}},{"type":"Feature","id":"way/1111258173","properties":{"osm_ids":"way/1111258173","polygon":"","kind":"park","town":"Long Xuyên","name":"","scope":"grounds","source":"https://www.openstreetmap.org/way/1111258173","estimate":"yes","notes":"Cached OSM yards_landuse.json; exact mapped geometry, not surveyed. Scope=grounds; do not expand to surrounding grounds.","area_m2":40.1,"method":"OSM mapped polygon; semantic interpretation estimated","tags":{"leisure":"park"}},"geometry":{"type":"Polygon","coordinates":[[[28932.003281042213,-20758.02799228416],[28925.056490784278,-20761.244107591687],[28925.040533936,-20749.70068692998],[28932.003281042213,-20758.02799228416]]]}},{"type":"Feature","id":"way/1111258174","properties":{"osm_ids":"way/1111258174","polygon":"","kind":"park","town":"Long Xuyên","name":"","scope":"grounds","source":"https://www.openstreetmap.org/way/1111258174","estimate":"yes","notes":"Cached OSM yards_landuse.json; exact mapped geometry, not surveyed. Scope=grounds; do not expand to surrounding grounds.","area_m2":1847.1,"method":"OSM mapped polygon; semantic interpretation estimated","tags":{"leisure":"park"}},"geometry":{"type":"Polygon","coordinates":[[[28926.27460858808,-20810.943356880918],[28932.854840104468,-20819.713468546746],[28938.8585023419,-20815.260279314825],[28954.662041418138,-20836.324004558614],[28960.314415249275,-20839.06936381338],[28975.177208970068,-20828.964874634985],[28974.54673752631,-20824.26654847944],[28956.652302298928,-20803.172553179087],[28959.353047228535,-20800.91320217261],[28953.24569693359,-20793.712526394287],[28948.87837307644,-20786.133507367922],[28954.980579322553,-20781.702292525675],[28993.79422839929,-20834.290667570196],[28967.079691462568,-20854.981995094102],[28960.87526196835,-20848.831863751402],[28949.260899312445,-20856.930548435543],[28941.490570997936,-20842.500933320494],[28938.774426123244,-20841.542735293973],[28935.286423504585,-20836.54982214095],[28926.5743346347,-20837.711787195876],[28922.893050738494,-20835.439146540128],[28922.657434271416,-20807.531763147563],[28926.27460858808,-20810.943356880918]]]}},{"type":"Feature","id":"way/1111668502","properties":{"osm_ids":"way/1111668502","polygon":"","kind":"park","town":"Long Xuyên","name":"","scope":"grounds","source":"https://www.openstreetmap.org/way/1111668502","estimate":"yes","notes":"Cached OSM yards_landuse.json; exact mapped geometry, not surveyed. Scope=grounds; do not expand to surrounding grounds.","area_m2":7877.2,"method":"OSM mapped polygon; semantic interpretation estimated","tags":{"leisure":"park"}},"geometry":{"type":"Polygon","coordinates":[[[26952.128415717976,-20682.879310436314],[26957.243586595636,-20685.16130944155],[26964.915408859728,-20692.00642201584],[26975.66900907969,-20703.17069802573],[26989.49680679117,-20721.18617770262],[27002.23679353972,-20744.366673817625],[27008.862488017185,-20763.033004509285],[27013.75199387048,-20784.974484568927],[27013.890444222372,-20790.31478918949],[27012.744729376747,-20793.10265173111],[27011.598353924695,-20795.392954072217],[26977.237041782704,-20812.455131480703],[26974.171600634232,-20812.204888083506],[26971.10481056315,-20810.937410386046],[26953.44594849518,-20793.181311012013],[26934.21507665224,-20770.418505743844],[26924.50116984092,-20750.80535974563],[26918.93514861795,-20730.468017518055],[26917.357745881192,-20704.873358198907],[26918.131392232375,-20702.17444703495],[26919.0924224325,-20700.44829578325],[26947.826354285935,-20682.89607045846],[26952.128415717976,-20682.879310436314]]]}},{"type":"Feature","id":"way/1111668503","properties":{"osm_ids":"way/1111668503","polygon":"","kind":"park","town":"Long Xuyên","name":"","scope":"grounds","source":"https://www.openstreetmap.org/way/1111668503","estimate":"yes","notes":"Cached OSM yards_landuse.json; exact mapped geometry, not surveyed. Scope=grounds; do not expand to surrounding grounds.","area_m2":2183.5,"method":"OSM mapped polygon; semantic interpretation estimated","tags":{"leisure":"park"}},"geometry":{"type":"Polygon","coordinates":[[[27171.15538765525,-20644.651976208203],[27014.48411975999,-20726.261310011847],[27007.572111376794,-20714.56121487147],[27165.909778721165,-20634.85147998715],[27171.15538765525,-20644.651976208203]]]}},{"type":"Feature","id":"way/1111668504","properties":{"osm_ids":"way/1111668504","polygon":"","kind":"park","town":"Long Xuyên","name":"","scope":"grounds","source":"https://www.openstreetmap.org/way/1111668504","estimate":"yes","notes":"Cached OSM yards_landuse.json; exact mapped geometry, not surveyed. Scope=grounds; do not expand to surrounding grounds.","area_m2":1017.9,"method":"OSM mapped polygon; semantic interpretation estimated","tags":{"leisure":"park"}},"geometry":{"type":"Polygon","coordinates":[[[27276.730415176717,-20574.144967069384],[27281.12186295353,-20583.6922793251],[27200.746477926266,-20629.707824559184],[27194.833229192067,-20619.996677609393],[27276.730415176717,-20574.144967069384]]]}},{"type":"Feature","id":"way/1111668505","properties":{"osm_ids":"way/1111668505","polygon":"","kind":"park","town":"Long Xuyên","name":"","scope":"grounds","source":"https://www.openstreetmap.org/way/1111668505","estimate":"yes","notes":"Cached OSM yards_landuse.json; exact mapped geometry, not surveyed. Scope=grounds; do not expand to surrounding grounds.","area_m2":410.0,"method":"OSM mapped polygon; semantic interpretation estimated","tags":{"leisure":"park"}},"geometry":{"type":"Polygon","coordinates":[[[27332.813867169316,-20543.829370849067],[27339.021167415543,-20552.390183258103],[27305.53831966268,-20571.198522026883],[27299.909783201292,-20561.57546676416],[27332.813867169316,-20543.829370849067]]]}},{"type":"Feature","id":"way/1111668506","properties":{"osm_ids":"way/1111668506","polygon":"","kind":"park","town":"Long Xuyên","name":"","scope":"grounds","source":"https://www.openstreetmap.org/way/1111668506","estimate":"yes","notes":"Cached OSM yards_landuse.json; exact mapped geometry, not surveyed. Scope=grounds; do not expand to surrounding grounds.","area_m2":2137.5,"method":"OSM mapped polygon; semantic interpretation estimated","tags":{"leisure":"park"}},"geometry":{"type":"Polygon","coordinates":[[[26915.274626424303,-20776.812379332026],[26760.490902020363,-20862.851834762143],[26753.317954479833,-20852.456752009923],[26909.383080720203,-20766.91319071059],[26915.274626424303,-20776.812379332026]]]}},{"type":"Feature","id":"way/1111945132","properties":{"osm_ids":"way/1111945132","polygon":"","kind":"park","town":"Long Xuyên","name":"","scope":"grounds","source":"https://www.openstreetmap.org/way/1111945132","estimate":"yes","notes":"Cached OSM yards_landuse.json; exact mapped geometry, not surveyed. Scope=grounds; do not expand to surrounding grounds.","area_m2":327.8,"method":"OSM mapped polygon; semantic interpretation estimated","tags":{"leisure":"park"}},"geometry":{"type":"Polygon","coordinates":[[[28599.985545004834,-20406.908097891137],[28601.720802124008,-20411.04100839584],[28603.644234050415,-20416.688460488105],[28604.03154480434,-20419.728585696314],[28603.00752130733,-20423.345610003686],[28600.525855448563,-20425.70414563152],[28597.13524878095,-20427.79856289341],[28594.07087145408,-20428.31139011425],[28590.359333095024,-20427.87420928618],[28587.806490134797,-20426.230231235968],[28584.09190082492,-20423.570610023336],[28580.902829435887,-20420.965551653877],[28577.888829770032,-20418.304968001088],[28599.985545004834,-20406.908097891137]]]}},{"type":"Feature","id":"way/1111945135","properties":{"osm_ids":"way/1111945135","polygon":"","kind":"park","town":"Long Xuyên","name":"","scope":"grounds","source":"https://www.openstreetmap.org/way/1111945135","estimate":"yes","notes":"Cached OSM yards_landuse.json; exact mapped geometry, not surveyed. Scope=grounds; do not expand to surrounding grounds.","area_m2":2064.8,"method":"OSM mapped polygon; semantic interpretation estimated","tags":{"leisure":"park"}},"geometry":{"type":"Polygon","coordinates":[[[28664.33831958298,-23074.524624853162],[28667.67195225833,-23078.588997323764],[28669.726802686462,-23084.169922174886],[28669.73271963105,-23088.482112658443],[28668.710629999172,-23093.56969804177],[28619.40644124651,-23112.179766415153],[28598.449546493706,-23117.792228853563],[28575.193312566378,-23123.15351804369],[28564.7158147695,-23122.659246008378],[28572.1130562342,-23112.244557928294],[28584.624172252603,-23102.829043570906],[28662.55108068965,-23072.492603721796],[28664.33831958298,-23074.524624853162]]]}},{"type":"Feature","id":"way/1111945136","properties":{"osm_ids":"way/1111945136","polygon":"","kind":"park","town":"Long Xuyên","name":"","scope":"grounds","source":"https://www.openstreetmap.org/way/1111945136","estimate":"yes","notes":"Cached OSM yards_landuse.json; exact mapped geometry, not surveyed. Scope=grounds; do not expand to surrounding grounds.","area_m2":490.8,"method":"OSM mapped polygon; semantic interpretation estimated","tags":{"leisure":"park"}},"geometry":{"type":"Polygon","coordinates":[[[28695.759760883055,-23060.007992138388],[28700.64695523877,-23079.29560748511],[28689.147729963297,-23084.143268416403],[28680.973760519177,-23086.95188856288],[28676.37265444093,-23084.66942076315],[28673.036243545008,-23078.581636599032],[28673.794893293292,-23072.985794210574],[28676.60074600461,-23067.398199250223],[28695.759760883055,-23060.007992138388]]]}},{"type":"Feature","id":"way/1111945139","properties":{"osm_ids":"way/1111945139","polygon":"","kind":"pitch","town":"Long Xuyên","name":"","scope":"grounds","source":"https://www.openstreetmap.org/way/1111945139","estimate":"yes","notes":"Cached OSM yards_landuse.json; exact mapped geometry, not surveyed. Scope=grounds; do not expand to surrounding grounds.","area_m2":2519.4,"method":"OSM mapped polygon; semantic interpretation estimated","tags":{"leisure":"pitch","sport":"soccer"}},"geometry":{"type":"Polygon","coordinates":[[[29476.44657743629,-22766.062484756112],[29488.543331861845,-22805.131856048713],[29432.19321707671,-22826.218643653207],[29419.513453955413,-22785.10453607957],[29476.44657743629,-22766.062484756112]]]}},{"type":"Feature","id":"way/1111945140","properties":{"osm_ids":"way/1111945140","polygon":"","kind":"park","town":"Long Xuyên","name":"","scope":"grounds","source":"https://www.openstreetmap.org/way/1111945140","estimate":"yes","notes":"Cached OSM yards_landuse.json; exact mapped geometry, not surveyed. Scope=grounds; do not expand to surrounding grounds.","area_m2":1161.1,"method":"OSM mapped polygon; semantic interpretation estimated","tags":{"leisure":"park"}},"geometry":{"type":"Polygon","coordinates":[[[28321.297137039015,-23002.416000667028],[28329.06849915418,-23009.437611420173],[28331.433180777938,-23017.4838239362],[28321.328632013872,-23025.53596754698],[28264.679821674363,-23037.012768842513],[28312.17876841454,-22995.053458565613],[28321.297137039015,-23002.416000667028]]]}},{"type":"Feature","id":"way/1111945141","properties":{"osm_ids":"way/1111945141","polygon":"","kind":"park","town":"Long Xuyên","name":"","scope":"grounds","source":"https://www.openstreetmap.org/way/1111945141","estimate":"yes","notes":"Cached OSM yards_landuse.json; exact mapped geometry, not surveyed. Scope=grounds; do not expand to surrounding grounds.","area_m2":2463.3,"method":"OSM mapped polygon; semantic interpretation estimated","tags":{"leisure":"park"}},"geometry":{"type":"Polygon","coordinates":[[[28386.284936210606,-22924.57517378521],[28406.556556984317,-22946.32963933819],[28344.911824499606,-23003.05829530023],[28324.642034977325,-22982.641679120716],[28386.284936210606,-22924.57517378521]]]}},{"type":"Feature","id":"way/1111945142","properties":{"osm_ids":"way/1111945142","polygon":"","kind":"park","town":"Long Xuyên","name":"","scope":"grounds","source":"https://www.openstreetmap.org/way/1111945142","estimate":"yes","notes":"Cached OSM yards_landuse.json; exact mapped geometry, not surveyed. Scope=grounds; do not expand to surrounding grounds.","area_m2":1497.2,"method":"OSM mapped polygon; semantic interpretation estimated","tags":{"leisure":"park"}},"geometry":{"type":"Polygon","coordinates":[[[28241.585712747416,-22920.0841422847],[28301.705655475263,-22981.66674024309],[28289.58222063689,-22994.420812900178],[28229.461362117552,-22932.16372391861],[28241.585712747416,-22920.0841422847]]]}},{"type":"Feature","id":"way/1111945143","properties":{"osm_ids":"way/1111945143","polygon":"","kind":"park","town":"Long Xuyên","name":"","scope":"grounds","source":"https://www.openstreetmap.org/way/1111945143","estimate":"yes","notes":"Cached OSM yards_landuse.json; exact mapped geometry, not surveyed. Scope=grounds; do not expand to surrounding grounds.","area_m2":836.1,"method":"OSM mapped polygon; semantic interpretation estimated","tags":{"leisure":"park"}},"geometry":{"type":"Polygon","coordinates":[[[28159.165644292138,-22834.07383929123],[28191.933558952645,-22867.874546671985],[28179.46983939456,-22879.954572416842],[28146.0236346171,-22846.48648173292],[28159.165644292138,-22834.07383929123]]]}},{"type":"Feature","id":"way/1111945144","properties":{"osm_ids":"way/1111945144","polygon":"","kind":"park","town":"Long Xuyên","name":"","scope":"grounds","source":"https://www.openstreetmap.org/way/1111945144","estimate":"yes","notes":"Cached OSM yards_landuse.json; exact mapped geometry, not surveyed. Scope=grounds; do not expand to surrounding grounds.","area_m2":3799.3,"method":"OSM mapped polygon; semantic interpretation estimated","tags":{"leisure":"park"}},"geometry":{"type":"Polygon","coordinates":[[[27488.890780401067,-22413.06806032406],[27549.702952069347,-22486.371275959304],[27518.701840755646,-22512.21964951721],[27458.897290814086,-22439.246740540024],[27488.890780401067,-22413.06806032406]]]}},{"type":"Feature","id":"way/1111945146","properties":{"osm_ids":"way/1111945146","polygon":"","kind":"park","town":"Long Xuyên","name":"","scope":"grounds","source":"https://www.openstreetmap.org/way/1111945146","estimate":"yes","notes":"Cached OSM yards_landuse.json; exact mapped geometry, not surveyed. Scope=grounds; do not expand to surrounding grounds.","area_m2":58.2,"method":"OSM mapped polygon; semantic interpretation estimated","tags":{"leisure":"park"}},"geometry":{"type":"Polygon","coordinates":[[[28934.08990207652,-21166.766871746862],[28932.407578965882,-21161.384469465353],[28936.276324511622,-21164.618804450613],[28941.22022793803,-21161.637655320344],[28939.377073506126,-21166.615823862376],[28943.487355998368,-21170.358443244593],[28938.19874740101,-21169.470141820144],[28936.235725914943,-21174.846525477245],[28934.98013400752,-21169.319793351227],[28929.41892203281,-21169.205852821935],[28934.08990207652,-21166.766871746862]]]}},{"type":"Feature","id":"way/1132730580","properties":{"osm_ids":"way/1132730580","polygon":"","kind":"pitch","town":"Tân Châu","name":"","scope":"grounds","source":"https://www.openstreetmap.org/way/1132730580","estimate":"yes","notes":"Cached OSM yards_landuse.json; exact mapped geometry, not surveyed. Scope=grounds; do not expand to surrounding grounds.","area_m2":255.0,"method":"OSM mapped polygon; semantic interpretation estimated","tags":{"leisure":"pitch","sport":"tennis"}},"geometry":{"type":"Polygon","coordinates":[[[7514.280409513507,24993.657495422056],[7532.976084600203,24977.36335087754],[7526.182585277478,24969.651194053935],[7507.475977448514,24985.945333620068],[7514.280409513507,24993.657495422056]]]}},{"type":"Feature","id":"way/1132730581","properties":{"osm_ids":"way/1132730581","polygon":"","kind":"pitch","town":"Tân Châu","name":"","scope":"grounds","source":"https://www.openstreetmap.org/way/1132730581","estimate":"yes","notes":"Cached OSM yards_landuse.json; exact mapped geometry, not surveyed. Scope=grounds; do not expand to surrounding grounds.","area_m2":254.8,"method":"OSM mapped polygon; semantic interpretation estimated","tags":{"leisure":"pitch","sport":"tennis"}},"geometry":{"type":"Polygon","coordinates":[[[7526.425430320785,25007.775928010233],[7545.132035666029,24991.481798903318],[7538.338533199858,24983.780696415808],[7519.631927032839,25000.07482927176],[7526.425430320785,25007.775928010233]]]}},{"type":"Feature","id":"way/1132730582","properties":{"osm_ids":"way/1132730582","polygon":"","kind":"pitch","town":"Tân Châu","name":"","scope":"grounds","source":"https://www.openstreetmap.org/way/1132730582","estimate":"yes","notes":"Cached OSM yards_landuse.json; exact mapped geometry, not surveyed. Scope=grounds; do not expand to surrounding grounds.","area_m2":254.9,"method":"OSM mapped polygon; semantic interpretation estimated","tags":{"leisure":"pitch","sport":"tennis"}},"geometry":{"type":"Polygon","coordinates":[[[7539.084841340315,25021.14290034701],[7557.791445694631,25004.848778224317],[7550.987016958999,24997.147664240096],[7532.280411788379,25013.441790117882],[7539.084841340315,25021.14290034701]]]}},{"type":"Feature","id":"way/1132730583","properties":{"osm_ids":"way/1132730583","polygon":"","kind":"pitch","town":"Tân Châu","name":"","scope":"grounds","source":"https://www.openstreetmap.org/way/1132730583","estimate":"yes","notes":"Cached OSM yards_landuse.json; exact mapped geometry, not surveyed. Scope=grounds; do not expand to surrounding grounds.","area_m2":250.3,"method":"OSM mapped polygon; semantic interpretation estimated","tags":{"leisure":"pitch","sport":"tennis"}},"geometry":{"type":"Polygon","coordinates":[[[7644.91615869978,25185.313567468198],[7640.769920504536,25161.880450732773],[7630.40506110026,25163.68548493809],[7634.562229261966,25187.12966602249],[7644.91615869978,25185.313567468198]]]}},{"type":"Feature","id":"way/1132730584","properties":{"osm_ids":"way/1132730584","polygon":"","kind":"pitch","town":"Tân Châu","name":"","scope":"grounds","source":"https://www.openstreetmap.org/way/1132730584","estimate":"yes","notes":"Cached OSM yards_landuse.json; exact mapped geometry, not surveyed. Scope=grounds; do not expand to surrounding grounds.","area_m2":258.2,"method":"OSM mapped polygon; semantic interpretation estimated","tags":{"leisure":"pitch","sport":"tennis"}},"geometry":{"type":"Polygon","coordinates":[[[7641.9281191068,25148.977857369],[7638.656432486838,25125.534386229236],[7627.854544200003,25127.018417767016],[7631.11530633294,25150.461878937902],[7641.9281191068,25148.977857369]]]}},{"type":"Feature","id":"way/1149327475","properties":{"osm_ids":"way/1149327475","polygon":"","kind":"school","town":"Châu Đốc","name":"Trường Tiểu học Nguyễn Du","scope":"grounds","source":"https://www.openstreetmap.org/way/1149327475","estimate":"yes","notes":"Cached OSM yards_landuse.json; exact mapped geometry, not surveyed. Scope=grounds; do not expand to surrounding grounds.","area_m2":7900.0,"method":"OSM mapped polygon; semantic interpretation estimated","tags":{"amenity":"school","grades":"1-5","name":"Trường Tiểu học Nguyễn Du"}},"geometry":{"type":"Polygon","coordinates":[[[-6551.218174978392,15659.947088681394],[-6429.750450228865,15767.487654881319],[-6397.916055220005,15730.61401810823],[-6516.10438475298,15625.838787664892],[-6521.593700549041,15625.836725309258],[-6551.218174978392,15659.947088681394]]]}},{"type":"Feature","id":"way/1149327477","properties":{"osm_ids":"way/1149327477","polygon":"","kind":"school","town":"Châu Đốc","name":"Trường Trung học phổ thông chuyên Thủ Khoa Nghĩa","scope":"grounds","source":"https://www.openstreetmap.org/way/1149327477","estimate":"yes","notes":"Cached OSM yards_landuse.json; exact mapped geometry, not surveyed. Scope=grounds; do not expand to surrounding grounds.","area_m2":16604.2,"method":"OSM mapped polygon; semantic interpretation estimated","tags":{"amenity":"school","grades":"10-12","name":"Trường Trung học phổ thông chuyên Thủ Khoa Nghĩa"}},"geometry":{"type":"Polygon","coordinates":[[[-6403.3961287616985,15763.959441024577],[-6401.95659059647,15774.143358577741],[-6412.720717128075,15785.32882466144],[-6407.57220100722,15790.06311365636],[-6439.62674830301,15830.961375403218],[-6325.200492996315,15934.54131994024],[-6254.698619886651,15863.837526303018],[-6310.229513105354,15816.769309949363],[-6309.593637334299,15812.435261921491],[-6384.437686678022,15741.974532605847],[-6403.3961287616985,15763.959441024577]]]}},{"type":"Feature","id":"way/1153944888","properties":{"osm_ids":"way/1153944888","polygon":"","kind":"park","town":"Long Xuyên","name":"","scope":"grounds","source":"https://www.openstreetmap.org/way/1153944888","estimate":"yes","notes":"Cached OSM yards_landuse.json; exact mapped geometry, not surveyed. Scope=grounds; do not expand to surrounding grounds.","area_m2":419.5,"method":"OSM mapped polygon; semantic interpretation estimated","tags":{"leisure":"park"}},"geometry":{"type":"Polygon","coordinates":[[[28380.26786539168,-19858.00020042318],[28376.711517612683,-19858.93384710839],[28372.671844464145,-19858.64083454595],[28368.9806304581,-19857.00945581775],[28366.07597848575,-19854.21602297062],[28364.28676785261,-19850.61390845501],[28363.854380981647,-19846.611888999585],[28364.81233728456,-19842.70748090162],[28367.051806212403,-19839.36522414093],[28370.299653984024,-19836.97248472646],[28374.173161116196,-19835.828323065536],[28377.851400211337,-19835.97808952653],[28381.290358772385,-19837.25599035085],[28384.172406773083,-19839.529776880285],[28386.190754604642,-19842.589787150733],[28387.158872789703,-19846.115625334438],[28386.97777351085,-19849.764661906287],[28385.66885030677,-19853.17198868585],[28383.352075957344,-19856.01679029176],[28380.26786539168,-19858.00020042318]]]}},{"type":"Feature","id":"way/1153950423","properties":{"osm_ids":"way/1153950423","polygon":"","kind":"marketplace","town":"province rural","name":"Chợ Cần Đăng mới","scope":"grounds","source":"https://www.openstreetmap.org/way/1153950423","estimate":"yes","notes":"Cached OSM yards_landuse.json; exact mapped geometry, not surveyed. Scope=grounds; do not expand to surrounding grounds.","area_m2":2577.4,"method":"OSM mapped polygon; semantic interpretation estimated","tags":{"addr:district":"Châu Thành","addr:province":"An Giang","addr:subdistrict":"Cần Đăng","amenity":"marketplace","name":"Chợ Cần Đăng mới"}},"geometry":{"type":"Polygon","coordinates":[[[13414.048557450646,-12226.273274682695],[13369.604115445865,-12283.224608972203],[13341.348173209932,-12261.458248638082],[13385.7707333836,-12204.495914357016],[13414.048557450646,-12226.273274682695]]]}},{"type":"Feature","id":"way/1153950424","properties":{"osm_ids":"way/1153950424","polygon":"","kind":"marketplace","town":"province rural","name":"","scope":"grounds","source":"https://www.openstreetmap.org/way/1153950424","estimate":"yes","notes":"Cached OSM yards_landuse.json; exact mapped geometry, not surveyed. Scope=grounds; do not expand to surrounding grounds.","area_m2":1285.3,"method":"OSM mapped polygon; semantic interpretation estimated","tags":{"addr:district":"Châu Thành","addr:province":"An Giang","addr:subdistrict":"Cần Đăng","amenity":"marketplace"}},"geometry":{"type":"Polygon","coordinates":[[[13351.502326644026,-12305.974471091293],[13328.864695672877,-12335.030975298723],[13301.20019139559,-12313.772638961673],[13323.837820250541,-12284.705095990794],[13351.502326644026,-12305.974471091293]]]}},{"type":"Feature","id":"way/1153950425","properties":{"osm_ids":"way/1153950425","polygon":"","kind":"park","town":"province rural","name":"Công viên Cần Đăng","scope":"grounds","source":"https://www.openstreetmap.org/way/1153950425","estimate":"yes","notes":"Cached OSM yards_landuse.json; exact mapped geometry, not surveyed. Scope=grounds; do not expand to surrounding grounds.","area_m2":1946.0,"method":"OSM mapped polygon; semantic interpretation estimated","tags":{"addr:district":"Châu Thành","addr:province":"An Giang","addr:subdistrict":"Cần Đăng","leisure":"park","name":"Công viên Cần Đăng"}},"geometry":{"type":"Polygon","coordinates":[[[13258.406279617455,-12205.76568854344],[13259.311375604942,-12202.304056073539],[13262.65744653123,-12199.348743963288],[13327.061087400769,-12174.531977795297],[13329.512527073268,-12174.529670186574],[13330.936330537079,-12175.689295243705],[13332.230607774574,-12178.761870897142],[13330.691261022701,-12182.743772861082],[13293.67829297774,-12228.6975403775],[13291.480493857292,-12230.756174011389],[13287.73826769262,-12231.400987440022],[13282.186673788936,-12228.199730437715],[13260.3490271247,-12211.800883334829],[13258.92305407999,-12208.330383644905],[13258.406279617455,-12205.76568854344]]]}},{"type":"Feature","id":"way/1153950454","properties":{"osm_ids":"way/1153950454","polygon":"","kind":"park","town":"Châu Đốc","name":"","scope":"grounds","source":"https://www.openstreetmap.org/way/1153950454","estimate":"yes","notes":"Cached OSM yards_landuse.json; exact mapped geometry, not surveyed. Scope=grounds; do not expand to surrounding grounds.","area_m2":8807.9,"method":"OSM mapped polygon; semantic interpretation estimated","tags":{"leisure":"park"}},"geometry":{"type":"Polygon","coordinates":[[[-9247.610344958666,13000.680240383837],[-9228.291260337457,12978.362173323985],[-9233.04706401052,12974.137060643174],[-9224.87527105899,12964.663759036455],[-9230.068131566397,12959.166980925947],[-9168.591983290273,12901.004071792588],[-9147.655874720542,12884.00486889272],[-9114.707526352315,12851.120582144707],[-9067.194307248283,12787.292599973734],[-9114.407276916958,12760.99639969552],[-9199.461176398618,12892.613854252035],[-9254.50937658787,12995.857431245502],[-9247.610344958666,13000.680240383837]]]}},{"type":"Feature","id":"way/1154060720","properties":{"osm_ids":"way/1154060720","polygon":"","kind":"school","town":"Châu Đốc","name":"Trường Phổ thông Dân tộc Nội trú Trung học phổ thông An Giang","scope":"grounds","source":"https://www.openstreetmap.org/way/1154060720","estimate":"yes","notes":"Cached OSM yards_landuse.json; exact mapped geometry, not surveyed. Scope=grounds; do not expand to surrounding grounds.","area_m2":19932.7,"method":"OSM mapped polygon; semantic interpretation estimated","tags":{"amenity":"school","name":"Trường Phổ thông Dân tộc Nội trú Trung học phổ thông An Giang"}},"geometry":{"type":"Polygon","coordinates":[[[-8201.94121742394,13288.349123046733],[-8341.011213613965,13190.495377737097],[-8383.054185827146,13209.986176662613],[-8417.08171949035,13265.204235029873],[-8262.531332529674,13376.5299080736],[-8201.94121742394,13288.349123046733]]]}},{"type":"Feature","id":"way/1154060730","properties":{"osm_ids":"way/1154060730","polygon":"","kind":"school","town":"province rural","name":"Trường Trung học cơ sở Mỹ Đức","scope":"grounds","source":"https://www.openstreetmap.org/way/1154060730","estimate":"yes","notes":"Cached OSM yards_landuse.json; exact mapped geometry, not surveyed. Scope=grounds; do not expand to surrounding grounds.","area_m2":9924.4,"method":"OSM mapped polygon; semantic interpretation estimated","tags":{"addr:street":"Quốc lộ 91","amenity":"school","name":"Trường Trung học cơ sở Mỹ Đức"}},"geometry":{"type":"Polygon","coordinates":[[[628.0500796835404,10486.394363353495],[593.8173033319763,10376.181663230527],[503.92097203055164,10409.100839534774],[508.5162833156646,10424.583117698552],[531.342559942801,10497.018845549319],[628.0500796835404,10486.394363353495]]]}},{"type":"Feature","id":"way/1154060731","properties":{"osm_ids":"way/1154060731","polygon":"","kind":"school","town":"province rural","name":"Trường Tiểu học \"A\" Mỹ Đức","scope":"grounds","source":"https://www.openstreetmap.org/way/1154060731","estimate":"yes","notes":"Cached OSM yards_landuse.json; exact mapped geometry, not surveyed. Scope=grounds; do not expand to surrounding grounds.","area_m2":8575.2,"method":"OSM mapped polygon; semantic interpretation estimated","tags":{"addr:district":"Châu Phú","addr:province":"An Giang","addr:street":"Quốc lộ 91","addr:subdistrict":"Mỹ Đức","amenity":"school","name":"Trường Tiểu học \"A\" Mỹ Đức"}},"geometry":{"type":"Polygon","coordinates":[[[432.71864923776593,10625.309618467465],[367.5179139751708,10506.576493060682],[307.75493541755714,10535.112965990324],[361.6228792855982,10639.565021974267],[432.71864923776593,10625.309618467465]]]}},{"type":"Feature","id":"way/1154060732","properties":{"osm_ids":"way/1154060732","polygon":"","kind":"park","town":"province rural","name":"Công viên Mỹ Đức","scope":"grounds","source":"https://www.openstreetmap.org/way/1154060732","estimate":"yes","notes":"Cached OSM yards_landuse.json; exact mapped geometry, not surveyed. Scope=grounds; do not expand to surrounding grounds.","area_m2":1982.0,"method":"OSM mapped polygon; semantic interpretation estimated","tags":{"leisure":"park","name":"Công viên Mỹ Đức"}},"geometry":{"type":"Polygon","coordinates":[[[1103.2838963860413,10293.700303732185],[1105.3488965689903,10297.084941244917],[1108.618160121725,10298.413723747712],[1112.916880018427,10297.388011476258],[1169.5463159446954,10261.929464089219],[1174.4481540812994,10258.250474580098],[1175.3359713829122,10255.011347056367],[1174.298138078826,10253.097885660129],[1144.37623872509,10233.49820599379],[1141.8495159000158,10234.082703263266],[1139.332668232324,10236.436304873554],[1103.1326378461672,10290.604291180614],[1103.2838963860413,10293.700303732185]]]}},{"type":"Feature","id":"way/1154060752","properties":{"osm_ids":"way/1154060752","polygon":"","kind":"school","town":"Châu Phú","name":"Trường Tiểu học \"A\" Thị trấn Cái Dầu","scope":"grounds","source":"https://www.openstreetmap.org/way/1154060752","estimate":"yes","notes":"Cached OSM yards_landuse.json; exact mapped geometry, not surveyed. Scope=grounds; do not expand to surrounding grounds.","area_m2":13456.8,"method":"OSM mapped polygon; semantic interpretation estimated","tags":{"addr:district":"Châu Phú","addr:province":"An Giang","addr:subdistrict":"Cái Dầu","amenity":"school","name":"Trường Tiểu học \"A\" Thị trấn Cái Dầu"}},"geometry":{"type":"Polygon","coordinates":[[[7050.435120999231,59.742040049051866],[6985.478212504182,24.995872587664053],[7031.863188016461,-59.763459225185215],[6979.498981374665,-81.48604781925678],[6906.4193042706465,47.823068839963526],[7031.967096199747,118.50601790472865],[7050.435120999231,59.742040049051866]]]}},{"type":"Feature","id":"way/1154060753","properties":{"osm_ids":"way/1154060753","polygon":"","kind":"marketplace","town":"province rural","name":"Chợ Mỹ Đức","scope":"grounds","source":"https://www.openstreetmap.org/way/1154060753","estimate":"yes","notes":"Cached OSM yards_landuse.json; exact mapped geometry, not surveyed. Scope=grounds; do not expand to surrounding grounds.","area_m2":2157.9,"method":"OSM mapped polygon; semantic interpretation estimated","tags":{"amenity":"marketplace","name":"Chợ Mỹ Đức"}},"geometry":{"type":"Polygon","coordinates":[[[1416.9521814846084,9961.86306406348],[1433.2413705455838,9936.751779438462],[1372.5002393207396,9897.894219888141],[1356.2220144293387,9923.00553933531],[1416.9521814846084,9961.86306406348]]]}},{"type":"Feature","id":"way/1154060754","properties":{"osm_ids":"way/1154060754","polygon":"","kind":"marketplace","town":"province rural","name":"","scope":"grounds","source":"https://www.openstreetmap.org/way/1154060754","estimate":"yes","notes":"Cached OSM yards_landuse.json; exact mapped geometry, not surveyed. Scope=grounds; do not expand to surrounding grounds.","area_m2":2093.7,"method":"OSM mapped polygon; semantic interpretation estimated","tags":{"amenity":"marketplace"}},"geometry":{"type":"Polygon","coordinates":[[[1343.4104218595894,9876.492608205415],[1289.9292722535902,9840.69129538536],[1277.8333242223598,9858.540820262162],[1271.6704218458035,9867.62583941454],[1325.1515538840322,9903.416067506187],[1343.4104218595894,9876.492608205415]]]}},{"type":"Feature","id":"way/1154310939","properties":{"osm_ids":"way/1154310939","polygon":"","kind":"park","town":"Châu Đốc","name":"","scope":"grounds","source":"https://www.openstreetmap.org/way/1154310939","estimate":"yes","notes":"Cached OSM yards_landuse.json; exact mapped geometry, not surveyed. Scope=grounds; do not expand to surrounding grounds.","area_m2":2528.6,"method":"OSM mapped polygon; semantic interpretation estimated","tags":{"leisure":"park"}},"geometry":{"type":"Polygon","coordinates":[[[-6324.144733926514,15517.498928492656],[-6325.149444160867,15514.081974725239],[-6383.342250346264,15477.66063891328],[-6390.581881658058,15479.504386959365],[-6403.579313299502,15497.234664314194],[-6402.771046159614,15499.656423544977],[-6344.7349005045835,15545.409658913966],[-6341.377770944964,15545.12345918687],[-6324.144733926514,15517.498928492656]]]}},{"type":"Feature","id":"way/1154310967","properties":{"osm_ids":"way/1154310967","polygon":"","kind":"marketplace","town":"Phú Tân","name":"Chợ Mỹ Hội Đông","scope":"grounds","source":"https://www.openstreetmap.org/way/1154310967","estimate":"yes","notes":"Cached OSM yards_landuse.json; exact mapped geometry, not surveyed. Scope=grounds; do not expand to surrounding grounds.","area_m2":282.8,"method":"OSM mapped polygon; semantic interpretation estimated","tags":{"addr:city":"Xã Mỹ Hội Đông","addr:district":"Chợ Mới","addr:province":"An Giang","addr:subdistrict":"Mỹ Hội Đông","amenity":"marketplace","name":"Chợ Mỹ Hội Đông"}},"geometry":{"type":"Polygon","coordinates":[[[17024.118755209958,-3257.341405331623],[17020.43979643192,-3265.10723984614],[16990.632353076828,-3251.1627900353633],[16994.311316907406,-3243.396958820522],[17024.118755209958,-3257.341405331623]]]}},{"type":"Feature","id":"way/1159104277","properties":{"osm_ids":"way/1159104277","polygon":"","kind":"marketplace","town":"Châu Đốc","name":"Chợ Vĩnh Nguơn","scope":"grounds","source":"https://www.openstreetmap.org/way/1159104277","estimate":"yes","notes":"Cached OSM yards_landuse.json; exact mapped geometry, not surveyed. Scope=grounds; do not expand to surrounding grounds.","area_m2":1844.4,"method":"OSM mapped polygon; semantic interpretation estimated","tags":{"amenity":"marketplace","name":"Chợ Vĩnh Nguơn"}},"geometry":{"type":"Polygon","coordinates":[[[-7072.689881763712,16476.23872605362],[-7116.054341366049,16439.503311373992],[-7137.188848449325,16464.13044364634],[-7093.835332679446,16500.86582780513],[-7072.689881763712,16476.23872605362]]]}},{"type":"Feature","id":"way/1159104280","properties":{"osm_ids":"way/1159104280","polygon":"","kind":"parking","town":"Châu Đốc","name":"","scope":"grounds","source":"https://www.openstreetmap.org/way/1159104280","estimate":"yes","notes":"Cached OSM yards_landuse.json; exact mapped geometry, not surveyed. Scope=grounds; do not expand to surrounding grounds.","area_m2":7127.2,"method":"OSM mapped polygon; semantic interpretation estimated","tags":{"amenity":"parking"}},"geometry":{"type":"Polygon","coordinates":[[[-9626.722521002754,12470.119249612326],[-9716.738094692293,12399.639784539584],[-9755.48677775549,12448.4890956718],[-9665.449380182836,12518.957409260329],[-9626.722521002754,12470.119249612326]]]}},{"type":"Feature","id":"way/1159104282","properties":{"osm_ids":"way/1159104282","polygon":"","kind":"park","town":"Châu Phú","name":"","scope":"grounds","source":"https://www.openstreetmap.org/way/1159104282","estimate":"yes","notes":"Cached OSM yards_landuse.json; exact mapped geometry, not surveyed. Scope=grounds; do not expand to surrounding grounds.","area_m2":498.2,"method":"OSM mapped polygon; semantic interpretation estimated","tags":{"leisure":"park"}},"geometry":{"type":"Polygon","coordinates":[[[6089.726354968967,1276.2317344727926],[6092.766789604444,1277.2733287664596],[6095.862618044135,1277.3751330482773],[6100.370922275237,1275.764173849253],[6105.087734410423,1273.2688225992024],[6109.751004601363,1269.214418009622],[6112.850840857136,1263.9094325010665],[6114.4291900474345,1259.7974581741728],[6115.275324602961,1254.6898256975692],[6115.01566728414,1250.786569091957],[6113.180790388491,1246.7715766455512],[6110.403674038476,1244.6908328717109],[6107.834147487301,1242.9640619917773],[6086.741199285956,1274.4051458199974],[6089.726354968967,1276.2317344727926]]]}},{"type":"Feature","id":"way/1159104296","properties":{"osm_ids":"way/1159104296","polygon":"","kind":"marketplace","town":"Châu Phú","name":"Chợ Châu Phú","scope":"grounds","source":"https://www.openstreetmap.org/way/1159104296","estimate":"yes","notes":"Cached OSM yards_landuse.json; exact mapped geometry, not surveyed. Scope=grounds; do not expand to surrounding grounds.","area_m2":765.1,"method":"OSM mapped polygon; semantic interpretation estimated","tags":{"amenity":"marketplace","name":"Chợ Châu Phú"}},"geometry":{"type":"Polygon","coordinates":[[[6143.826274359948,1757.7198563774582],[6108.827495546313,1732.9597373688594],[6098.435219850391,1747.4586116857827],[6133.423043225426,1772.2297691148706],[6143.826274359948,1757.7198563774582]]]}},{"type":"Feature","id":"way/1159104297","properties":{"osm_ids":"way/1159104297","polygon":"","kind":"marketplace","town":"Châu Phú","name":"","scope":"grounds","source":"https://www.openstreetmap.org/way/1159104297","estimate":"yes","notes":"Cached OSM yards_landuse.json; exact mapped geometry, not surveyed. Scope=grounds; do not expand to surrounding grounds.","area_m2":618.2,"method":"OSM mapped polygon; semantic interpretation estimated","tags":{"amenity":"marketplace"}},"geometry":{"type":"Polygon","coordinates":[[[6171.647215622361,1799.2479080609046],[6182.367904036888,1784.4618215337396],[6154.837057669181,1764.760183812352],[6144.116383592365,1779.5352218644693],[6171.647215622361,1799.2479080609046]]]}},{"type":"Feature","id":"way/1159104313","properties":{"osm_ids":"way/1159104313","polygon":"","kind":"cemetery","town":"Châu Đốc","name":"","scope":"grounds","source":"https://www.openstreetmap.org/way/1159104313","estimate":"yes","notes":"Cached OSM yards_landuse.json; exact mapped geometry, not surveyed. Scope=grounds; do not expand to surrounding grounds.","area_m2":209.6,"method":"OSM mapped polygon; semantic interpretation estimated","tags":{"landuse":"cemetery"}},"geometry":{"type":"Polygon","coordinates":[[[-10522.85005141783,12368.18809854635],[-10533.147891784494,12353.29191235383],[-10542.7075713136,12359.812996911583],[-10532.409728764964,12374.709180231905],[-10522.85005141783,12368.18809854635]]]}},{"type":"Feature","id":"way/1159104314","properties":{"osm_ids":"way/1159104314","polygon":"","kind":"cemetery","town":"Châu Đốc","name":"","scope":"grounds","source":"https://www.openstreetmap.org/way/1159104314","estimate":"yes","notes":"Cached OSM yards_landuse.json; exact mapped geometry, not surveyed. Scope=grounds; do not expand to surrounding grounds.","area_m2":54.8,"method":"OSM mapped polygon; semantic interpretation estimated","tags":{"landuse":"cemetery"}},"geometry":{"type":"Polygon","coordinates":[[[-10514.75601004681,12362.540133230155],[-10519.69712407462,12355.009165537544],[-10524.805057701073,12358.324905697256],[-10519.863940198964,12365.844815823948],[-10514.75601004681,12362.540133230155]]]}},{"type":"Feature","id":"way/1159104323","properties":{"osm_ids":"way/1159104323","polygon":"","kind":"marketplace","town":"Châu Đốc","name":"Chợ Cống Đồn","scope":"grounds","source":"https://www.openstreetmap.org/way/1159104323","estimate":"yes","notes":"Cached OSM yards_landuse.json; exact mapped geometry, not surveyed. Scope=grounds; do not expand to surrounding grounds.","area_m2":1177.7,"method":"OSM mapped polygon; semantic interpretation estimated","tags":{"addr:city":"Xã Vĩnh Tế","addr:district":"Châu Đốc","addr:province":"An Giang","addr:subdistrict":"Vĩnh Tế","amenity":"marketplace","name":"Chợ Cống Đồn"}},"geometry":{"type":"Polygon","coordinates":[[[-11653.879276684427,11493.090257826261],[-11652.960483157134,11443.279482211452],[-11676.593585676455,11442.843013988575],[-11677.512346863572,11492.664846835192],[-11653.879276684427,11493.090257826261]]]}},{"type":"Feature","id":"way/1159104325","properties":{"osm_ids":"way/1159104325","polygon":"","kind":"parking","town":"province rural","name":"","scope":"grounds","source":"https://www.openstreetmap.org/way/1159104325","estimate":"yes","notes":"Cached OSM yards_landuse.json; exact mapped geometry, not surveyed. Scope=grounds; do not expand to surrounding grounds.","area_m2":4242.4,"method":"OSM mapped polygon; semantic interpretation estimated","tags":{"amenity":"parking"}},"geometry":{"type":"Polygon","coordinates":[[[-17077.844492476783,5640.442529127467],[-17037.407645114756,5660.97749187774],[-17011.78610485274,5589.994611665141],[-17054.476539719268,5573.705280389404],[-17044.817278862814,5559.354190744925],[-17063.09443586273,5552.199311945122],[-17086.822137154,5599.3660489595495],[-17061.435439036286,5609.860504698707],[-17077.844492476783,5640.442529127467]]]}},{"type":"Feature","id":"way/1159104333","properties":{"osm_ids":"way/1159104333","polygon":"","kind":"park","town":"province rural","name":"","scope":"grounds","source":"https://www.openstreetmap.org/way/1159104333","estimate":"yes","notes":"Cached OSM yards_landuse.json; exact mapped geometry, not surveyed. Scope=grounds; do not expand to surrounding grounds.","area_m2":340.8,"method":"OSM mapped polygon; semantic interpretation estimated","tags":{"leisure":"park"}},"geometry":{"type":"Polygon","coordinates":[[[-17067.29945629253,5453.240905123297],[-17030.066783899732,5466.091215602122],[-17028.239835623535,5461.7239049116615],[-17099.248851556913,5437.560424378375],[-17100.47418437118,5441.784037567442],[-17067.29945629253,5453.240905123297]]]}},{"type":"Feature","id":"way/1159104334","properties":{"osm_ids":"way/1159104334","polygon":"","kind":"park","town":"province rural","name":"","scope":"grounds","source":"https://www.openstreetmap.org/way/1159104334","estimate":"yes","notes":"Cached OSM yards_landuse.json; exact mapped geometry, not surveyed. Scope=grounds; do not expand to surrounding grounds.","area_m2":485.1,"method":"OSM mapped polygon; semantic interpretation estimated","tags":{"leisure":"park"}},"geometry":{"type":"Polygon","coordinates":[[[-17022.890852072684,5458.163962524617],[-17019.18221794424,5448.743825451238],[-17036.682608895062,5438.2498362238985],[-17053.20980550768,5432.410819519777],[-17058.099972348777,5445.335884207161],[-17022.890852072684,5458.163962524617]]]}},{"type":"Feature","id":"way/1159104335","properties":{"osm_ids":"way/1159104335","polygon":"","kind":"park","town":"province rural","name":"","scope":"grounds","source":"https://www.openstreetmap.org/way/1159104335","estimate":"yes","notes":"Cached OSM yards_landuse.json; exact mapped geometry, not surveyed. Scope=grounds; do not expand to surrounding grounds.","area_m2":431.4,"method":"OSM mapped polygon; semantic interpretation estimated","tags":{"leisure":"park"}},"geometry":{"type":"Polygon","coordinates":[[[-17066.127483410586,5427.69982649805],[-17094.94894468767,5417.8685710416175],[-17099.576610252203,5431.258042252157],[-17070.75515899784,5441.0892938799225],[-17066.127483410586,5427.69982649805]]]}},{"type":"Feature","id":"way/1159104340","properties":{"osm_ids":"way/1159104340","polygon":"","kind":"marketplace","town":"Tịnh Biên","name":"","scope":"grounds","source":"https://www.openstreetmap.org/way/1159104340","estimate":"yes","notes":"Cached OSM yards_landuse.json; exact mapped geometry, not surveyed. Scope=grounds; do not expand to surrounding grounds.","area_m2":888.2,"method":"OSM mapped polygon; semantic interpretation estimated","tags":{"amenity":"marketplace"}},"geometry":{"type":"Polygon","coordinates":[[[-19040.947198172973,5358.838968447177],[-19053.416692409024,5348.766197058605],[-19088.517463218945,5391.677422884852],[-19076.058912460576,5401.739124843851],[-19040.947198172973,5358.838968447177]]]}},{"type":"Feature","id":"way/1159104342","properties":{"osm_ids":"way/1159104342","polygon":"","kind":"marketplace","town":"Tịnh Biên","name":"","scope":"grounds","source":"https://www.openstreetmap.org/way/1159104342","estimate":"yes","notes":"Cached OSM yards_landuse.json; exact mapped geometry, not surveyed. Scope=grounds; do not expand to surrounding grounds.","area_m2":525.5,"method":"OSM mapped polygon; semantic interpretation estimated","tags":{"amenity":"marketplace"}},"geometry":{"type":"Polygon","coordinates":[[[-19037.49071333441,5354.670579142636],[-19017.200252487848,5329.649191931123],[-19029.94320482679,5319.454786255257],[-19050.22272423061,5344.487237739144],[-19037.49071333441,5354.670579142636]]]}},{"type":"Feature","id":"way/1159104343","properties":{"osm_ids":"way/1159104343","polygon":"","kind":"marketplace","town":"Tịnh Biên","name":"","scope":"grounds","source":"https://www.openstreetmap.org/way/1159104343","estimate":"yes","notes":"Cached OSM yards_landuse.json; exact mapped geometry, not surveyed. Scope=grounds; do not expand to surrounding grounds.","area_m2":492.5,"method":"OSM mapped polygon; semantic interpretation estimated","tags":{"amenity":"marketplace"}},"geometry":{"type":"Polygon","coordinates":[[[-19013.754695779644,5324.640490214573],[-18994.273629602278,5300.127724687336],[-19006.666565980064,5290.419810466468],[-19026.12575243268,5314.943639830453],[-19013.754695779644,5324.640490214573]]]}},{"type":"Feature","id":"way/1159104345","properties":{"osm_ids":"way/1159104345","polygon":"","kind":"marketplace","town":"Tịnh Biên","name":"","scope":"grounds","source":"https://www.openstreetmap.org/way/1159104345","estimate":"yes","notes":"Cached OSM yards_landuse.json; exact mapped geometry, not surveyed. Scope=grounds; do not expand to surrounding grounds.","area_m2":259.5,"method":"OSM mapped polygon; semantic interpretation estimated","tags":{"amenity":"marketplace"}},"geometry":{"type":"Polygon","coordinates":[[[-18992.621954188624,5298.988886182196],[-18982.56966900616,5286.4505623138975],[-18995.236060642055,5276.4330527225975],[-19005.28834411461,5288.971380261937],[-18992.621954188624,5298.988886182196]]]}},{"type":"Feature","id":"way/1159104349","properties":{"osm_ids":"way/1159104349","polygon":"","kind":"park","town":"province rural","name":"","scope":"grounds","source":"https://www.openstreetmap.org/way/1159104349","estimate":"yes","notes":"Cached OSM yards_landuse.json; exact mapped geometry, not surveyed. Scope=grounds; do not expand to surrounding grounds.","area_m2":1792.2,"method":"OSM mapped polygon; semantic interpretation estimated","tags":{"leisure":"park"}},"geometry":{"type":"Polygon","coordinates":[[[-17999.143626008066,6102.250629769405],[-18048.95370834542,6062.367128262995],[-18061.916118787252,6090.473030728288],[-18017.02796675125,6125.458191335201],[-17999.143626008066,6102.250629769405]]]}},{"type":"Feature","id":"way/1159104357","properties":{"osm_ids":"way/1159104357","polygon":"","kind":"school","town":"province rural","name":"Trường Phổ thông dân tộc nội trú Tịnh Biên","scope":"grounds","source":"https://www.openstreetmap.org/way/1159104357","estimate":"yes","notes":"Cached OSM yards_landuse.json; exact mapped geometry, not surveyed. Scope=grounds; do not expand to surrounding grounds.","area_m2":5031.5,"method":"OSM mapped polygon; semantic interpretation estimated","tags":{"addr:city":"Phường Nhà Bàng","addr:district":"Tịnh Biên","addr:province":"An Giang","addr:subdistrict":"Nhà Bàng","amenity":"school","name":"Trường Phổ thông dân tộc nội trú Tịnh Biên"}},"geometry":{"type":"Polygon","coordinates":[[[-17909.729671725014,6202.793160389876],[-17879.61598129722,6160.833822582848],[-17948.588508417946,6104.353216851363],[-17986.33695133595,6149.441413258435],[-17909.729671725014,6202.793160389876]]]}},{"type":"Feature","id":"way/1159104367","properties":{"osm_ids":"way/1159104367","polygon":"","kind":"school","town":"Tri Tôn","name":"Trường Trung học cơ sở Tri Tôn","scope":"grounds","source":"https://www.openstreetmap.org/way/1159104367","estimate":"yes","notes":"Cached OSM yards_landuse.json; exact mapped geometry, not surveyed. Scope=grounds; do not expand to surrounding grounds.","area_m2":14116.4,"method":"OSM mapped polygon; semantic interpretation estimated","tags":{"amenity":"school","name":"Trường Trung học cơ sở Tri Tôn"}},"geometry":{"type":"Polygon","coordinates":[[[-19345.538219432463,-16820.887908278964],[-19467.183894652524,-16836.808680132497],[-19479.791819274542,-16718.314615927404],[-19361.211240431643,-16707.47992409882],[-19345.538219432463,-16820.887908278964]]]}},{"type":"Feature","id":"way/1159194086","properties":{"osm_ids":"way/1159194086","polygon":"","kind":"school","town":"Tịnh Biên","name":"Trường Trung học phổ thông Tịnh Biên","scope":"grounds","source":"https://www.openstreetmap.org/way/1159194086","estimate":"yes","notes":"Cached OSM yards_landuse.json; exact mapped geometry, not surveyed. Scope=grounds; do not expand to surrounding grounds.","area_m2":5717.5,"method":"OSM mapped polygon; semantic interpretation estimated","tags":{"amenity":"school","name":"Trường Trung học phổ thông Tịnh Biên"}},"geometry":{"type":"Polygon","coordinates":[[[-18349.03782934125,6110.333802429959],[-18290.627192129614,6033.756034645718],[-18340.437807314273,5997.532755941385],[-18394.987268322264,6072.927621673327],[-18349.03782934125,6110.333802429959]]]}},{"type":"Feature","id":"way/1159194087","properties":{"osm_ids":"way/1159194087","polygon":"","kind":"school","town":"Tịnh Biên","name":"Trường Trung học cơ sở Lê Hồng Phong","scope":"grounds","source":"https://www.openstreetmap.org/way/1159194087","estimate":"yes","notes":"Cached OSM yards_landuse.json; exact mapped geometry, not surveyed. Scope=grounds; do not expand to surrounding grounds.","area_m2":6219.9,"method":"OSM mapped polygon; semantic interpretation estimated","tags":{"amenity":"school","name":"Trường Trung học cơ sở Lê Hồng Phong"}},"geometry":{"type":"Polygon","coordinates":[[[-18580.140389355598,5812.9126358293],[-18527.395726696413,5738.7447516131215],[-18598.197274347767,5707.165304878261],[-18640.091067115834,5767.689406247344],[-18580.140389355598,5812.9126358293]]]}},{"type":"Feature","id":"way/1159194088","properties":{"osm_ids":"way/1159194088","polygon":"","kind":"school","town":"province rural","name":"Trường tiểu học Văn Giáo","scope":"grounds","source":"https://www.openstreetmap.org/way/1159194088","estimate":"yes","notes":"Cached OSM yards_landuse.json; exact mapped geometry, not surveyed. Scope=grounds; do not expand to surrounding grounds.","area_m2":3221.2,"method":"OSM mapped polygon; semantic interpretation estimated","tags":{"amenity":"school","name":"Trường tiểu học Văn Giáo"}},"geometry":{"type":"Polygon","coordinates":[[[-17983.52802806784,930.1517815906554],[-17993.35272136121,956.6876296633855],[-17972.042657213402,964.4833855289035],[-17936.640214975574,912.3189293844625],[-18011.334962705558,884.9950634380803],[-18022.756976492587,915.8098253533244],[-17983.52802806784,930.1517815906554]]]}},{"type":"Feature","id":"way/1159194089","properties":{"osm_ids":"way/1159194089","polygon":"","kind":"marketplace","town":"province rural","name":"Chợ Văn Giáo","scope":"grounds","source":"https://www.openstreetmap.org/way/1159194089","estimate":"yes","notes":"Cached OSM yards_landuse.json; exact mapped geometry, not surveyed. Scope=grounds; do not expand to surrounding grounds.","area_m2":1112.9,"method":"OSM mapped polygon; semantic interpretation estimated","tags":{"addr:city":"Xã Văn Giáo","addr:district":"Tịnh Biên","addr:province":"An Giang","addr:subdistrict":"Văn Giáo","amenity":"marketplace","name":"Chợ Văn Giáo"}},"geometry":{"type":"Polygon","coordinates":[[[-18023.761338320503,854.4890765096061],[-18017.722018276865,835.6596437059343],[-18071.358513079525,818.6525796737988],[-18077.408746170462,837.4820214018691],[-18023.761338320503,854.4890765096061]]]}},{"type":"Feature","id":"way/1159194090","properties":{"osm_ids":"way/1159194090","polygon":"","kind":"park","town":"Tịnh Biên","name":"Quảng trường Hữu Nghị","scope":"grounds","source":"https://www.openstreetmap.org/way/1159194090","estimate":"yes","notes":"Cached OSM yards_landuse.json; exact mapped geometry, not surveyed. Scope=grounds; do not expand to surrounding grounds.","area_m2":9181.3,"method":"OSM mapped polygon; semantic interpretation estimated","tags":{"addr:district":"Tịnh Biên","addr:province":"An Giang","addr:subdistrict":"TT. Tịnh Biên","leisure":"park","name":"Quảng trường Hữu Nghị"}},"geometry":{"type":"Polygon","coordinates":[[[-24697.336349442077,3329.6050228390377],[-24693.45938019117,3358.164022009354],[-24680.077058774303,3383.747217020951],[-24658.776018713135,3403.3253198668826],[-24632.072557716456,3414.598940155236],[-24603.106314282515,3416.2307211109437],[-24575.279267877166,3408.0221850590315],[-24551.89476469194,3390.9579020114616],[-24535.698123545095,3367.0506256965455],[-24534.178563832073,3361.0797334664967],[-24696.407293870172,3324.9942011418752],[-24697.336349442077,3329.6050228390377]]]}},{"type":"Feature","id":"way/1159194091","properties":{"osm_ids":"way/1159194091","polygon":"","kind":"park","town":"Tịnh Biên","name":"Quảng trường Hữu Nghị","scope":"grounds","source":"https://www.openstreetmap.org/way/1159194091","estimate":"yes","notes":"Cached OSM yards_landuse.json; exact mapped geometry, not surveyed. Scope=grounds; do not expand to surrounding grounds.","area_m2":10641.5,"method":"OSM mapped polygon; semantic interpretation estimated","tags":{"addr:district":"Tịnh Biên","addr:province":"An Giang","addr:subdistrict":"TT. Tịnh Biên","leisure":"park","name":"Quảng trường Hữu Nghị"}},"geometry":{"type":"Polygon","coordinates":[[[-24531.248766939796,3349.547066769097],[-24528.592269041575,3339.098006319022],[-24530.838887398422,3312.617405329831],[-24541.300273929315,3288.150426985929],[-24558.936861791473,3268.173630078789],[-24581.965309515537,3254.6548471688293],[-24608.099166857486,3248.975820615655],[-24634.702061774267,3251.688973930897],[-24659.126812008675,3262.5285204476677],[-24678.923272638815,3280.410497407429],[-24692.100857384386,3303.543379041599],[-24693.849659048952,3312.289563509403],[-24531.248766939796,3349.547066769097]]]}},{"type":"Feature","id":"way/1159194092","properties":{"osm_ids":"way/1159194092","polygon":"","kind":"school","town":"Tịnh Biên","name":"Trường Trung học cơ sở Lương Thế Vinh","scope":"grounds","source":"https://www.openstreetmap.org/way/1159194092","estimate":"yes","notes":"Cached OSM yards_landuse.json; exact mapped geometry, not surveyed. Scope=grounds; do not expand to surrounding grounds.","area_m2":9179.6,"method":"OSM mapped polygon; semantic interpretation estimated","tags":{"amenity":"school","name":"Trường Trung học cơ sở Lương Thế Vinh"}},"geometry":{"type":"Polygon","coordinates":[[[-24741.748207379947,3730.8844342073426],[-24711.460349503264,3722.0009196538012],[-24702.950431010628,3719.5117665934376],[-24741.27733077295,3599.950110179605],[-24806.019851026183,3624.0534327013884],[-24781.180721262295,3740.3223160339985],[-24741.748207379947,3730.8844342073426]]]}},{"type":"Feature","id":"way/1159194093","properties":{"osm_ids":"way/1159194093","polygon":"","kind":"school","town":"Tịnh Biên","name":"Trường Trung học phổ thông Xuân Tô","scope":"grounds","source":"https://www.openstreetmap.org/way/1159194093","estimate":"yes","notes":"Cached OSM yards_landuse.json; exact mapped geometry, not surveyed. Scope=grounds; do not expand to surrounding grounds.","area_m2":5924.2,"method":"OSM mapped polygon; semantic interpretation estimated","tags":{"amenity":"school","name":"Trường Trung học phổ thông Xuân Tô"}},"geometry":{"type":"Polygon","coordinates":[[[-24781.180721262295,3740.3223160339985],[-24761.388229310396,3833.7487654504366],[-24713.467112345912,3826.0786091082264],[-24711.460349503264,3722.0009196538012],[-24781.180721262295,3740.3223160339985]]]}},{"type":"Feature","id":"way/1159194094","properties":{"osm_ids":"way/1159194094","polygon":"","kind":"park","town":"Tịnh Biên","name":"","scope":"grounds","source":"https://www.openstreetmap.org/way/1159194094","estimate":"yes","notes":"Cached OSM yards_landuse.json; exact mapped geometry, not surveyed. Scope=grounds; do not expand to surrounding grounds.","area_m2":8025.5,"method":"OSM mapped polygon; semantic interpretation estimated","tags":{"leisure":"park"}},"geometry":{"type":"Polygon","coordinates":[[[-24928.377928538597,4094.34037391725],[-24924.560518342478,4093.388847693568],[-24844.026104613615,4054.3891892419197],[-24841.64209025819,4050.762172204675],[-24841.161630984396,4045.7091481869575],[-24857.8528278211,3986.8346231053583],[-24860.719118095236,3984.623746832134],[-24864.372805874795,3983.518679184839],[-24954.927969455253,4017.632987910183],[-24957.465247938293,4020.4750081328675],[-24958.580291557475,4024.5772591517307],[-24931.080029039993,4092.759711698862],[-24928.377928538597,4094.34037391725]]]}},{"type":"Feature","id":"way/1159194104","properties":{"osm_ids":"way/1159194104","polygon":"","kind":"school","town":"Tịnh Biên","name":"Trường Tiểu học \"C\" Nhà Bàng","scope":"grounds","source":"https://www.openstreetmap.org/way/1159194104","estimate":"yes","notes":"Cached OSM yards_landuse.json; exact mapped geometry, not surveyed. Scope=grounds; do not expand to surrounding grounds.","area_m2":3233.2,"method":"OSM mapped polygon; semantic interpretation estimated","tags":{"addr:city":"Phường Nhà Bàng","addr:district":"Tịnh Biên","addr:province":"An Giang","addr:subdistrict":"Nhà Bàng","amenity":"school","name":"Trường Tiểu học \"C\" Nhà Bàng"}},"geometry":{"type":"Polygon","coordinates":[[[-19311.654994364537,5725.547931460664],[-19285.414798505604,5648.670075521804],[-19323.14033476205,5635.965973825194],[-19349.369517006155,5712.854915049858],[-19311.654994364537,5725.547931460664]]]}},{"type":"Feature","id":"way/1159691508","properties":{"osm_ids":"way/1159691508","polygon":"","kind":"school","town":"Long Xuyên","name":"Trường Tiểu học C Hòa An","scope":"grounds","source":"https://www.openstreetmap.org/way/1159691508","estimate":"yes","notes":"Cached OSM yards_landuse.json; exact mapped geometry, not surveyed. Scope=grounds; do not expand to surrounding grounds.","area_m2":6261.2,"method":"OSM mapped polygon; semantic interpretation estimated","tags":{"addr:city":"Xã Hòa An","addr:district":"Chợ Mới","addr:province":"An Giang","addr:subdistrict":"Hòa An","amenity":"school","name":"Trường Tiểu học C Hòa An"}},"geometry":{"type":"Polygon","coordinates":[[[33686.8153400257,-21737.51363400207],[33645.73391030647,-21826.396832354832],[33584.723941227654,-21796.801264104433],[33632.78391219757,-21711.257831553696],[33686.8153400257,-21737.51363400207]]]}},{"type":"Feature","id":"way/1159707853","properties":{"osm_ids":"way/1159707853","polygon":"","kind":"school","town":"province rural","name":"Trường Trung học phổ thông Châu Văn Liêm","scope":"grounds","source":"https://www.openstreetmap.org/way/1159707853","estimate":"yes","notes":"Cached OSM yards_landuse.json; exact mapped geometry, not surveyed. Scope=grounds; do not expand to surrounding grounds.","area_m2":12206.8,"method":"OSM mapped polygon; semantic interpretation estimated","tags":{"amenity":"school","name":"Trường Trung học phổ thông Châu Văn Liêm"}},"geometry":{"type":"Polygon","coordinates":[[[34792.59881622833,-7276.852517600637],[34652.76563085965,-7369.597555480432],[34611.14517171157,-7310.142292484408],[34755.4300130636,-7216.218378923833],[34792.59881622833,-7276.852517600637]]]}},{"type":"Feature","id":"way/1159707856","properties":{"osm_ids":"way/1159707856","polygon":"","kind":"marketplace","town":"province rural","name":"Trung tâm Thương mại Mỹ Luông","scope":"building","source":"https://www.openstreetmap.org/way/1159707856","estimate":"yes","notes":"Cached OSM yards_landuse.json; exact mapped geometry, not surveyed. Scope=building; do not expand to surrounding grounds.","area_m2":1443.7,"method":"OSM mapped polygon; semantic interpretation estimated","tags":{"addr:city":"Thị trấn Mỹ Luông","addr:district":"Chợ Mới","addr:province":"An Giang","addr:subdistrict":"Mỹ Luông","amenity":"marketplace","building":"yes","name":"Trung tâm Thương mại Mỹ Luông"}},"geometry":{"type":"Polygon","coordinates":[[[34388.32763887127,-6767.3431397667155],[34393.643034204724,-6758.621857561637],[34402.72285980242,-6764.080970570911],[34413.26632405049,-6746.782278811093],[34428.797324063606,-6756.123426265083],[34402.96253956447,-6798.501361310249],[34367.92467558663,-6777.425838391064],[34377.90061818075,-6761.0678965735715],[34388.32763887127,-6767.3431397667155]]]}},{"type":"Feature","id":"way/1159707857","properties":{"osm_ids":"way/1159707857","polygon":"","kind":"school","town":"province rural","name":"Trường Trung học cơ sở Nguyễn Quang Sáng","scope":"grounds","source":"https://www.openstreetmap.org/way/1159707857","estimate":"yes","notes":"Cached OSM yards_landuse.json; exact mapped geometry, not surveyed. Scope=grounds; do not expand to surrounding grounds.","area_m2":13887.1,"method":"OSM mapped polygon; semantic interpretation estimated","tags":{"amenity":"school","name":"Trường Trung học cơ sở Nguyễn Quang Sáng"}},"geometry":{"type":"Polygon","coordinates":[[[34610.909500738606,-7467.297268995782],[34527.0484795759,-7546.873596955324],[34445.86917107459,-7465.741630780511],[34523.86394702736,-7378.556314430432],[34610.909500738606,-7467.297268995782]]]}},{"type":"Feature","id":"way/1159707858","properties":{"osm_ids":"way/1159707858","polygon":"","kind":"school","town":"province rural","name":"Trường Tiểu học A Thị trấn Mỹ Luông","scope":"grounds","source":"https://www.openstreetmap.org/way/1159707858","estimate":"yes","notes":"Cached OSM yards_landuse.json; exact mapped geometry, not surveyed. Scope=grounds; do not expand to surrounding grounds.","area_m2":5230.5,"method":"OSM mapped polygon; semantic interpretation estimated","tags":{"addr:city":"Thị trấn Mỹ Luông","addr:district":"Chợ Mới","addr:province":"An Giang","addr:subdistrict":"Mỹ Luông","amenity":"school","name":"Trường Tiểu học A Thị trấn Mỹ Luông"}},"geometry":{"type":"Polygon","coordinates":[[[34117.18071110558,-7040.521161183948],[34136.940826516366,-7039.130499835359],[34157.83348702337,-7013.047568787355],[34229.90963057522,-7060.757627188927],[34198.09156161535,-7104.935922628967],[34155.57463683293,-7073.511287708534],[34123.10256780975,-7077.055689026602],[34117.18071110558,-7040.521161183948]]]}},{"type":"Feature","id":"way/1159707860","properties":{"osm_ids":"way/1159707860","polygon":"","kind":"marketplace","town":"province rural","name":"Chợ Thủ","scope":"building","source":"https://www.openstreetmap.org/way/1159707860","estimate":"yes","notes":"Cached OSM yards_landuse.json; exact mapped geometry, not surveyed. Scope=building; do not expand to surrounding grounds.","area_m2":1217.8,"method":"OSM mapped polygon; semantic interpretation estimated","tags":{"addr:city":"Xã Long Điền A","addr:district":"Chợ Mới","addr:province":"An Giang","addr:subdistrict":"Long Điền A","amenity":"marketplace","building":"yes","name":"Chợ Thủ"}},"geometry":{"type":"Polygon","coordinates":[[[31442.110971309594,-3582.3855036818422],[31400.52502645331,-3628.499633917585],[31385.87709398358,-3615.46283500595],[31427.45209974097,-3569.348738519009],[31442.110971309594,-3582.3855036818422]]]}},{"type":"Feature","id":"way/1159707861","properties":{"osm_ids":"way/1159707861","polygon":"","kind":"school","town":"Chợ Mới","name":"Trường Tiểu học Phù Đổng","scope":"grounds","source":"https://www.openstreetmap.org/way/1159707861","estimate":"yes","notes":"Cached OSM yards_landuse.json; exact mapped geometry, not surveyed. Scope=grounds; do not expand to surrounding grounds.","area_m2":6449.4,"method":"OSM mapped polygon; semantic interpretation estimated","tags":{"addr:city":"Xã Long Điền A","addr:district":"Chợ Mới","addr:province":"An Giang","addr:subdistrict":"Long Điền A","amenity":"school","name":"Trường Tiểu học Phù Đổng"}},"geometry":{"type":"Polygon","coordinates":[[[31298.852804813534,-3447.2139100844506],[31227.179608365986,-3516.7246813075617],[31180.780891550123,-3489.4929658225738],[31234.247450973606,-3404.949338939041],[31298.852804813534,-3447.2139100844506]]]}},{"type":"Feature","id":"way/1159707862","properties":{"osm_ids":"way/1159707862","polygon":"","kind":"school","town":"Chợ Mới","name":"Trường Trung học cơ sở Võ Ánh Đăng","scope":"grounds","source":"https://www.openstreetmap.org/way/1159707862","estimate":"yes","notes":"Cached OSM yards_landuse.json; exact mapped geometry, not surveyed. Scope=grounds; do not expand to surrounding grounds.","area_m2":11936.9,"method":"OSM mapped polygon; semantic interpretation estimated","tags":{"amenity":"school","name":"Trường Trung học cơ sở Võ Ánh Đăng"}},"geometry":{"type":"Polygon","coordinates":[[[31180.780891550123,-3489.4929658225738],[31071.509821979445,-3422.724874051055],[31137.518073995947,-3347.517296231119],[31234.247450973606,-3404.949338939041],[31180.780891550123,-3489.4929658225738]]]}},{"type":"Feature","id":"way/1159707863","properties":{"osm_ids":"way/1159707863","polygon":"","kind":"cemetery","town":"Chợ Mới","name":"Nghĩa trang Liệt sĩ huyện Chợ Mới","scope":"grounds","source":"https://www.openstreetmap.org/way/1159707863","estimate":"yes","notes":"Cached OSM yards_landuse.json; exact mapped geometry, not surveyed. Scope=grounds; do not expand to surrounding grounds.","area_m2":13897.8,"method":"OSM mapped polygon; semantic interpretation estimated","tags":{"landuse":"cemetery","name":"Nghĩa trang Liệt sĩ huyện Chợ Mới"}},"geometry":{"type":"Polygon","coordinates":[[[30715.276649917592,-2999.0297257357743],[30616.70607066911,-3126.2520753368735],[30541.729565325542,-3083.7580714945216],[30634.76510436833,-2957.273757354822],[30715.276649917592,-2999.0297257357743]]]}},{"type":"Feature","id":"way/1159707864","properties":{"osm_ids":"way/1159707864","polygon":"","kind":"school","town":"Chợ Mới","name":"Trường Trung học cơ sở Nguyễn Đăng Sơn","scope":"grounds","source":"https://www.openstreetmap.org/way/1159707864","estimate":"yes","notes":"Cached OSM yards_landuse.json; exact mapped geometry, not surveyed. Scope=grounds; do not expand to surrounding grounds.","area_m2":8848.1,"method":"OSM mapped polygon; semantic interpretation estimated","tags":{"addr:street":"Lê Lợi","amenity":"school","name":"Trường Trung học cơ sở Nguyễn Đăng Sơn"}},"geometry":{"type":"Polygon","coordinates":[[[24979.734988898388,-2195.2640568863135],[24986.248203140683,-2197.88722115173],[24990.589434469235,-2204.5821636838373],[24981.275174083537,-2269.675695781596],[24977.19902319752,-2281.887883638032],[24969.983590033953,-2286.209419931518],[24878.912780015147,-2270.294089443749],[24892.53485260415,-2185.8010666023474],[24979.734988898388,-2195.2640568863135]]]}},{"type":"Feature","id":"way/1159707865","properties":{"osm_ids":"way/1159707865","polygon":"","kind":"park","town":"Chợ Mới","name":"Công viên huyện Chợ Mới","scope":"grounds","source":"https://www.openstreetmap.org/way/1159707865","estimate":"yes","notes":"Cached OSM yards_landuse.json; exact mapped geometry, not surveyed. Scope=grounds; do not expand to surrounding grounds.","area_m2":9752.1,"method":"OSM mapped polygon; semantic interpretation estimated","tags":{"addr:city":"Thị trấn Chợ Mới","addr:district":"Chợ Mới","addr:province":"An Giang","addr:subdistrict":"TT. Chợ Mới","leisure":"park","name":"Công viên huyện Chợ Mới"}},"geometry":{"type":"Polygon","coordinates":[[[24992.640231475467,-2115.073078812333],[24999.38567263144,-2119.6198590467684],[25002.05016425904,-2124.160848470172],[24993.448791381205,-2182.077473692596],[24991.045509690302,-2184.9553954454605],[24985.7541374251,-2188.0692402196582],[24858.07514842518,-2171.968876829371],[24866.89109499799,-2102.077285100706],[24992.640231475467,-2115.073078812333]]]}},{"type":"Feature","id":"way/1159707871","properties":{"osm_ids":"way/1159707871","polygon":"","kind":"school","town":"Chợ Mới","name":"Trường Tiểu học A thị trấn Chợ Mới","scope":"grounds","source":"https://www.openstreetmap.org/way/1159707871","estimate":"yes","notes":"Cached OSM yards_landuse.json; exact mapped geometry, not surveyed. Scope=grounds; do not expand to surrounding grounds.","area_m2":9397.5,"method":"OSM mapped polygon; semantic interpretation estimated","tags":{"addr:city":"Thị trấn Chợ Mới","addr:district":"Chợ Mới","addr:province":"An Giang","addr:subdistrict":"TT. Chợ Mới","amenity":"school","name":"Trường Tiểu học A thị trấn Chợ Mới"}},"geometry":{"type":"Polygon","coordinates":[[[24915.16940314928,-2320.048143753782],[24901.973056228715,-2395.2969688719604],[24780.775074213394,-2374.3228665760253],[24793.971661544056,-2299.063039917033],[24915.16940314928,-2320.048143753782]]]}},{"type":"Feature","id":"way/1159707873","properties":{"osm_ids":"way/1159707873","polygon":"","kind":"school","town":"Chợ Mới","name":"Trường Tiểu học B Kiến An","scope":"grounds","source":"https://www.openstreetmap.org/way/1159707873","estimate":"yes","notes":"Cached OSM yards_landuse.json; exact mapped geometry, not surveyed. Scope=grounds; do not expand to surrounding grounds.","area_m2":6494.5,"method":"OSM mapped polygon; semantic interpretation estimated","tags":{"addr:city":"Xã Kiến An","addr:district":"Chợ Mới","addr:province":"An Giang","addr:subdistrict":"Kiến An","amenity":"school","name":"Trường Tiểu học B Kiến An"}},"geometry":{"type":"Polygon","coordinates":[[[23593.21137605619,-1847.7896087905392],[23668.652284357348,-1886.2177847693674],[23641.760111193755,-1956.374859865522],[23582.479606281035,-1927.4907275976148],[23573.313507483224,-1920.5583909992129],[23565.59477322828,-1907.4102177210152],[23593.21137605619,-1847.7896087905392]]]}},{"type":"Feature","id":"way/1159707874","properties":{"osm_ids":"way/1159707874","polygon":"","kind":"school","town":"Chợ Mới","name":"Trường Trung học cơ sở Lê Triệu Kiết","scope":"grounds","source":"https://www.openstreetmap.org/way/1159707874","estimate":"yes","notes":"Cached OSM yards_landuse.json; exact mapped geometry, not surveyed. Scope=grounds; do not expand to surrounding grounds.","area_m2":13210.4,"method":"OSM mapped polygon; semantic interpretation estimated","tags":{"amenity":"school","name":"Trường Trung học cơ sở Lê Triệu Kiết"}},"geometry":{"type":"Polygon","coordinates":[[[22330.489991858252,-1122.1825537343975],[22273.316875545657,-1196.0572147166822],[22160.941310222726,-1110.2031304379925],[22218.13639290037,-1036.3286306594964],[22330.489991858252,-1122.1825537343975]]]}},{"type":"Feature","id":"way/1159707875","properties":{"osm_ids":"way/1159707875","polygon":"","kind":"school","town":"Phú Tân","name":"Trường Trung học cơ sở Phú Mỹ","scope":"grounds","source":"https://www.openstreetmap.org/way/1159707875","estimate":"yes","notes":"Cached OSM yards_landuse.json; exact mapped geometry, not surveyed. Scope=grounds; do not expand to surrounding grounds.","area_m2":12389.4,"method":"OSM mapped polygon; semantic interpretation estimated","tags":{"amenity":"school","name":"Trường Trung học cơ sở Phú Mỹ"}},"geometry":{"type":"Polygon","coordinates":[[[20274.494915221352,1095.7542378294747],[20307.135367259616,1070.714777389774],[20294.444472341333,1052.4339885145891],[20348.279031944578,1014.7920232210308],[20337.738566738088,1000.5826730183326],[20376.510483349324,961.7623345665634],[20341.51622921857,940.9236486896407],[20273.203935660655,982.2419189233333],[20247.16333279689,995.0379152693786],[20197.81885892572,1076.0395820343401],[20274.494915221352,1095.7542378294747]]]}},{"type":"Feature","id":"way/1159707876","properties":{"osm_ids":"way/1159707876","polygon":"","kind":"park","town":"Phú Tân","name":"","scope":"grounds","source":"https://www.openstreetmap.org/way/1159707876","estimate":"yes","notes":"Cached OSM yards_landuse.json; exact mapped geometry, not surveyed. Scope=grounds; do not expand to surrounding grounds.","area_m2":1556.0,"method":"OSM mapped polygon; semantic interpretation estimated","tags":{"leisure":"park"}},"geometry":{"type":"Polygon","coordinates":[[[20433.751715223538,958.2573071043007],[20441.5397704622,959.2061873835046],[20447.41792746808,956.2165715524461],[20450.925996682374,949.9071146207862],[20439.43936241849,921.466315950267],[20426.676377970492,889.8949195735622],[20404.90406233014,901.0703770176042],[20409.96732145804,912.1332161261234],[20428.19831896224,954.7789754178375],[20433.751715223538,958.2573071043007]]]}},{"type":"Feature","id":"way/1159707877","properties":{"osm_ids":"way/1159707877","polygon":"","kind":"park","town":"Phú Tân","name":"","scope":"grounds","source":"https://www.openstreetmap.org/way/1159707877","estimate":"yes","notes":"Cached OSM yards_landuse.json; exact mapped geometry, not surveyed. Scope=grounds; do not expand to surrounding grounds.","area_m2":1569.6,"method":"OSM mapped polygon; semantic interpretation estimated","tags":{"leisure":"park"}},"geometry":{"type":"Polygon","coordinates":[[[20413.400871163,970.0757117946632],[20416.25616099697,970.079023447819],[20419.123314089607,969.286247366108],[20421.82910222537,966.1381500298157],[20398.85813651269,907.2220985994209],[20364.814757447224,934.338561575627],[20413.400871163,970.0757117946632]]]}},{"type":"Feature","id":"way/1159707890","properties":{"osm_ids":"way/1159707890","polygon":"","kind":"park","town":"Phú Tân","name":"Công viên Phú Mỹ","scope":"grounds","source":"https://www.openstreetmap.org/way/1159707890","estimate":"yes","notes":"Cached OSM yards_landuse.json; exact mapped geometry, not surveyed. Scope=grounds; do not expand to surrounding grounds.","area_m2":8015.5,"method":"OSM mapped polygon; semantic interpretation estimated","tags":{"addr:city":"Thị trấn Phú Mỹ","addr:district":"Phú Tân","addr:province":"An Giang","addr:subdistrict":"Phú Mỹ","leisure":"park","name":"Công viên Phú Mỹ"}},"geometry":{"type":"Polygon","coordinates":[[[19873.109185737092,1559.2318398191128],[19945.392267028452,1573.9872435121797],[19949.8368170124,1571.31655426207],[19967.905974967172,1478.6688403363805],[19965.99642148055,1474.4097174729686],[19896.865209141513,1458.3863360299729],[19893.668313075206,1460.5830114504788],[19871.21003358299,1555.4371267959941],[19873.109185737092,1559.2318398191128]]]}},{"type":"Feature","id":"way/1159707902","properties":{"osm_ids":"way/1159707902","polygon":"","kind":"marketplace","town":"Phú Tân","name":"Trung tâm Thương mại Phú Mỹ","scope":"building","source":"https://www.openstreetmap.org/way/1159707902","estimate":"yes","notes":"Cached OSM yards_landuse.json; exact mapped geometry, not surveyed. Scope=building; do not expand to surrounding grounds.","area_m2":3393.8,"method":"OSM mapped polygon; semantic interpretation estimated","tags":{"addr:city":"Thị trấn Phú Mỹ","addr:district":"Phú Tân","addr:province":"An Giang","addr:subdistrict":"Phú Mỹ","amenity":"marketplace","building":"yes","name":"Trung tâm Thương mại Phú Mỹ"}},"geometry":{"type":"Polygon","coordinates":[[[19895.65081682522,1754.5789706045762],[19905.810773017234,1709.3676117209252],[19834.327831950737,1693.4964428863022],[19824.15701502422,1738.7188641240355],[19895.65081682522,1754.5789706045762]]]}},{"type":"Feature","id":"way/1159707903","properties":{"osm_ids":"way/1159707903","polygon":"","kind":"marketplace","town":"Phú Tân","name":"Chợ cá TTTM Phú Mỹ","scope":"building","source":"https://www.openstreetmap.org/way/1159707903","estimate":"yes","notes":"Cached OSM yards_landuse.json; exact mapped geometry, not surveyed. Scope=building; do not expand to surrounding grounds.","area_m2":1989.9,"method":"OSM mapped polygon; semantic interpretation estimated","tags":{"addr:city":"Thị trấn Phú Mỹ","addr:district":"Phú Tân","addr:province":"An Giang","addr:subdistrict":"Phú Mỹ","amenity":"marketplace","building":"yes","name":"Chợ cá TTTM Phú Mỹ"}},"geometry":{"type":"Polygon","coordinates":[[[19959.47533055942,1780.492270852672],[19973.138548045303,1723.553504598327],[19940.07719245297,1715.7204153502826],[19926.403088373947,1772.659180329414],[19959.47533055942,1780.492270852672]]]}},{"type":"Feature","id":"way/1159707904","properties":{"osm_ids":"way/1159707904","polygon":"","kind":"school","town":"Phú Tân","name":"Trường Tiểu học C Phú Mỹ (điểm phụ)","scope":"grounds","source":"https://www.openstreetmap.org/way/1159707904","estimate":"yes","notes":"Cached OSM yards_landuse.json; exact mapped geometry, not surveyed. Scope=grounds; do not expand to surrounding grounds.","area_m2":3972.8,"method":"OSM mapped polygon; semantic interpretation estimated","tags":{"addr:city":"Thị trấn Phú Mỹ","addr:district":"Phú Tân","addr:province":"An Giang","addr:subdistrict":"Phú Mỹ","amenity":"school","name":"Trường Tiểu học C Phú Mỹ (điểm phụ)"}},"geometry":{"type":"Polygon","coordinates":[[[20265.59304641199,1604.1544519944582],[20203.948188449023,1575.8216245363],[20179.229042602703,1628.8997273119166],[20240.873809318873,1657.2435704376549],[20265.59304641199,1604.1544519944582]]]}},{"type":"Feature","id":"way/1160002130","properties":{"osm_ids":"way/1160002130","polygon":"","kind":"school","town":"province rural","name":"Trường Tiểu học A Tấn Mỹ","scope":"grounds","source":"https://www.openstreetmap.org/way/1160002130","estimate":"yes","notes":"Cached OSM yards_landuse.json; exact mapped geometry, not surveyed. Scope=grounds; do not expand to surrounding grounds.","area_m2":5001.9,"method":"OSM mapped polygon; semantic interpretation estimated","tags":{"addr:city":"Xã Tấn Mỹ","addr:district":"Chợ Mới","addr:province":"An Giang","addr:subdistrict":"Tấn Mỹ","amenity":"school","name":"Trường Tiểu học A Tấn Mỹ"}},"geometry":{"type":"Polygon","coordinates":[[[34595.6855866313,-5333.122083896305],[34613.73320538248,-5391.674408511724],[34533.382545244065,-5431.5837167864665],[34523.43338293943,-5373.814801290631],[34595.6855866313,-5333.122083896305]]]}},{"type":"Feature","id":"way/1160002131","properties":{"osm_ids":"way/1160002131","polygon":"","kind":"marketplace","town":"province rural","name":"Chợ Tấn Lợi","scope":"building","source":"https://www.openstreetmap.org/way/1160002131","estimate":"yes","notes":"Cached OSM yards_landuse.json; exact mapped geometry, not surveyed. Scope=building; do not expand to surrounding grounds.","area_m2":1313.9,"method":"OSM mapped polygon; semantic interpretation estimated","tags":{"addr:city":"Xã Tấn Mỹ","addr:district":"Chợ Mới","addr:province":"An Giang","addr:subdistrict":"Tấn Mỹ","amenity":"marketplace","building":"yes","name":"Chợ Tấn Lợi"}},"geometry":{"type":"Polygon","coordinates":[[[34636.92974684038,-5907.938961310778],[34643.57854964933,-5912.329273647862],[34653.5838823705,-5935.920529428171],[34651.375873975456,-5944.3826814880595],[34624.46448274411,-5955.5040750813205],[34609.32945563283,-5919.337851639371],[34636.92974684038,-5907.938961310778]]]}},{"type":"Feature","id":"way/1160002134","properties":{"osm_ids":"way/1160002134","polygon":"","kind":"school","town":"province rural","name":"Trường Trung học cơ sở Tấn Mỹ","scope":"grounds","source":"https://www.openstreetmap.org/way/1160002134","estimate":"yes","notes":"Cached OSM yards_landuse.json; exact mapped geometry, not surveyed. Scope=grounds; do not expand to surrounding grounds.","area_m2":4981.4,"method":"OSM mapped polygon; semantic interpretation estimated","tags":{"amenity":"school","name":"Trường Trung học cơ sở Tấn Mỹ"}},"geometry":{"type":"Polygon","coordinates":[[[35263.74263168359,-6950.101834227564],[35183.77273410163,-6997.4533255381975],[35156.20141298708,-6951.488261076389],[35236.171235425514,-6904.136829468422],[35263.74263168359,-6950.101834227564]]]}},{"type":"Feature","id":"way/1160002137","properties":{"osm_ids":"way/1160002137","polygon":"","kind":"marketplace","town":"province rural","name":"Chợ Tấn Mỹ","scope":"building","source":"https://www.openstreetmap.org/way/1160002137","estimate":"yes","notes":"Cached OSM yards_landuse.json; exact mapped geometry, not surveyed. Scope=building; do not expand to surrounding grounds.","area_m2":414.8,"method":"OSM mapped polygon; semantic interpretation estimated","tags":{"addr:city":"Xã Tấn Mỹ","addr:district":"Chợ Mới","addr:province":"An Giang","addr:subdistrict":"Tấn Mỹ","amenity":"marketplace","building":"yes","name":"Chợ Tấn Mỹ"}},"geometry":{"type":"Polygon","coordinates":[[[35769.77382513136,-7596.027762991609],[35749.62290619523,-7613.275883106282],[35739.37256820535,-7601.472189881606],[35759.52346711804,-7584.213018481154],[35769.77382513136,-7596.027762991609]]]}},{"type":"Feature","id":"way/1160002139","properties":{"osm_ids":"way/1160002139","polygon":"","kind":"school","town":"province rural","name":"Trường Tiểu học B Tấn Mỹ (Điểm chính)","scope":"grounds","source":"https://www.openstreetmap.org/way/1160002139","estimate":"yes","notes":"Cached OSM yards_landuse.json; exact mapped geometry, not surveyed. Scope=grounds; do not expand to surrounding grounds.","area_m2":8921.0,"method":"OSM mapped polygon; semantic interpretation estimated","tags":{"addr:city":"Xã Tấn Mỹ","addr:district":"Chợ Mới","addr:province":"An Giang","addr:subdistrict":"Tấn Mỹ","amenity":"school","name":"Trường Tiểu học B Tấn Mỹ (Điểm chính)"}},"geometry":{"type":"Polygon","coordinates":[[[35966.00864267605,-7601.695620708633],[36047.45048869343,-7612.080281589879],[35906.533856298076,-7724.18219641922],[35869.60513592011,-7678.354259976186],[35966.00864267605,-7601.695620708633]]]}},{"type":"Feature","id":"way/1160002145","properties":{"osm_ids":"way/1160002145","polygon":"","kind":"school","town":"province rural","name":"","scope":"grounds","source":"https://www.openstreetmap.org/way/1160002145","estimate":"yes","notes":"Cached OSM yards_landuse.json; exact mapped geometry, not surveyed. Scope=grounds; do not expand to surrounding grounds.","area_m2":5856.1,"method":"OSM mapped polygon; semantic interpretation estimated","tags":{"addr:city":"Thị trấn Hội An","addr:district":"Chợ Mới","addr:province":"An Giang","addr:subdistrict":"Hội An","amenity":"school"}},"geometry":{"type":"Polygon","coordinates":[[[41046.841053991346,-15206.995337291155],[41018.990373692475,-15222.479554689256],[41038.4564446928,-15257.043556244113],[40976.259728140314,-15291.616806938313],[40942.671235545306,-15230.07571949251],[40987.93977104046,-15204.233922848245],[41028.248336454155,-15183.708122870652],[41046.841053991346,-15206.995337291155]]]}},{"type":"Feature","id":"way/1160002146","properties":{"osm_ids":"way/1160002146","polygon":"","kind":"school","town":"province rural","name":"Trường Trung học phổ thông Huỳnh Thị Hưởng","scope":"grounds","source":"https://www.openstreetmap.org/way/1160002146","estimate":"yes","notes":"Cached OSM yards_landuse.json; exact mapped geometry, not surveyed. Scope=grounds; do not expand to surrounding grounds.","area_m2":6780.5,"method":"OSM mapped polygon; semantic interpretation estimated","tags":{"amenity":"school","name":"Trường Trung học phổ thông Huỳnh Thị Hưởng"}},"geometry":{"type":"Polygon","coordinates":[[[40975.31283955602,-15181.279087910894],[41008.685785606154,-15162.877274165396],[41028.248336454155,-15183.708122870652],[40987.93977104046,-15204.233922848245],[40942.671235545306,-15230.07571949251],[40915.60847490758,-15245.514253553003],[40881.69682043698,-15186.881706107408],[40954.01706249977,-15145.59040251933],[40975.31283955602,-15181.279087910894]]]}},{"type":"Feature","id":"way/1160002147","properties":{"osm_ids":"way/1160002147","polygon":"","kind":"school","town":"province rural","name":"Trường Tiểu học A Hội An (Điểm chính - Ấp Thị 1)","scope":"grounds","source":"https://www.openstreetmap.org/way/1160002147","estimate":"yes","notes":"Cached OSM yards_landuse.json; exact mapped geometry, not surveyed. Scope=grounds; do not expand to surrounding grounds.","area_m2":1978.5,"method":"OSM mapped polygon; semantic interpretation estimated","tags":{"addr:city":"Thị trấn Hội An","addr:district":"Chợ Mới","addr:province":"An Giang","addr:subdistrict":"Hội An","amenity":"school","name":"Trường Tiểu học A Hội An (Điểm chính - Ấp Thị 1)"}},"geometry":{"type":"Polygon","coordinates":[[[41003.125996000366,-15301.665313683916],[41005.85620034672,-15329.635174896102],[40991.618743842584,-15331.008886812953],[40995.407645385945,-15369.857150126249],[40968.32249964413,-15372.45840106206],[40962.984470226686,-15317.624179575127],[41003.125996000366,-15301.665313683916]]]}},{"type":"Feature","id":"way/1160002150","properties":{"osm_ids":"way/1160002150","polygon":"","kind":"marketplace","town":"province rural","name":"","scope":"building","source":"https://www.openstreetmap.org/way/1160002150","estimate":"yes","notes":"Cached OSM yards_landuse.json; exact mapped geometry, not surveyed. Scope=building; do not expand to surrounding grounds.","area_m2":404.2,"method":"OSM mapped polygon; semantic interpretation estimated","tags":{"addr:city":"Thị trấn Hội An","addr:district":"Chợ Mới","addr:province":"An Giang","addr:subdistrict":"Hội An","amenity":"marketplace","building":"yes"}},"geometry":{"type":"Polygon","coordinates":[[[41019.22214555147,-14990.643720708322],[40987.202056360664,-15019.038875480182],[40980.896361873834,-15012.017480123555],[41013.00389508577,-14983.555836022133],[41019.22214555147,-14990.643720708322]]]}},{"type":"Feature","id":"way/1160002151","properties":{"osm_ids":"way/1160002151","polygon":"","kind":"marketplace","town":"province rural","name":"","scope":"building","source":"https://www.openstreetmap.org/way/1160002151","estimate":"yes","notes":"Cached OSM yards_landuse.json; exact mapped geometry, not surveyed. Scope=building; do not expand to surrounding grounds.","area_m2":466.5,"method":"OSM mapped polygon; semantic interpretation estimated","tags":{"addr:city":"Thị trấn Hội An","addr:district":"Chợ Mới","addr:province":"An Giang","addr:subdistrict":"Hội An","amenity":"marketplace","building":"yes"}},"geometry":{"type":"Polygon","coordinates":[[[41037.06541161798,-15011.013150176732],[41005.42970471957,-15040.159539505607],[40998.0388541572,-15032.233346236404],[41029.96977125178,-15002.909535564482],[41037.06541161798,-15011.013150176732]]]}},{"type":"Feature","id":"way/1160002154","properties":{"osm_ids":"way/1160002154","polygon":"","kind":"school","town":"province rural","name":"Trường Trung học cơ sở Nguyễn Thanh Sơn","scope":"grounds","source":"https://www.openstreetmap.org/way/1160002154","estimate":"yes","notes":"Cached OSM yards_landuse.json; exact mapped geometry, not surveyed. Scope=grounds; do not expand to surrounding grounds.","area_m2":8582.7,"method":"OSM mapped polygon; semantic interpretation estimated","tags":{"amenity":"school","name":"Trường Trung học cơ sở Nguyễn Thanh Sơn"}},"geometry":{"type":"Polygon","coordinates":[[[40977.64280010725,-12770.061323237373],[40991.84849315451,-12776.195434195455],[41017.51458752714,-12751.780723161763],[41037.365503590205,-12775.530114186695],[41066.85720568837,-12742.008643871639],[41103.56909993244,-12775.71322528692],[41029.496799968765,-12844.850183233852],[41017.40272847272,-12857.199999600416],[40948.74047168915,-12802.708168961573],[40977.64280010725,-12770.061323237373]]]}},{"type":"Feature","id":"way/1160002155","properties":{"osm_ids":"way/1160002155","polygon":"","kind":"marketplace","town":"province rural","name":"","scope":"building","source":"https://www.openstreetmap.org/way/1160002155","estimate":"yes","notes":"Cached OSM yards_landuse.json; exact mapped geometry, not surveyed. Scope=building; do not expand to surrounding grounds.","area_m2":357.3,"method":"OSM mapped polygon; semantic interpretation estimated","tags":{"addr:city":"Xã Bình Phước Xuân","addr:district":"Chợ Mới","addr:province":"An Giang","addr:subdistrict":"Bình Phước Xuân","amenity":"marketplace","building":"yes"}},"geometry":{"type":"Polygon","coordinates":[[[41335.74358342087,-12661.98238251335],[41336.171147078625,-12674.896418359363],[41308.53796936665,-12675.818322356325],[41308.0994716275,-12662.904305868084],[41335.74358342087,-12661.98238251335]]]}},{"type":"Feature","id":"way/1176733779","properties":{"osm_ids":"way/1176733779","polygon":"","kind":"park","town":"province rural","name":"Công viên Vĩnh Thông","scope":"grounds","source":"https://www.openstreetmap.org/way/1176733779","estimate":"yes","notes":"Cached OSM yards_landuse.json; exact mapped geometry, not surveyed. Scope=grounds; do not expand to surrounding grounds.","area_m2":357.2,"method":"OSM mapped polygon; semantic interpretation estimated","tags":{"leisure":"park","name":"Công viên Vĩnh Thông"}},"geometry":{"type":"Polygon","coordinates":[[[-31449.78647176933,-6915.531791728223],[-31437.329091664113,-6931.557418870507],[-31451.907765688025,-6942.045044701314],[-31463.576163629303,-6922.813245919067],[-31449.78647176933,-6915.531791728223]]]}},{"type":"Feature","id":"way/1176733780","properties":{"osm_ids":"way/1176733780","polygon":"","kind":"park","town":"province rural","name":"Công viên Vĩnh Thông","scope":"grounds","source":"https://www.openstreetmap.org/way/1176733780","estimate":"yes","notes":"Cached OSM yards_landuse.json; exact mapped geometry, not surveyed. Scope=grounds; do not expand to surrounding grounds.","area_m2":116.6,"method":"OSM mapped polygon; semantic interpretation estimated","tags":{"leisure":"park","name":"Công viên Vĩnh Thông"}},"geometry":{"type":"Polygon","coordinates":[[[-31438.765220030793,-6908.459422864951],[-31427.095395643264,-6923.710795311257],[-31432.10831245547,-6927.689428089652],[-31443.547917463293,-6911.221897074254],[-31438.765220030793,-6908.459422864951]]]}},{"type":"Feature","id":"way/1176760612","properties":{"osm_ids":"way/1176760612","polygon":"","kind":"park","town":"Tri Tôn","name":"Công viên Soài Chék","scope":"grounds","source":"https://www.openstreetmap.org/way/1176760612","estimate":"yes","notes":"Cached OSM yards_landuse.json; exact mapped geometry, not surveyed. Scope=grounds; do not expand to surrounding grounds.","area_m2":12588.6,"method":"OSM mapped polygon; semantic interpretation estimated","tags":{"leisure":"park","name":"Công viên Soài Chék"}},"geometry":{"type":"Polygon","coordinates":[[[-21206.002937208046,-18160.671878735535],[-21212.518034531677,-18202.078566539334],[-21224.9096185636,-18220.16648157686],[-21259.007023521583,-18246.335495366016],[-21317.109963202907,-18297.524154068902],[-21345.39269629243,-18281.357616938883],[-21373.67634947237,-18280.194898653543],[-21373.31479574053,-18274.72189136315],[-21344.832566005934,-18250.852419280447],[-21313.229658045864,-18207.523451996967],[-21258.947464294557,-18165.522613435518],[-21197.788161029166,-18065.5521910307],[-21206.002937208046,-18160.671878735535]]]}},{"type":"Feature","id":"way/1178373741","properties":{"osm_ids":"way/1178373741","polygon":"","kind":"cemetery","town":"Tri Tôn","name":"Nghĩa trang Liệt sĩ huyện Tri Tôn","scope":"grounds","source":"https://www.openstreetmap.org/way/1178373741","estimate":"yes","notes":"Cached OSM yards_landuse.json; exact mapped geometry, not surveyed. Scope=grounds; do not expand to surrounding grounds.","area_m2":26895.5,"method":"OSM mapped polygon; semantic interpretation estimated","tags":{"landuse":"cemetery","name":"Nghĩa trang Liệt sĩ huyện Tri Tôn"}},"geometry":{"type":"Polygon","coordinates":[[[-18869.937248913746,-14056.8144524768],[-18813.2887587141,-14092.327859178651],[-18885.45492584788,-14225.660716006067],[-18949.523919092433,-14184.12136976514],[-18936.02954000508,-14171.395070227329],[-19039.21379115479,-14100.367723952746],[-18952.217602767225,-13981.099144730484],[-18869.937248913746,-14056.8144524768]]]}},{"type":"Feature","id":"way/1182478978","properties":{"osm_ids":"way/1182478978","polygon":"","kind":"pitch","town":"Thoại Sơn","name":"Sân Cầu lông","scope":"grounds","source":"https://www.openstreetmap.org/way/1182478978","estimate":"yes","notes":"Cached OSM yards_landuse.json; exact mapped geometry, not surveyed. Scope=grounds; do not expand to surrounding grounds.","area_m2":8099.8,"method":"OSM mapped polygon; semantic interpretation estimated","tags":{"access":"yes","leisure":"pitch","name":"Sân Cầu lông","sport":"badminton"}},"geometry":{"type":"Polygon","coordinates":[[[10873.21614976041,-32921.80590996379],[10894.13408862555,-32912.05817027553],[10944.472127994988,-32949.165489037056],[10919.14803383255,-33005.355011814274],[10815.837388705113,-32974.92685951828],[10836.253954041866,-32903.704540718114],[10873.21614976041,-32921.80590996379]]]}},{"type":"Feature","id":"way/1182480400","properties":{"osm_ids":"way/1182480400","polygon":"","kind":"school","town":"Thoại Sơn","name":"Trường Tiểu học B Núi Sập","scope":"grounds","source":"https://www.openstreetmap.org/way/1182480400","estimate":"yes","notes":"Cached OSM yards_landuse.json; exact mapped geometry, not surveyed. Scope=grounds; do not expand to surrounding grounds.","area_m2":7059.7,"method":"OSM mapped polygon; semantic interpretation estimated","tags":{"amenity":"school","name":"Trường Tiểu học B Núi Sập"}},"geometry":{"type":"Polygon","coordinates":[[[10073.55794975697,-34644.287956695305],[10081.833012461546,-34705.56807004777],[9990.215262828395,-34742.99338076543],[9973.701698201243,-34664.21740064584],[10073.55794975697,-34644.287956695305]]]}},{"type":"Feature","id":"way/1182480401","properties":{"osm_ids":"way/1182480401","polygon":"","kind":"pitch","town":"Thoại Sơn","name":"Sân Bóng đá","scope":"grounds","source":"https://www.openstreetmap.org/way/1182480401","estimate":"yes","notes":"Cached OSM yards_landuse.json; exact mapped geometry, not surveyed. Scope=grounds; do not expand to surrounding grounds.","area_m2":3473.7,"method":"OSM mapped polygon; semantic interpretation estimated","tags":{"leisure":"pitch","name":"Sân Bóng đá","sport":"soccer"}},"geometry":{"type":"Polygon","coordinates":[[[10053.640556519618,-34713.17633005977],[10089.503651067615,-34751.08190663066],[10034.306867208332,-34786.14410528261],[9995.507488929201,-34746.49395545339],[10053.640556519618,-34713.17633005977]]]}},{"type":"Feature","id":"way/1182486052","properties":{"osm_ids":"way/1182486052","polygon":"","kind":"school","town":"Long Xuyên","name":"Trường Trung học cơ sở Ngô Gia Tự","scope":"grounds","source":"https://www.openstreetmap.org/way/1182486052","estimate":"yes","notes":"Cached OSM yards_landuse.json; exact mapped geometry, not surveyed. Scope=grounds; do not expand to surrounding grounds.","area_m2":6002.3,"method":"OSM mapped polygon; semantic interpretation estimated","tags":{"amenity":"school","name":"Trường Trung học cơ sở Ngô Gia Tự"}},"geometry":{"type":"Polygon","coordinates":[[[28120.75713841233,-17349.313347821357],[28212.305153782712,-17387.777167438762],[28142.86913319037,-17446.783360848436],[28087.5688095917,-17380.837708190084],[28120.75713841233,-17349.313347821357]]]}},{"type":"Feature","id":"way/1182666413","properties":{"osm_ids":"way/1182666413","polygon":"","kind":"parking","town":"province rural","name":"","scope":"grounds","source":"https://www.openstreetmap.org/way/1182666413","estimate":"yes","notes":"Cached OSM yards_landuse.json; exact mapped geometry, not surveyed. Scope=grounds; do not expand to surrounding grounds.","area_m2":21188.6,"method":"OSM mapped polygon; semantic interpretation estimated","tags":{"amenity":"parking"}},"geometry":{"type":"Polygon","coordinates":[[[-14214.141869811108,394.3727158412803],[-14202.887488067907,337.553735766327],[-14237.56567727821,330.7709120127838],[-14223.125502885086,257.9532778656576],[-14365.262752508046,230.13627811777405],[-14390.967675046646,359.7840612337459],[-14214.141869811108,394.3727158412803]]]}},{"type":"Feature","id":"way/1182693679","properties":{"osm_ids":"way/1182693679","polygon":"","kind":"park","town":"province rural","name":"","scope":"grounds","source":"https://www.openstreetmap.org/way/1182693679","estimate":"yes","notes":"Cached OSM yards_landuse.json; exact mapped geometry, not surveyed. Scope=grounds; do not expand to surrounding grounds.","area_m2":2409.9,"method":"OSM mapped polygon; semantic interpretation estimated","tags":{"leisure":"park"}},"geometry":{"type":"Polygon","coordinates":[[[34023.7192073816,-5796.023409076268],[34043.95269608847,-5825.1828134900425],[33985.752884101355,-5861.573430106975],[33967.5620668123,-5830.122011936037],[34023.7192073816,-5796.023409076268]]]}},{"type":"Feature","id":"way/1182693681","properties":{"osm_ids":"way/1182693681","polygon":"","kind":"school","town":"province rural","name":"Trường Trung cấp Kỹ thuật - Công nghệ An Giang","scope":"grounds","source":"https://www.openstreetmap.org/way/1182693681","estimate":"yes","notes":"Cached OSM yards_landuse.json; exact mapped geometry, not surveyed. Scope=grounds; do not expand to surrounding grounds.","area_m2":10154.9,"method":"OSM mapped polygon; semantic interpretation estimated","tags":{"amenity":"school","name":"Trường Trung cấp Kỹ thuật - Công nghệ An Giang"}},"geometry":{"type":"Polygon","coordinates":[[[34669.73862982786,-7894.429527364671],[34529.49047939968,-7989.584993699333],[34497.72697048762,-7935.808606586186],[34634.53672802332,-7846.242474811384],[34669.73862982786,-7894.429527364671]]]}},{"type":"Feature","id":"way/1189409893","properties":{"osm_ids":"way/1189409893","polygon":"","kind":"cemetery","town":"Châu Đốc","name":"Nghĩa trang Nhân dân Thành phố Châu Đốc","scope":"grounds","source":"https://www.openstreetmap.org/way/1189409893","estimate":"yes","notes":"Cached OSM yards_landuse.json; exact mapped geometry, not surveyed. Scope=grounds; do not expand to surrounding grounds.","area_m2":14416.6,"method":"OSM mapped polygon; semantic interpretation estimated","tags":{"landuse":"cemetery","name":"Nghĩa trang Nhân dân Thành phố Châu Đốc"}},"geometry":{"type":"Polygon","coordinates":[[[-10252.269153487228,11152.206615387928],[-10347.922506911214,11042.663683467079],[-10423.01741441025,11107.403966037324],[-10327.353062092967,11216.92457855842],[-10252.269153487228,11152.206615387928]]]}},{"type":"Feature","id":"way/1189409900","properties":{"osm_ids":"way/1189409900","polygon":"","kind":"parking","town":"Châu Đốc","name":"Bãi xe Siêu thị Tứ Sơn","scope":"grounds","source":"https://www.openstreetmap.org/way/1189409900","estimate":"yes","notes":"Cached OSM yards_landuse.json; exact mapped geometry, not surveyed. Scope=grounds; do not expand to surrounding grounds.","area_m2":34027.3,"method":"OSM mapped polygon; semantic interpretation estimated","tags":{"amenity":"parking","name":"Bãi xe Siêu thị Tứ Sơn"}},"geometry":{"type":"Polygon","coordinates":[[[-4995.871882962296,14435.830113454489],[-4970.052095297142,14406.120137505932],[-4930.724576041044,14370.290382895153],[-4922.509204285103,14363.294860944385],[-4857.131855169195,14426.269262737595],[-4809.303167988663,14380.24883220368],[-4749.579289292218,14442.49128532852],[-4723.257633349975,14415.977143199882],[-4688.431503698754,14447.902188685723],[-4660.939889104222,14421.76453042915],[-4677.575960750692,14404.45338592818],[-4644.284618856327,14369.0968121849],[-4719.715217680612,14289.853043810697],[-4751.081283081556,14323.67360996711],[-4758.428178582981,14319.833737994544],[-4777.384117321053,14305.982450886862],[-4789.385201204452,14292.134140381357],[-4843.535789879796,14237.888244765345],[-4875.677211301285,14269.408768397756],[-4958.920500541455,14355.506520337192],[-4970.39187697036,14382.02709512203],[-5007.601526285522,14426.504250184633],[-4995.871882962296,14435.830113454489]]]}},{"type":"Feature","id":"way/1189409902","properties":{"osm_ids":"way/1189409902","polygon":"","kind":"pitch","town":"Châu Đốc","name":"","scope":"grounds","source":"https://www.openstreetmap.org/way/1189409902","estimate":"yes","notes":"Cached OSM yards_landuse.json; exact mapped geometry, not surveyed. Scope=grounds; do not expand to surrounding grounds.","area_m2":217.7,"method":"OSM mapped polygon; semantic interpretation estimated","tags":{"leisure":"pitch","sport":"badminton"}},"geometry":{"type":"Polygon","coordinates":[[[-5990.387846908532,15459.18130887812],[-5977.171196811716,15440.721521491418],[-5985.009394542198,15435.190020424547],[-5998.215107496944,15453.64981507836],[-5990.387846908532,15459.18130887812]]]}},{"type":"Feature","id":"way/1189409903","properties":{"osm_ids":"way/1189409903","polygon":"","kind":"pitch","town":"Châu Đốc","name":"","scope":"grounds","source":"https://www.openstreetmap.org/way/1189409903","estimate":"yes","notes":"Cached OSM yards_landuse.json; exact mapped geometry, not surveyed. Scope=grounds; do not expand to surrounding grounds.","area_m2":217.7,"method":"OSM mapped polygon; semantic interpretation estimated","tags":{"leisure":"pitch","sport":"badminton"}},"geometry":{"type":"Polygon","coordinates":[[[-5976.843201611657,15468.772912646411],[-5963.626547736058,15450.313130426453],[-5971.464741034491,15444.781626130687],[-5984.670457768196,15463.241415622411],[-5976.843201611657,15468.772912646411]]]}},{"type":"Feature","id":"way/1189409904","properties":{"osm_ids":"way/1189409904","polygon":"","kind":"pitch","town":"Châu Đốc","name":"","scope":"grounds","source":"https://www.openstreetmap.org/way/1189409904","estimate":"yes","notes":"Cached OSM yards_landuse.json; exact mapped geometry, not surveyed. Scope=grounds; do not expand to surrounding grounds.","area_m2":217.8,"method":"OSM mapped polygon; semantic interpretation estimated","tags":{"leisure":"pitch","sport":"badminton"}},"geometry":{"type":"Polygon","coordinates":[[[-5963.1889891126775,15477.789608050836],[-5949.97232683585,15459.318774181884],[-5957.81051581772,15453.787266635569],[-5971.016240954166,15472.258107780013],[-5963.1889891126775,15477.789608050836]]]}},{"type":"Feature","id":"way/1189409905","properties":{"osm_ids":"way/1189409905","polygon":"","kind":"pitch","town":"Châu Đốc","name":"","scope":"grounds","source":"https://www.openstreetmap.org/way/1189409905","estimate":"yes","notes":"Cached OSM yards_landuse.json; exact mapped geometry, not surveyed. Scope=grounds; do not expand to surrounding grounds.","area_m2":1802.0,"method":"OSM mapped polygon; semantic interpretation estimated","tags":{"leisure":"pitch"}},"geometry":{"type":"Polygon","coordinates":[[[-5942.819963250775,15457.010697908932],[-5983.956963577657,15428.357290913118],[-6004.679257624259,15457.727270222735],[-5963.531341164024,15486.380656910129],[-5942.819963250775,15457.010697908932]]]}},{"type":"Feature","id":"way/1189688533","properties":{"osm_ids":"way/1189688533","polygon":"","kind":"parking","town":"province rural","name":"","scope":"grounds","source":"https://www.openstreetmap.org/way/1189688533","estimate":"yes","notes":"Cached OSM yards_landuse.json; exact mapped geometry, not surveyed. Scope=grounds; do not expand to surrounding grounds.","area_m2":15920.6,"method":"OSM mapped polygon; semantic interpretation estimated","tags":{"amenity":"parking"}},"geometry":{"type":"Polygon","coordinates":[[[-16802.400763078127,-8200.13680975535],[-16771.39002807357,-8194.772156003164],[-16722.170876910386,-8190.423392433906],[-16663.836375404615,-8189.413012654521],[-16628.43717412179,-8191.422720544739],[-16650.348756804713,-8276.837266474962],[-16813.862531552033,-8287.231142508332],[-16824.31785647146,-8211.526709224097],[-16802.400763078127,-8200.13680975535]]]}},{"type":"Feature","id":"way/1189688534","properties":{"osm_ids":"way/1189688534","polygon":"","kind":"park","town":"province rural","name":"KDL Lâm Viên Núi Cấm","scope":"grounds","source":"https://www.openstreetmap.org/way/1189688534","estimate":"yes","notes":"Cached OSM yards_landuse.json; exact mapped geometry, not surveyed. Scope=grounds; do not expand to surrounding grounds.","area_m2":421564.9,"method":"OSM mapped polygon; semantic interpretation estimated","tags":{"leisure":"park","name":"KDL Lâm Viên Núi Cấm","note":"Diện tích Khu du lịch chỉ vẽ tương đối theo bản đồ công bố trong khuôn viên"}},"geometry":{"type":"Polygon","coordinates":[[[-16441.082032080623,-8294.909973570844],[-16461.524368565122,-8274.091850189026],[-16532.556351044448,-8223.325075902278],[-16583.156300591247,-8200.994422690943],[-16618.2603456995,-8195.236521536484],[-16678.65681632841,-8431.500299846055],[-16866.298630073317,-8458.790290618781],[-16917.958093828754,-8467.55062572495],[-16952.460364437604,-8464.047908864915],[-17056.952687228855,-8441.89691939461],[-17103.328624155838,-8422.064054623479],[-17140.315940273867,-8399.322662331164],[-17177.29005542549,-8414.494612944312],[-17208.399306619016,-8423.828256455017],[-17183.743372416415,-8462.901167875854],[-17132.674123658973,-8464.64512025076],[-17144.412535948446,-8515.384956726339],[-17184.332038235152,-8501.389531563967],[-17267.687417764333,-8403.409904171946],[-17286.476000844734,-8400.503035682952],[-17302.911989438406,-8396.412962881615],[-17318.36399998021,-8376.478594841668],[-17219.726357391337,-8014.543439547764],[-17232.12443111342,-8009.922448153608],[-17162.416239832586,-7903.718908766517],[-17235.228728735296,-7876.026096666465],[-17170.17176432477,-7762.127369819442],[-17109.755524477572,-7817.528864949243],[-17091.166911315173,-7775.976691260701],[-17046.253570861707,-7692.860774155473],[-16984.284122985497,-7737.492736398708],[-16923.87803767179,-7634.374105597381],[-16857.25897065038,-7665.151498731691],[-16807.695957293676,-7580.498068410903],[-16750.376895816647,-7625.129933200078],[-16706.99758071272,-7678.99504657113],[-16744.175674315018,-7735.939670296852],[-16742.620328148885,-7757.489053641912],[-16697.700513913995,-7775.950513812015],[-16688.398144749168,-7794.414516581921],[-16697.696733130317,-7828.28183757537],[-16758.109860333847,-7826.738212232478],[-16770.50587706326,-7851.373393313261],[-16784.442969691823,-7902.157752572093],[-16835.51392791391,-8023.773820335744],[-16801.788120146957,-8040.013781334972],[-16774.190849688603,-8045.086881329771],[-16684.25303424825,-8067.414982342627],[-16663.815824535326,-8021.727246256545],[-16639.283790468588,-8008.523752430687],[-16600.44800046942,-8021.722548264312],[-16561.610324017587,-8059.2902464596555],[-16577.956542065833,-8083.660433920333],[-16600.439617155585,-8133.417235153494],[-16614.738891102257,-8167.937291674549],[-16583.060391665087,-8166.928754007211],[-16507.42298001045,-8202.459157475503],[-16418.510077039886,-8263.374489722075],[-16441.082032080623,-8294.909973570844]]]}},{"type":"Feature","id":"way/1219923367","properties":{"osm_ids":"way/1219923367","polygon":"","kind":"construction","town":"Long Xuyên","name":"","scope":"grounds","source":"https://www.openstreetmap.org/way/1219923367","estimate":"yes","notes":"Cached OSM yards_landuse.json; exact mapped geometry, not surveyed. Scope=grounds; do not expand to surrounding grounds.","area_m2":7141.6,"method":"OSM mapped polygon; semantic interpretation estimated","tags":{"landuse":"construction"}},"geometry":{"type":"Polygon","coordinates":[[[28723.62820375641,-20199.88487722422],[28724.510644795373,-20188.85989445937],[28787.882391673396,-20150.338636161294],[28799.4603852249,-20171.574104291387],[28808.788776212605,-20164.982356042136],[28832.20241844107,-20203.74884560774],[28817.470839070156,-20213.576682380866],[28829.40693082288,-20240.43962947582],[28789.771535061067,-20266.046897838125],[28723.62820375641,-20199.88487722422]]]}},{"type":"Feature","id":"way/1229940438","properties":{"osm_ids":"way/1229940438","polygon":"","kind":"park","town":"province rural","name":"","scope":"grounds","source":"https://www.openstreetmap.org/way/1229940438","estimate":"yes","notes":"Cached OSM yards_landuse.json; exact mapped geometry, not surveyed. Scope=grounds; do not expand to surrounding grounds.","area_m2":1972.8,"method":"OSM mapped polygon; semantic interpretation estimated","tags":{"leisure":"park"}},"geometry":{"type":"Polygon","coordinates":[[[-13564.599554200715,9974.507941196207],[-13532.034280777501,9934.310803967528],[-13561.821944365103,9910.489483414916],[-13594.376268349704,9950.686650472693],[-13564.599554200715,9974.507941196207]]]}},{"type":"Feature","id":"way/1230653219","properties":{"osm_ids":"way/1230653219","polygon":"","kind":"pitch","town":"Long Xuyên","name":"","scope":"grounds","source":"https://www.openstreetmap.org/way/1230653219","estimate":"yes","notes":"Cached OSM yards_landuse.json; exact mapped geometry, not surveyed. Scope=grounds; do not expand to surrounding grounds.","area_m2":216.1,"method":"OSM mapped polygon; semantic interpretation estimated","tags":{"leisure":"pitch","sport":"tennis"}},"geometry":{"type":"Polygon","coordinates":[[[28670.287471175543,-19724.222442807164],[28686.2260281801,-19740.454206010327],[28679.39356202341,-19747.06460513617],[28663.465951927705,-19730.832823805045],[28670.287471175543,-19724.222442807164]]]}},{"type":"Feature","id":"way/1250983166","properties":{"osm_ids":"way/1250983166","polygon":"","kind":"school","town":"province rural","name":"Trường Trung học cơ sở Chợ Vàm","scope":"grounds","source":"https://www.openstreetmap.org/way/1250983166","estimate":"yes","notes":"Cached OSM yards_landuse.json; exact mapped geometry, not surveyed. Scope=grounds; do not expand to surrounding grounds.","area_m2":13042.3,"method":"OSM mapped polygon; semantic interpretation estimated","tags":{"amenity":"school","email":"thcschovam.phutan@angiang.gov.vn","grades":"6-9","name":"Trường Trung học cơ sở Chợ Vàm"}},"geometry":{"type":"Polygon","coordinates":[[[17044.521130569163,16490.635589675978],[17025.643860598328,16311.093344026245],[16949.29078325315,16357.506174769951],[16961.848633008776,16495.820978319272],[17044.521130569163,16490.635589675978]]]}},{"type":"Feature","id":"way/1250983167","properties":{"osm_ids":"way/1250983167","polygon":"","kind":"school","town":"province rural","name":"Trường Trung học phổ thông Nguyễn Chí Thanh","scope":"grounds","source":"https://www.openstreetmap.org/way/1250983167","estimate":"yes","notes":"Cached OSM yards_landuse.json; exact mapped geometry, not surveyed. Scope=grounds; do not expand to surrounding grounds.","area_m2":7552.6,"method":"OSM mapped polygon; semantic interpretation estimated","tags":{"amenity":"school","email":"c3nguyenchithanhpt@angiang.edu.vn","grades":"10-12","name":"Trường Trung học phổ thông Nguyễn Chí Thanh"}},"geometry":{"type":"Polygon","coordinates":[[[17024.467345854617,16591.796921962406],[17055.259831614443,16591.5757269545],[17051.87630247115,16524.787614429602],[17046.24855562765,16501.053171158303],[16962.521766054095,16510.505437227665],[16967.84678282484,16592.21155344532],[17024.467345854617,16591.796921962406]]]}},{"type":"Feature","id":"way/1250983170","properties":{"osm_ids":"way/1250983170","polygon":"","kind":"marketplace","town":"province rural","name":"Chợ Vàm Market","scope":"building","source":"https://www.openstreetmap.org/way/1250983170","estimate":"yes","notes":"Cached OSM yards_landuse.json; exact mapped geometry, not surveyed. Scope=building; do not expand to surrounding grounds.","area_m2":19900.2,"method":"OSM mapped polygon; semantic interpretation estimated","tags":{"amenity":"marketplace","building":"yes","name":"Chợ Vàm Market"}},"geometry":{"type":"Polygon","coordinates":[[[18521.40702849964,15757.161967409775],[18515.455770524102,15769.262771542184],[18565.365551091498,15796.496843359433],[18562.694102912792,15799.446081857663],[18603.10061776091,15817.51433895016],[18623.310492811608,15825.509131586878],[18627.7845631144,15814.29125140328],[18660.179324725526,15829.099820501404],[18678.94980588695,15794.556582222693],[18671.51665697689,15792.18202546076],[18677.182664105552,15780.965490112081],[18671.23733223125,15778.006581512978],[18673.319629808888,15773.873585870955],[18667.974393637152,15772.09845561185],[18672.447169109597,15762.052626167191],[18667.986003767466,15761.760132784722],[18669.696213119663,15757.892088128952],[18665.115904271137,15756.582213327987],[18664.326968629262,15758.018743091263],[18660.785635649343,15756.577351044863],[18663.152132018586,15752.544187313411],[18658.83484623581,15750.71492769639],[18656.994981645606,15753.189639814897],[18652.939403881668,15752.013040339109],[18654.243588590994,15749.41609917488],[18641.674006517045,15744.326808105921],[18636.95429841173,15750.303372299997],[18621.379479848314,15743.518989308504],[18625.051618687576,15735.584151304094],[18603.707768250606,15724.62480103923],[18605.4174264241,15721.243262647651],[18589.9650545778,15712.51299272268],[18583.02758401085,15716.66266691545],[18578.960915830918,15715.618748675799],[18581.986269687186,15709.120597248198],[18559.982646666118,15701.411307021044],[18545.70906068466,15694.628417500993],[18546.894562585978,15690.593924173387],[18520.05658967141,15674.033616543049],[18517.83269399684,15677.67995279911],[18512.85928842239,15675.849978680257],[18517.058479418745,15665.958622896113],[18511.954865379492,15663.221825956833],[18507.61293888383,15673.632703666575],[18503.950724196387,15672.710874452023],[18508.541089591105,15665.042420362122],[18504.093145121587,15662.693354254356],[18502.12264798768,15664.648247491335],[18471.754500172683,15646.392306213966],[18468.46541222243,15654.062218530104],[18456.026556845172,15649.360141484533],[18430.818209111225,15652.063091827556],[18443.670162978815,15717.723086536163],[18521.40702849964,15757.161967409775]]]}},{"type":"Feature","id":"way/1308540704","properties":{"osm_ids":"way/1308540704","polygon":"","kind":"cemetery","town":"Tịnh Biên","name":"Nghĩa trang Liệt sĩ Thị xã Tịnh Biên","scope":"grounds","source":"https://www.openstreetmap.org/way/1308540704","estimate":"yes","notes":"Cached OSM yards_landuse.json; exact mapped geometry, not surveyed. Scope=grounds; do not expand to surrounding grounds.","area_m2":17639.6,"method":"OSM mapped polygon; semantic interpretation estimated","tags":{"barrier":"fence","landuse":"cemetery","name":"Nghĩa trang Liệt sĩ Thị xã Tịnh Biên"}},"geometry":{"type":"Polygon","coordinates":[[[-20896.85563449969,4619.5707433153875],[-20837.88554430945,4641.017959429417],[-20790.736072065658,4512.989362030523],[-20912.24271791079,4468.812467078678],[-20959.402733209718,4596.841230695602],[-20896.85563449969,4619.5707433153875]]]}},{"type":"Feature","id":"way/1380796591","properties":{"osm_ids":"way/1380796591","polygon":"","kind":"park","town":"Châu Đốc","name":"Công viên xã Vĩnh Châu","scope":"grounds","source":"https://www.openstreetmap.org/way/1380796591","estimate":"yes","notes":"Cached OSM yards_landuse.json; exact mapped geometry, not surveyed. Scope=grounds; do not expand to surrounding grounds.","area_m2":6182.8,"method":"OSM mapped polygon; semantic interpretation estimated","tags":{"addr:city":"Thành phố Châu Đốc","addr:province":"An Giang","addr:street":"Kinh 4","addr:subdistrict":"Xã Vĩnh Châu","leisure":"park","name":"Công viên xã Vĩnh Châu"}},"geometry":{"type":"Polygon","coordinates":[[[-6624.508087299997,8959.92737203138],[-6555.377289614698,8848.621934225783],[-6589.839665172796,8818.147580793127],[-6663.072884531692,8932.370571480133],[-6624.508087299997,8959.92737203138]]]}},{"type":"Feature","id":"way/1380821864","properties":{"osm_ids":"way/1380821864","polygon":"","kind":"park","town":"An Phú","name":"","scope":"grounds","source":"https://www.openstreetmap.org/way/1380821864","estimate":"yes","notes":"Cached OSM yards_landuse.json; exact mapped geometry, not surveyed. Scope=grounds; do not expand to surrounding grounds.","area_m2":14775.9,"method":"OSM mapped polygon; semantic interpretation estimated","tags":{"leisure":"park"}},"geometry":{"type":"Polygon","coordinates":[[[-8833.287086039083,26939.243974737357],[-8794.970001458132,26823.467731280252],[-8910.140860552201,26785.838542049052],[-8948.457586553064,26901.614912113873],[-8833.287086039083,26939.243974737357]]]}},{"type":"Feature","id":"way/1380850269","properties":{"osm_ids":"way/1380850269","polygon":"","kind":"pitch","town":"province rural","name":"","scope":"grounds","source":"https://www.openstreetmap.org/way/1380850269","estimate":"yes","notes":"Cached OSM yards_landuse.json; exact mapped geometry, not surveyed. Scope=grounds; do not expand to surrounding grounds.","area_m2":6432.4,"method":"OSM mapped polygon; semantic interpretation estimated","tags":{"leisure":"pitch","sport":"soccer"}},"geometry":{"type":"Polygon","coordinates":[[[-16421.147450844524,-4585.296761215199],[-16407.87075838796,-4644.7255190268625],[-16511.024424362113,-4667.477365399711],[-16524.30094675056,-4608.048568832222],[-16421.147450844524,-4585.296761215199]]]}},{"type":"Feature","id":"way/1452312890","properties":{"osm_ids":"way/1452312890","polygon":"","kind":"school","town":"Long Xuyên","name":"Trường Quốc tế GIS","scope":"grounds","source":"https://www.openstreetmap.org/way/1452312890","estimate":"yes","notes":"Cached OSM yards_landuse.json; exact mapped geometry, not surveyed. Scope=grounds; do not expand to surrounding grounds.","area_m2":17852.3,"method":"OSM mapped polygon; semantic interpretation estimated","tags":{"amenity":"school","barrier":"fence","name":"Trường Quốc tế GIS"}},"geometry":{"type":"Polygon","coordinates":[[[27555.011807833565,-20503.82621761458],[27410.932601670618,-20578.62048578402],[27393.329199775588,-20545.14159089024],[27375.638035133365,-20511.496951525332],[27479.264261118136,-20457.698902724544],[27475.91699331347,-20451.34566277801],[27568.549135450274,-20403.256389633054],[27574.672355691786,-20406.244586584857],[27609.197720662574,-20470.96961695212],[27607.650724003208,-20476.500158198178],[27555.011807833565,-20503.82621761458]]]}},{"type":"Feature","id":"way/1482139953","properties":{"osm_ids":"way/1482139953","polygon":"","kind":"school","town":"Châu Đốc","name":"Trường Tiểu học Lê Lợi","scope":"grounds","source":"https://www.openstreetmap.org/way/1482139953","estimate":"yes","notes":"Cached OSM yards_landuse.json; exact mapped geometry, not surveyed. Scope=grounds; do not expand to surrounding grounds.","area_m2":980.8,"method":"OSM mapped polygon; semantic interpretation estimated","tags":{"amenity":"school","name":"Trường Tiểu học Lê Lợi"}},"geometry":{"type":"Polygon","coordinates":[[[-5113.764902107068,15038.180719141616],[-5114.79170723533,15035.559813997941],[-5126.883947078837,15004.59555280162],[-5127.83417632652,15001.897281998303],[-5149.686507500126,15011.507653760491],[-5135.7715210494935,15050.71002962091],[-5113.764902107068,15038.180719141616]]]}},{"type":"Feature","id":"way/1491543882","properties":{"osm_ids":"way/1491543882","polygon":"","kind":"marketplace","town":"province rural","name":"Chợ Cái Tàu Thượng","scope":"building","source":"https://www.openstreetmap.org/way/1491543882","estimate":"yes","notes":"Cached OSM yards_landuse.json; exact mapped geometry, not surveyed. Scope=building; do not expand to surrounding grounds.","area_m2":1111.2,"method":"OSM mapped polygon; semantic interpretation estimated","tags":{"amenity":"marketplace","building":"yes","name":"Chợ Cái Tàu Thượng"}},"geometry":{"type":"Polygon","coordinates":[[[41075.315457717865,-14971.295630523236],[41038.77128436626,-15003.811972842785],[41024.47771468805,-14985.426660633413],[41060.44380717247,-14954.07234033849],[41075.315457717865,-14971.295630523236]]]}},{"type":"Feature","id":"way/166551752","properties":{"osm_ids":"way/166551752","polygon":"","kind":"commercial","town":"Châu Phú","name":"UBND H.Châu Phú","scope":"grounds","source":"https://www.openstreetmap.org/way/166551752","estimate":"yes","notes":"Cached OSM osm_settlements.json; exact mapped geometry, not surveyed. Scope=grounds; do not expand to surrounding grounds.","area_m2":7864.7,"method":"OSM mapped polygon; semantic interpretation estimated","tags":{"landuse":"commercial","name":"UBND H.Châu Phú"}},"geometry":{"type":"Polygon","coordinates":[[[6174.400859304005,1243.9864521136042],[6141.314987986116,1220.5877305746544],[6126.14929181803,1239.9259501623455],[6080.0398657211335,1209.021098189056],[6035.072685143328,1275.5278994862456],[6090.950764174806,1321.665192884393],[6174.400859304005,1243.9864521136042]]]}},{"type":"Feature","id":"way/166551758","properties":{"osm_ids":"way/166551758","polygon":"","kind":"commercial","town":"Châu Phú","name":"chợ Châu Phú","scope":"grounds","source":"https://www.openstreetmap.org/way/166551758","estimate":"yes","notes":"Cached OSM osm_settlements.json; exact mapped geometry, not surveyed. Scope=grounds; do not expand to surrounding grounds.","area_m2":6197.9,"method":"OSM mapped polygon; semantic interpretation estimated","tags":{"landuse":"commercial","name":"chợ Châu Phú"}},"geometry":{"type":"Polygon","coordinates":[[[6175.581929470878,1818.644535010215],[6197.285787457484,1789.1610175943933],[6057.488436471554,1688.9376026678365],[6037.52383907896,1718.654685359681],[6175.581929470878,1818.644535010215]]]}},{"type":"Feature","id":"way/168663806","properties":{"osm_ids":"way/168663806","polygon":"","kind":"religious","town":"Long Xuyên","name":"Thánh thất Bình Khánh","scope":"building","source":"https://www.openstreetmap.org/way/168663806","estimate":"yes","notes":"Cached OSM osm_settlements.json; exact mapped geometry, not surveyed. Scope=building; do not expand to surrounding grounds. Religion=unknown; denomination=unknown.","area_m2":880.8,"method":"OSM mapped polygon; semantic interpretation estimated","tags":{"amenity":"place_of_worship","building":"yes","name":"Thánh thất Bình Khánh"}},"geometry":{"type":"Polygon","coordinates":[[[27463.690502732643,-19611.4229459404],[27479.406393573503,-19625.34463890479],[27451.683289347915,-19653.00203417032],[27445.664185389644,-19654.082628839184],[27440.1541074547,-19651.093591657933],[27437.71863063611,-19647.094250857364],[27437.31373561127,-19639.02323891106],[27463.690502732643,-19611.4229459404]]]}},{"type":"Feature","id":"way/169426939","properties":{"osm_ids":"way/169426939","polygon":"","kind":"industrial","town":"An Châu","name":"Khu CN Bình Hòa","scope":"grounds","source":"https://www.openstreetmap.org/way/169426939","estimate":"yes","notes":"Cached OSM osm_settlements.json; exact mapped geometry, not surveyed. Scope=grounds; do not expand to surrounding grounds.","area_m2":1301833.7,"method":"OSM mapped polygon; semantic interpretation estimated","tags":{"landuse":"industrial","name":"Khu CN Bình Hòa"}},"geometry":{"type":"Polygon","coordinates":[[[18465.925520028104,-12190.608017515857],[18499.38012699329,-12179.492555372184],[18807.0831325514,-12778.18330026837],[18770.19988227042,-12816.812283043517],[18814.31747673382,-12897.843784099678],[18884.260884921416,-13026.004320278065],[18882.587747570826,-13047.091601415304],[18573.584569181432,-13355.242421130417],[17748.400695633027,-13262.05098535493],[17282.56896216399,-13202.108767191647],[17259.19103587116,-13159.730417688377],[17286.06791060313,-12877.498175817309],[17299.529855088796,-12753.647268943023],[17376.75250727858,-12661.174618759891],[17610.552523581428,-12558.882754342398],[17739.08010598924,-12477.00231447327],[17957.937985907658,-12373.54089695029],[18136.73935706378,-12290.211661246605],[18419.501894642017,-12141.079613344278],[18465.925520028104,-12190.608017515857]]]}},{"type":"Feature","id":"way/170057817","properties":{"osm_ids":"way/170057817","polygon":"","kind":"religious","town":"Tri Tôn","name":"Chùa Tro Poáng Trao","scope":"grounds","source":"https://www.openstreetmap.org/way/170057817","estimate":"yes","notes":"Cached OSM osm_settlements.json; exact mapped geometry, not surveyed. Scope=grounds; do not expand to surrounding grounds. Religion=unknown; denomination=unknown.","area_m2":3411.7,"method":"OSM mapped polygon; semantic interpretation estimated","tags":{"amenity":"place_of_worship","name":"Chùa Tro Poáng Trao"}},"geometry":{"type":"Polygon","coordinates":[[[-24430.757479933673,-19568.063898474444],[-24432.05460934335,-19604.406817603856],[-24511.919038632826,-19613.73751371214],[-24521.304195294855,-19570.559966576984],[-24430.757479933673,-19568.063898474444]]]}},{"type":"Feature","id":"way/170058709","properties":{"osm_ids":"way/170058709","polygon":"","kind":"religious","town":"Phú Tân","name":"Chùa Liên Hoa","scope":"grounds","source":"https://www.openstreetmap.org/way/170058709","estimate":"yes","notes":"Cached OSM osm_settlements.json; exact mapped geometry, not surveyed. Scope=grounds; do not expand to surrounding grounds. Religion=unknown; denomination=unknown.","area_m2":1901.7,"method":"OSM mapped polygon; semantic interpretation estimated","tags":{"amenity":"place_of_worship","name":"Chùa Liên Hoa"}},"geometry":{"type":"Polygon","coordinates":[[[17370.97026435216,-4433.295200648252],[17384.10056499578,-4464.539066923317],[17334.817972562974,-4483.255614154739],[17325.45959195716,-4459.526409021579],[17318.171756736003,-4448.510434322758],[17370.97026435216,-4433.295200648252]]]}},{"type":"Feature","id":"way/170077319","properties":{"osm_ids":"way/170077319","polygon":"","kind":"religious","town":"Châu Đốc","name":"Vĩnh Quang tự","scope":"grounds","source":"https://www.openstreetmap.org/way/170077319","estimate":"yes","notes":"Cached OSM osm_settlements.json; exact mapped geometry, not surveyed. Scope=grounds; do not expand to surrounding grounds. Religion=hindu; denomination=unknown.","area_m2":1272.2,"method":"OSM mapped polygon; semantic interpretation estimated","tags":{"amenity":"place_of_worship","name":"Vĩnh Quang tự","religion":"hindu"}},"geometry":{"type":"Polygon","coordinates":[[[-3893.0490988080273,16993.114318496548],[-3895.154765002255,16982.797291663243],[-3888.9313888852485,16979.129233358894],[-3888.1089986783336,16974.054498253856],[-3929.159200870665,16954.807958404766],[-3935.6126464634435,16959.45998234488],[-3918.859172170516,17003.584530939814],[-3893.0490988080273,16993.114318496548]]]}},{"type":"Feature","id":"way/366903502","properties":{"osm_ids":"way/366903502","polygon":"","kind":"religious","town":"Châu Đốc","name":"Đình thần Châu Phú","scope":"building","source":"https://www.openstreetmap.org/way/366903502","estimate":"yes","notes":"Cached OSM osm_settlements.json; exact mapped geometry, not surveyed. Scope=building; do not expand to surrounding grounds. Religion=vietnamese_folk; denomination=unknown.","area_m2":755.4,"method":"OSM mapped polygon; semantic interpretation estimated","tags":{"amenity":"place_of_worship","building":"yes","name":"Đình thần Châu Phú","religion":"vietnamese_folk"}},"geometry":{"type":"Polygon","coordinates":[[[-6027.292606219533,15569.481216313085],[-6058.360069179151,15544.922868295107],[-6070.284925222397,15559.811823109863],[-6039.206532642245,15584.370164668187],[-6027.292606219533,15569.481216313085]]]}},{"type":"Feature","id":"way/440597898","properties":{"osm_ids":"way/440597898","polygon":"","kind":"religious","town":"province rural","name":"","scope":"building","source":"https://www.openstreetmap.org/way/440597898","estimate":"yes","notes":"Cached OSM osm_settlements.json; exact mapped geometry, not surveyed. Scope=building; do not expand to surrounding grounds. Religion=buddhist; denomination=unknown.","area_m2":2330.9,"method":"OSM mapped polygon; semantic interpretation estimated","tags":{"amenity":"place_of_worship","building":"yes","religion":"buddhist"}},"geometry":{"type":"Polygon","coordinates":[[[39089.202343697194,-11892.264192583272],[39108.32045723661,-11910.896386381704],[39053.23333385715,-11972.820890128845],[39031.770705499686,-11952.73307572212],[39089.202343697194,-11892.264192583272]]]}},{"type":"Feature","id":"way/488038183","properties":{"osm_ids":"way/488038183","polygon":"","kind":"residential","town":"province rural","name":"","scope":"grounds","source":"https://www.openstreetmap.org/way/488038183","estimate":"yes","notes":"Cached OSM osm_settlements.json; exact mapped geometry, not surveyed. Scope=grounds; do not expand to surrounding grounds.","area_m2":61061.1,"method":"OSM mapped polygon; semantic interpretation estimated","tags":{"landuse":"residential"}},"geometry":{"type":"Polygon","coordinates":[[[-10620.273948661517,42256.3048434942],[-10622.916014518996,42257.88438075408],[-10623.324671510141,42315.73388984823],[-10615.15292836458,42366.63359246915],[-10607.055537805427,42401.69652563473],[-10587.867478806234,42447.02725211065],[-10461.656447793706,42605.42532402114],[-10366.822037271224,42643.315729842056],[-10321.607580526033,42580.70845532743],[-10333.301832004392,42511.98589963489],[-10423.673549196857,42397.20088904747],[-10441.272124004434,42384.491694129305],[-10458.139374704566,42374.469559254125],[-10518.582292581093,42331.751382900635],[-10577.291760990804,42219.34135822882],[-10588.847214060661,42160.492869741516],[-10622.29446001217,42169.89727197285],[-10622.708370646462,42228.49033824587],[-10620.273948661517,42256.3048434942]]]}},{"type":"Feature","id":"way/488311452","properties":{"osm_ids":"way/488311452","polygon":"","kind":"residential","town":"Tịnh Biên","name":"Xuân Biên","scope":"grounds","source":"https://www.openstreetmap.org/way/488311452","estimate":"yes","notes":"Cached OSM osm_settlements.json; exact mapped geometry, not surveyed. Scope=grounds; do not expand to surrounding grounds.","area_m2":2242966.5,"method":"OSM mapped polygon; semantic interpretation estimated","tags":{"landuse":"residential","name":"Xuân Biên"}},"geometry":{"type":"Polygon","coordinates":[[[-24713.032326595217,4953.7587755888235],[-24570.75425041892,5182.014159789309],[-24500.338747301605,5290.392671430949],[-24353.792397208803,5193.291572136572],[-24572.876283300924,4836.7003149865195],[-24585.086647320364,4816.822169487132],[-24520.65582134307,4632.185982679715],[-24254.37298756343,4470.838002273813],[-24227.31890146999,4271.215025154641],[-23493.772625750047,4073.817246014951],[-23603.959789069602,3716.565089421347],[-23697.79735974403,3429.3115614319686],[-23756.729602335545,3230.0101848358754],[-23887.006070047268,3269.987065441208],[-23894.840228454326,3256.0013410490938],[-23959.827802679385,3257.6136201699264],[-23944.150461152953,3114.968115713913],[-24109.471751988982,3104.3881770831067],[-24184.99329354515,3332.887213902781],[-24253.125543533766,3298.300666073803],[-24390.537635907647,2808.7721233235206],[-24537.83911922213,2829.2941816900857],[-24508.549201106536,3009.0393884761725],[-24511.63634368597,3133.8707357132807],[-24736.633541397343,3098.381275263848],[-24752.065641225607,3181.917651130585],[-24792.200846526423,3179.392234689789],[-24808.199382346414,3143.7920886946376],[-24825.930737464456,3147.4548093539197],[-24861.80040295067,3075.768705352675],[-24862.797911801026,2932.086222828366],[-24941.34041067242,2928.019455757225],[-24977.689330052002,3128.5953219770454],[-25017.552043218864,3312.4761365912855],[-25001.56754352397,3329.113836463308],[-25028.29618664732,3490.9673651026096],[-25087.711267623876,3516.562971444335],[-25071.24784577603,3583.0444669346325],[-25129.77771399636,3602.8020223272033],[-25124.390482807008,3696.263946980005],[-25226.649029846478,3739.115861271508],[-25295.048463860643,3619.062611643458],[-25344.794006419892,3640.6101594204083],[-25466.689746562683,3374.595526500605],[-25502.204918909818,3391.8948794524185],[-25597.36879720044,3180.153459479334],[-25566.46521407494,3128.2250823718496],[-25712.834158219863,2809.6631790075917],[-25851.05748352583,2875.9531283343676],[-25619.6960891193,3348.519060512306],[-25561.592104065,3448.682449030457],[-25559.425425833615,3452.927842377452],[-25553.352164711338,3464.823788707843],[-25551.13077592547,3469.1686832935084],[-25515.019503320334,3540.3675404507667],[-25358.988165830146,3845.472556455061],[-25324.033228184795,3938.6305833826773],[-25156.034283031826,4206.207738358295],[-25049.581557254016,4388.736543816514],[-24872.5117463902,4699.888331122929],[-24713.032326595217,4953.7587755888235]]]}},{"type":"Feature","id":"way/488311453","properties":{"osm_ids":"way/488311453","polygon":"","kind":"residential","town":"Tịnh Biên","name":"Xuân Phú","scope":"grounds","source":"https://www.openstreetmap.org/way/488311453","estimate":"yes","notes":"Cached OSM osm_settlements.json; exact mapped geometry, not surveyed. Scope=grounds; do not expand to surrounding grounds.","area_m2":386152.0,"method":"OSM mapped polygon; semantic interpretation estimated","tags":{"landuse":"residential","name":"Xuân Phú"}},"geometry":{"type":"Polygon","coordinates":[[[-23603.959789069602,3716.565089421347],[-23480.55757271312,3736.7610657573678],[-23382.693256725674,3701.6657385204453],[-23314.766627895297,3948.8204030699562],[-23405.552549818996,3987.6076245936565],[-23408.478205821826,4035.129978044657],[-23240.085148603248,4068.9100401066244],[-23219.907437339134,4127.331607931294],[-23074.35262025817,4084.1932646511123],[-23090.553056915116,3985.624031591229],[-23182.238545598695,4003.5908668006305],[-23263.341152414156,3699.262970672222],[-23221.446958052868,3689.881840222981],[-23290.349624641938,3420.7241829880513],[-22935.27224423393,3651.625874845311],[-22892.29446250538,3646.877815410495],[-22827.02019241819,3570.9439635938033],[-22831.80568395008,3521.907723925775],[-23263.30428845453,3185.034957642434],[-23430.488037307456,3147.0864612050354],[-23756.729602335545,3230.0101848358754],[-23697.79735974403,3429.3115614319686],[-23603.959789069602,3716.565089421347]]]}},{"type":"Feature","id":"way/488311802","properties":{"osm_ids":"way/488311802","polygon":"","kind":"industrial","town":"Tịnh Biên","name":"","scope":"grounds","source":"https://www.openstreetmap.org/way/488311802","estimate":"yes","notes":"Cached OSM osm_settlements.json; exact mapped geometry, not surveyed. Scope=grounds; do not expand to surrounding grounds.","area_m2":169924.6,"method":"OSM mapped polygon; semantic interpretation estimated","tags":{"landuse":"industrial"}},"geometry":{"type":"Polygon","coordinates":[[[-25866.77352230053,3561.962268332718],[-25838.932220184244,3572.8698484550696],[-25812.969700368703,3597.6651193005964],[-25523.477488752513,3880.5306318216026],[-25505.78794781334,3889.770803342806],[-25488.876326694444,3892.178043754073],[-25475.34551880299,3890.4506848000456],[-25443.51729354955,3872.5660208603367],[-25746.65468999982,3279.073611045489],[-26134.060504055582,3356.7357827285305],[-26150.99576651922,3561.167848346755],[-25866.77352230053,3561.962268332718]]]}},{"type":"Feature","id":"way/532487518","properties":{"osm_ids":"way/532487518","polygon":"","kind":"commercial","town":"Tịnh Biên","name":"Chợ Tịnh Biên","scope":"grounds","source":"https://www.openstreetmap.org/way/532487518","estimate":"yes","notes":"Cached OSM osm_settlements.json; exact mapped geometry, not surveyed. Scope=grounds; do not expand to surrounding grounds.","area_m2":17567.6,"method":"OSM mapped polygon; semantic interpretation estimated","tags":{"landuse":"retail","name":"Chợ Tịnh Biên"}},"geometry":{"type":"Polygon","coordinates":[[[-25181.227287710877,4011.4360793896485],[-25130.93477341201,3992.641804009443],[-25150.545285951637,3944.2165796051268],[-25155.809053341567,3931.2257971386425],[-25175.835482587165,3881.79449550109],[-25188.46243517846,3860.634061863413],[-25241.2702831332,3883.4977587372996],[-25307.58629562764,3911.9697474900167],[-25249.483385394502,4016.6116830527317],[-25240.17161787057,4033.4716014033183],[-25181.227287710877,4011.4360793896485]]]}},{"type":"Feature","id":"way/532487538","properties":{"osm_ids":"way/532487538","polygon":"","kind":"commercial","town":"Tịnh Biên","name":"Chợ Bách hóa Cửa khẩu Tịnh Biên","scope":"grounds","source":"https://www.openstreetmap.org/way/532487538","estimate":"yes","notes":"Cached OSM osm_settlements.json; exact mapped geometry, not surveyed. Scope=grounds; do not expand to surrounding grounds.","area_m2":11746.0,"method":"OSM mapped polygon; semantic interpretation estimated","tags":{"landuse":"retail","name":"Chợ Bách hóa Cửa khẩu Tịnh Biên"}},"geometry":{"type":"Polygon","coordinates":[[[-24949.337325490837,3958.9869304022286],[-25021.356970945024,3769.718360142084],[-25075.303140991076,3790.0057650413364],[-25004.223973253043,3979.196988086216],[-24949.337325490837,3958.9869304022286]]]}},{"type":"Feature","id":"way/671691474","properties":{"osm_ids":"way/671691474","polygon":"","kind":"religious","town":"Long Xuyên","name":"Bình Đức God Shrine","scope":"building","source":"https://www.openstreetmap.org/way/671691474","estimate":"yes","notes":"Cached OSM osm_settlements.json; exact mapped geometry, not surveyed. Scope=building; do not expand to surrounding grounds. Religion=unknown; denomination=unknown.","area_m2":697.7,"method":"OSM mapped polygon; semantic interpretation estimated","tags":{"amenity":"place_of_worship","building":"yes","name":"Bình Đức God Shrine"}},"geometry":{"type":"Polygon","coordinates":[[[28961.88306275953,-20311.330547873862],[28934.01716730697,-20330.320697065443],[28921.066564878565,-20314.007506257854],[28951.28597052861,-20295.003053702647],[28961.88306275953,-20311.330547873862]]]}},{"type":"Feature","id":"way/674704472","properties":{"osm_ids":"way/674704472","polygon":"","kind":"industrial","town":"Long Xuyên","name":"","scope":"grounds","source":"https://www.openstreetmap.org/way/674704472","estimate":"yes","notes":"Cached OSM osm_settlements.json; exact mapped geometry, not surveyed. Scope=grounds; do not expand to surrounding grounds.","area_m2":74302.6,"method":"OSM mapped polygon; semantic interpretation estimated","tags":{"landuse":"industrial"}},"geometry":{"type":"Polygon","coordinates":[[[30149.22510462615,-17310.940372434445],[30066.132010909845,-17562.737258841516],[30032.341944258078,-17678.330555518623],[29864.830423133913,-17634.771029347554],[29868.88421807834,-17591.012869600207],[29888.747113972204,-17518.650087014074],[29912.64936554001,-17400.185055977432],[29934.197498998954,-17273.563280111644],[29948.26648136298,-17260.717270708177],[30149.22510462615,-17310.940372434445]]]}},{"type":"Feature","id":"way/674801575","properties":{"osm_ids":"way/674801575","polygon":"","kind":"religious","town":"Long Xuyên","name":"Đình thần Mỹ Phước","scope":"building","source":"https://www.openstreetmap.org/way/674801575","estimate":"yes","notes":"Cached OSM osm_settlements.json; exact mapped geometry, not surveyed. Scope=building; do not expand to surrounding grounds. Religion=vietnamese_folk; denomination=unknown.","area_m2":812.8,"method":"OSM mapped polygon; semantic interpretation estimated","tags":{"amenity":"place_of_worship","building":"yes","name":"Đình thần Mỹ Phước","name:en":"My Phuoc communal house","religion":"vietnamese_folk"}},"geometry":{"type":"Polygon","coordinates":[[[29193.680269583012,-20619.132811658783],[29205.17136228818,-20632.694759511854],[29170.105764869135,-20662.033339722315],[29158.60374573164,-20648.48245280655],[29193.680269583012,-20619.132811658783]]]}},{"type":"Feature","id":"way/674801591","properties":{"osm_ids":"way/674801591","polygon":"","kind":"religious","town":"province rural","name":"Đình thần Bình Mỹ","scope":"building","source":"https://www.openstreetmap.org/way/674801591","estimate":"yes","notes":"Cached OSM osm_settlements.json; exact mapped geometry, not surveyed. Scope=building; do not expand to surrounding grounds. Religion=vietnamese_folk; denomination=unknown.","area_m2":736.5,"method":"OSM mapped polygon; semantic interpretation estimated","tags":{"amenity":"place_of_worship","building":"yes","name":"Đình thần Bình Mỹ","religion":"vietnamese_folk"}},"geometry":{"type":"Polygon","coordinates":[[[13955.04850148724,-4278.065963401692],[13944.552404702408,-4263.359410518082],[13977.879181343946,-4239.8866419531405],[13988.375285833958,-4254.593185034348],[13955.04850148724,-4278.065963401692]]]}},{"type":"Feature","id":"way/674801593","properties":{"osm_ids":"way/674801593","polygon":"","kind":"religious","town":"Châu Đốc","name":"Đình thần Vĩnh Nguơn","scope":"building","source":"https://www.openstreetmap.org/way/674801593","estimate":"yes","notes":"Cached OSM osm_settlements.json; exact mapped geometry, not surveyed. Scope=building; do not expand to surrounding grounds. Religion=vietnamese_folk; denomination=unknown.","area_m2":437.7,"method":"OSM mapped polygon; semantic interpretation estimated","tags":{"amenity":"place_of_worship","building":"yes","name":"Đình thần Vĩnh Nguơn","religion":"vietnamese_folk"}},"geometry":{"type":"Polygon","coordinates":[[[-6814.273425491061,16569.177142402157],[-6804.217549293593,16579.905998445116],[-6782.373744264187,16559.691022969317],[-6792.440554271219,16548.962156498106],[-6814.273425491061,16569.177142402157]]]}},{"type":"Feature","id":"way/674801633","properties":{"osm_ids":"way/674801633","polygon":"","kind":"religious","town":"Long Xuyên","name":"Ông Bắc Pagoda","scope":"building","source":"https://www.openstreetmap.org/way/674801633","estimate":"yes","notes":"Cached OSM osm_settlements.json; exact mapped geometry, not surveyed. Scope=building; do not expand to surrounding grounds. Religion=buddhist; denomination=unknown.","area_m2":398.5,"method":"OSM mapped polygon; semantic interpretation estimated","tags":{"amenity":"place_of_worship","building":"yes","name":"Ông Bắc Pagoda","religion":"buddhist"}},"geometry":{"type":"Polygon","coordinates":[[[28973.059022221947,-20524.42654520343],[28984.96783962974,-20539.33692996716],[28981.348142151022,-20541.995606099255],[28987.201630401425,-20547.71499785781],[28979.718788000057,-20551.141950415215],[28973.31956471142,-20554.49000304169],[28961.506988687674,-20537.93199728802],[28973.059022221947,-20524.42654520343]]]}},{"type":"Feature","id":"way/674801676","properties":{"osm_ids":"way/674801676","polygon":"","kind":"religious","town":"Long Xuyên","name":"Long Xuyen Cathedral","scope":"building","source":"https://www.openstreetmap.org/way/674801676","estimate":"yes","notes":"Cached OSM osm_settlements.json; exact mapped geometry, not surveyed. Scope=building; do not expand to surrounding grounds. Religion=unknown; denomination=unknown.","area_m2":1432.7,"method":"OSM mapped polygon; semantic interpretation estimated","tags":{"amenity":"place_of_worship","building":"yes","name":"Long Xuyen Cathedral"}},"geometry":{"type":"Polygon","coordinates":[[[28944.071314734058,-20793.03968411009],[28947.231275506667,-20790.381649257382],[28951.386893911054,-20795.27412544703],[28953.24569693359,-20793.712526394287],[28959.353047228535,-20800.91320217261],[28956.652302298928,-20803.172553179087],[28974.54673752631,-20824.26654847944],[28975.177208970068,-20828.964874634985],[28960.314415249275,-20839.06936381338],[28954.662041418138,-20836.324004558614],[28938.8585023419,-20815.260279314825],[28932.854840104468,-20819.713468546746],[28926.27460858808,-20810.943356880918],[28928.669517491013,-20809.170936368406],[28925.47810761002,-20804.91842712881],[28928.69318707427,-20802.5367413247],[28922.14587656688,-20793.821868153755],[28923.822103890358,-20786.88685158128],[28929.640964771388,-20783.373758783564],[28936.659157624235,-20784.292838658905],[28944.071314734058,-20793.03968411009]]]}},{"type":"Feature","id":"way/677742782","properties":{"osm_ids":"way/677742782","polygon":"","kind":"religious","town":"Tịnh Biên","name":"Chua Huynh Phurpc Tu","scope":"building","source":"https://www.openstreetmap.org/way/677742782","estimate":"yes","notes":"Cached OSM osm_settlements.json; exact mapped geometry, not surveyed. Scope=building; do not expand to surrounding grounds. Religion=buddhist; denomination=unknown.","area_m2":854.0,"method":"OSM mapped polygon; semantic interpretation estimated","tags":{"amenity":"place_of_worship","building":"yes","name":"Chua Huynh Phurpc Tu","religion":"buddhist"}},"geometry":{"type":"Polygon","coordinates":[[[-24587.78624164313,4486.16976983496],[-24584.033440766565,4491.874469034374],[-24576.529964463727,4489.894116871292],[-24572.777479278157,4493.619654988637],[-24558.875204229378,4490.33359488775],[-24560.200905740843,4476.74503032933],[-24563.06872753438,4464.461408823729],[-24602.565790299617,4475.657128690509],[-24603.001235942123,4488.803701134166],[-24587.78624164313,4486.16976983496]]]}},{"type":"Feature","id":"way/678009533","properties":{"osm_ids":"way/678009533","polygon":"","kind":"religious","town":"Tịnh Biên","name":"Thánh thất Tịnh Biên","scope":"building","source":"https://www.openstreetmap.org/way/678009533","estimate":"yes","notes":"Cached OSM osm_settlements.json; exact mapped geometry, not surveyed. Scope=building; do not expand to surrounding grounds. Religion=unknown; denomination=unknown.","area_m2":262.4,"method":"OSM mapped polygon; semantic interpretation estimated","tags":{"amenity":"place_of_worship","building":"yes","name":"Thánh thất Tịnh Biên"}},"geometry":{"type":"Polygon","coordinates":[[[-24359.88282736164,4344.729285235982],[-24363.97560939344,4333.053956912365],[-24365.955378826882,4333.728721343679],[-24384.156131441996,4339.91223263857],[-24379.54923313053,4351.587480125949],[-24359.88282736164,4344.729285235982]]]}},{"type":"Feature","id":"way/678009631","properties":{"osm_ids":"way/678009631","polygon":"","kind":"religious","town":"Tịnh Biên","name":"Chua Ong Muroi","scope":"building","source":"https://www.openstreetmap.org/way/678009631","estimate":"yes","notes":"Cached OSM osm_settlements.json; exact mapped geometry, not surveyed. Scope=building; do not expand to surrounding grounds. Religion=unknown; denomination=unknown.","area_m2":190.1,"method":"OSM mapped polygon; semantic interpretation estimated","tags":{"amenity":"place_of_worship","building":"yes","name":"Chua Ong Muroi"}},"geometry":{"type":"Polygon","coordinates":[[[-24924.202365274075,3557.533517424017],[-24925.079725672258,3544.132862953702],[-24940.043625036662,3546.169833738357],[-24937.40516363451,3559.293771144934],[-24924.202365274075,3557.533517424017]]]}},{"type":"Feature","id":"way/680961893","properties":{"osm_ids":"way/680961893","polygon":"","kind":"religious","town":"Tịnh Biên","name":"Chua Soc Ta Ngao","scope":"building","source":"https://www.openstreetmap.org/way/680961893","estimate":"yes","notes":"Cached OSM osm_settlements.json; exact mapped geometry, not surveyed. Scope=building; do not expand to surrounding grounds. Religion=buddhist; denomination=unknown.","area_m2":1116.8,"method":"OSM mapped polygon; semantic interpretation estimated","tags":{"amenity":"place_of_worship","building":"yes","name":"Chua Soc Ta Ngao","religion":"buddhist"}},"geometry":{"type":"Polygon","coordinates":[[[-23998.74580180389,5131.221997524146],[-23989.846783192712,5097.762934368104],[-24022.946875552705,5091.609003007412],[-24030.48973742046,5123.530989668099],[-23998.74580180389,5131.221997524146]]]}},{"type":"Feature","id":"way/680968171","properties":{"osm_ids":"way/680968171","polygon":"","kind":"religious","town":"Tịnh Biên","name":"Chua An Bien","scope":"building","source":"https://www.openstreetmap.org/way/680968171","estimate":"yes","notes":"Cached OSM osm_settlements.json; exact mapped geometry, not surveyed. Scope=building; do not expand to surrounding grounds. Religion=buddhist; denomination=unknown.","area_m2":1585.2,"method":"OSM mapped polygon; semantic interpretation estimated","tags":{"amenity":"place_of_worship","building":"yes","name":"Chua An Bien","religion":"buddhist"}},"geometry":{"type":"Polygon","coordinates":[[[-25043.358799938578,3555.154488943517],[-25040.13268948224,3550.344240109669],[-25029.12718389323,3556.7552749821916],[-25017.396149375767,3520.1664195398334],[-25048.059512474225,3508.8053277577274],[-25062.429781494604,3527.9028424925637],[-25067.7133133054,3527.3177460771985],[-25070.795478974353,3542.1896312565077],[-25043.358799938578,3555.154488943517]]]}},{"type":"Feature","id":"way/680976892","properties":{"osm_ids":"way/680976892","polygon":"","kind":"religious","town":"Tịnh Biên","name":"Chùa Thành Xuân","scope":"building","source":"https://www.openstreetmap.org/way/680976892","estimate":"yes","notes":"Cached OSM osm_settlements.json; exact mapped geometry, not surveyed. Scope=building; do not expand to surrounding grounds. Religion=buddhist; denomination=unknown.","area_m2":1850.1,"method":"OSM mapped polygon; semantic interpretation estimated","tags":{"amenity":"place_of_worship","building":"yes","name":"Chùa Thành Xuân","religion":"buddhist"}},"geometry":{"type":"Polygon","coordinates":[[[-23086.567817293457,3825.974910722347],[-23062.642689451168,3845.5647679222748],[-23065.835943034093,3852.9289386249147],[-23060.61760578293,3858.113967826357],[-23061.28305289487,3874.024731415091],[-23042.074869664793,3873.0163836961146],[-23033.996003652283,3830.4911435318645],[-23068.70720488974,3806.214426147286],[-23086.567817293457,3825.974910722347]]]}},{"type":"Feature","id":"way/680976906","properties":{"osm_ids":"way/680976906","polygon":"","kind":"religious","town":"Tịnh Biên","name":"Chùa Phước Lâm","scope":"building","source":"https://www.openstreetmap.org/way/680976906","estimate":"yes","notes":"Cached OSM osm_settlements.json; exact mapped geometry, not surveyed. Scope=building; do not expand to surrounding grounds. Religion=buddhist; denomination=unknown.","area_m2":6637.6,"method":"OSM mapped polygon; semantic interpretation estimated","tags":{"addr:district":"Tịnh Biên","addr:province":"An Giang","addr:subdistrict":"Nhà Bàng","amenity":"place_of_worship","building":"yes","layer":"-1","name":"Chùa Phước Lâm","religion":"buddhist"}},"geometry":{"type":"Polygon","coordinates":[[[-23495.47924086504,4245.020480079111],[-23507.239204950223,4150.818293886725],[-23548.15945791203,4158.3531753991265],[-23577.61617865099,4165.035253413022],[-23558.472162891994,4261.923262147699],[-23495.47924086504,4245.020480079111]]]}},{"type":"Feature","id":"way/681175689","properties":{"osm_ids":"way/681175689","polygon":"","kind":"religious","town":"Long Xuyên","name":"Nhà thờ Tin Lành","scope":"building","source":"https://www.openstreetmap.org/way/681175689","estimate":"yes","notes":"Cached OSM osm_settlements.json; exact mapped geometry, not surveyed. Scope=building; do not expand to surrounding grounds. Religion=unknown; denomination=unknown.","area_m2":748.2,"method":"OSM mapped polygon; semantic interpretation estimated","tags":{"amenity":"place_of_worship","building":"yes","name":"Nhà thờ Tin Lành"}},"geometry":{"type":"Polygon","coordinates":[[[29057.601309808088,-20927.533904453972],[29055.82369825768,-20932.390363906045],[29059.615604076767,-20935.481051296927],[29063.399628868792,-20940.783136863494],[29062.072999810916,-20947.197999784723],[29059.638590862043,-20952.066426632227],[29053.633662371547,-20955.61296884343],[29045.839490129612,-20955.623768981546],[29041.61767437216,-20958.283283362165],[29032.702245429507,-20947.01755747851],[29029.580856504268,-20945.916187283816],[29022.691986169084,-20951.45419718325],[29019.126597805764,-20945.930665921653],[29036.689805760863,-20933.30143080186],[29038.910487331916,-20932.192660582485],[29040.917133495095,-20934.622406891314],[29045.369136891095,-20932.183712258702],[29048.707011052174,-20931.515670951223],[29049.3677371752,-20926.439620817546],[29057.601309808088,-20927.533904453972]]]}},{"type":"Feature","id":"way/681258449","properties":{"osm_ids":"way/681258449","polygon":"","kind":"religious","town":"Tịnh Biên","name":"Chùa Phước Hải","scope":"building","source":"https://www.openstreetmap.org/way/681258449","estimate":"yes","notes":"Cached OSM osm_settlements.json; exact mapped geometry, not surveyed. Scope=building; do not expand to surrounding grounds. Religion=buddhist; denomination=unknown.","area_m2":897.3,"method":"OSM mapped polygon; semantic interpretation estimated","tags":{"amenity":"place_of_worship","building":"yes","name":"Chùa Phước Hải","religion":"buddhist"}},"geometry":{"type":"Polygon","coordinates":[[[-22720.576465792663,3663.024540702114],[-22707.473687986843,3645.387641737936],[-22704.00659117027,3640.7102714772336],[-22705.997612311447,3639.0630193068646],[-22717.12326398492,3629.8870565958787],[-22719.792064952024,3632.3198219290935],[-22724.014695649326,3629.6666369515005],[-22724.310001509322,3630.053654432064],[-22727.908344281605,3634.89689187333],[-22740.343946174195,3651.6381309367716],[-22741.951715247764,3653.794368124334],[-22745.364119947888,3658.3943392261863],[-22728.462188859645,3673.628798640799],[-22720.576465792663,3663.024540702114]]]}},{"type":"Feature","id":"way/681265511","properties":{"osm_ids":"way/681265511","polygon":"","kind":"religious","town":"Tịnh Biên","name":"Chua an Phuoc","scope":"building","source":"https://www.openstreetmap.org/way/681265511","estimate":"yes","notes":"Cached OSM osm_settlements.json; exact mapped geometry, not surveyed. Scope=building; do not expand to surrounding grounds. Religion=buddhist; denomination=unknown.","area_m2":771.7,"method":"OSM mapped polygon; semantic interpretation estimated","tags":{"amenity":"place_of_worship","building":"yes","name":"Chua an Phuoc","religion":"buddhist"}},"geometry":{"type":"Polygon","coordinates":[[[-25837.19130529632,3077.216722278623],[-25846.089747073944,3051.1576630864292],[-25871.663241122384,3059.9970286895987],[-25862.315939456166,3087.8250760715455],[-25837.19130529632,3077.216722278623]]]}},{"type":"Feature","id":"way/681652534","properties":{"osm_ids":"way/681652534","polygon":"","kind":"industrial","town":"Long Xuyên","name":"","scope":"grounds","source":"https://www.openstreetmap.org/way/681652534","estimate":"yes","notes":"Cached OSM osm_settlements.json; exact mapped geometry, not surveyed. Scope=grounds; do not expand to surrounding grounds.","area_m2":10456.4,"method":"OSM mapped polygon; semantic interpretation estimated","tags":{"landuse":"industrial"}},"geometry":{"type":"Polygon","coordinates":[[[27263.222014875617,-20123.096039150143],[27333.67849271791,-20248.962314407574],[27300.984394326806,-20267.990747631527],[27287.654725688742,-20237.72365646856],[27241.677089215606,-20261.026689593913],[27193.486282605096,-20159.75431823451],[27263.222014875617,-20123.096039150143]]]}},{"type":"Feature","id":"way/681652573","properties":{"osm_ids":"way/681652573","polygon":"","kind":"religious","town":"Long Xuyên","name":"Chùa Phước Hậu","scope":"building","source":"https://www.openstreetmap.org/way/681652573","estimate":"yes","notes":"Cached OSM osm_settlements.json; exact mapped geometry, not surveyed. Scope=building; do not expand to surrounding grounds. Religion=buddhist; denomination=unknown.","area_m2":1054.7,"method":"OSM mapped polygon; semantic interpretation estimated","tags":{"amenity":"place_of_worship","building":"yes","name":"Chùa Phước Hậu","religion":"buddhist"}},"geometry":{"type":"Polygon","coordinates":[[[27779.31137417804,-20512.7125035543],[27795.10360323789,-20509.816384941107],[27804.445229109493,-20504.7175859625],[27834.69776142435,-20501.58077986748],[27835.174068653607,-20521.924877004465],[27797.12745425338,-20525.07220719382],[27791.125467341044,-20530.829910865286],[27781.99579737615,-20530.764836458722],[27779.31137417804,-20512.7125035543]]]}},{"type":"Feature","id":"way/683156865","properties":{"osm_ids":"way/683156865","polygon":"","kind":"religious","town":"Long Xuyên","name":"Bishop of Long Xuyen","scope":"building","source":"https://www.openstreetmap.org/way/683156865","estimate":"yes","notes":"Cached OSM osm_settlements.json; exact mapped geometry, not surveyed. Scope=building; do not expand to surrounding grounds. Religion=christian; denomination=unknown.","area_m2":414.2,"method":"OSM mapped polygon; semantic interpretation estimated","tags":{"amenity":"place_of_worship","building":"yes","name":"Bishop of Long Xuyen","religion":"christian"}},"geometry":{"type":"Polygon","coordinates":[[[28802.51717042178,-20832.321408799384],[28827.927290689317,-20857.927399778273],[28819.14872212778,-20866.453348204494],[28794.634261416155,-20839.408714740304],[28802.51717042178,-20832.321408799384]]]}},{"type":"Feature","id":"way/684861250","properties":{"osm_ids":"way/684861250","polygon":"","kind":"religious","town":"Long Xuyên","name":"Guangji Temple","scope":"building","source":"https://www.openstreetmap.org/way/684861250","estimate":"yes","notes":"Cached OSM osm_settlements.json; exact mapped geometry, not surveyed. Scope=building; do not expand to surrounding grounds. Religion=buddhist; denomination=unknown.","area_m2":415.3,"method":"OSM mapped polygon; semantic interpretation estimated","tags":{"amenity":"place_of_worship","building":"yes","name":"Guangji Temple","religion":"buddhist"}},"geometry":{"type":"Polygon","coordinates":[[[29567.234414687147,-20982.80517083942],[29573.44518912537,-20993.389025301673],[29541.305854220525,-21009.599279612303],[29536.256540855742,-20999.78778036218],[29567.234414687147,-20982.80517083942]]]}},{"type":"Feature","id":"way/684861251","properties":{"osm_ids":"way/684861251","polygon":"","kind":"religious","town":"Long Xuyên","name":"Guangji Temple","scope":"building","source":"https://www.openstreetmap.org/way/684861251","estimate":"yes","notes":"Cached OSM osm_settlements.json; exact mapped geometry, not surveyed. Scope=building; do not expand to surrounding grounds. Religion=buddhist; denomination=unknown.","area_m2":223.8,"method":"OSM mapped polygon; semantic interpretation estimated","tags":{"amenity":"place_of_worship","building":"yes","name":"Guangji Temple","religion":"buddhist"}},"geometry":{"type":"Polygon","coordinates":[[[29557.147002954152,-21002.46748744021],[29561.12069354637,-21010.257069257554],[29539.298398631974,-21022.26229060581],[29535.0723606128,-21014.063952737255],[29557.147002954152,-21002.46748744021]]]}},{"type":"Feature","id":"way/685470977","properties":{"osm_ids":"way/685470977","polygon":"","kind":"religious","town":"An Châu","name":"Đình Thần Xã Long Kiến","scope":"building","source":"https://www.openstreetmap.org/way/685470977","estimate":"yes","notes":"Cached OSM osm_settlements.json; exact mapped geometry, not surveyed. Scope=building; do not expand to surrounding grounds. Religion=unknown; denomination=unknown.","area_m2":1158.8,"method":"OSM mapped polygon; semantic interpretation estimated","tags":{"amenity":"place_of_worship","building":"yes","name":"Đình Thần Xã Long Kiến"}},"geometry":{"type":"Polygon","coordinates":[[[30157.828206378035,-12104.688051654957],[30143.462262116722,-12114.925248649903],[30103.185807281174,-12067.437615919393],[30119.31209694408,-12056.047993133077],[30157.828206378035,-12104.688051654957]]]}},{"type":"Feature","id":"way/685470978","properties":{"osm_ids":"way/685470978","polygon":"","kind":"religious","town":"An Châu","name":"Tam Buu Pagoda","scope":"building","source":"https://www.openstreetmap.org/way/685470978","estimate":"yes","notes":"Cached OSM osm_settlements.json; exact mapped geometry, not surveyed. Scope=building; do not expand to surrounding grounds. Religion=unknown; denomination=unknown.","area_m2":94.3,"method":"OSM mapped polygon; semantic interpretation estimated","tags":{"amenity":"place_of_worship","building":"yes","name":"Tam Buu Pagoda"}},"geometry":{"type":"Polygon","coordinates":[[[29609.200377578614,-12422.626492024632],[29604.504059482715,-12429.48846406024],[29595.106125228223,-12423.962178634712],[29600.239384120912,-12416.513569943141],[29609.200377578614,-12422.626492024632]]]}},{"type":"Feature","id":"way/685470979","properties":{"osm_ids":"way/685470979","polygon":"","kind":"religious","town":"Long Xuyên","name":"Dinh Thờ Quan Thượng Đẳng Nguyễn Hữu Cảnh","scope":"building","source":"https://www.openstreetmap.org/way/685470979","estimate":"yes","notes":"Cached OSM osm_settlements.json; exact mapped geometry, not surveyed. Scope=building; do not expand to surrounding grounds. Religion=unknown; denomination=unknown.","area_m2":242.4,"method":"OSM mapped polygon; semantic interpretation estimated","tags":{"amenity":"place_of_worship","building":"yes","name":"Dinh Thờ Quan Thượng Đẳng Nguyễn Hữu Cảnh"}},"geometry":{"type":"Polygon","coordinates":[[[30159.83606078138,-13718.034683570964],[30138.277147694607,-13727.110059360508],[30135.222359579057,-13718.567356005777],[30149.549032494426,-13711.006050552707],[30152.742000873433,-13709.00017921417],[30154.595642492175,-13704.132455609739],[30159.83606078138,-13718.034683570964]]]}},{"type":"Feature","id":"way/685470980","properties":{"osm_ids":"way/685470980","polygon":"","kind":"religious","town":"An Châu","name":"Nhà thờ An Châu","scope":"building","source":"https://www.openstreetmap.org/way/685470980","estimate":"yes","notes":"Cached OSM osm_settlements.json; exact mapped geometry, not surveyed. Scope=building; do not expand to surrounding grounds. Religion=christian; denomination=catholic.","area_m2":2714.1,"method":"OSM mapped polygon; semantic interpretation estimated","tags":{"amenity":"place_of_worship","building":"yes","denomination":"catholic","name":"Nhà thờ An Châu","religion":"christian"}},"geometry":{"type":"Polygon","coordinates":[[[23988.97940983507,-14011.788750060601],[23961.551215636195,-14063.69095857325],[23914.540950914612,-14034.935233461205],[23950.301112998743,-13994.26755848201],[23988.97940983507,-14011.788750060601]]]}},{"type":"Feature","id":"way/685470983","properties":{"osm_ids":"way/685470983","polygon":"","kind":"religious","town":"An Châu","name":"Nhà Dự Tu Têrêxa - Giáo Phận Long Xuyên","scope":"building","source":"https://www.openstreetmap.org/way/685470983","estimate":"yes","notes":"Cached OSM osm_settlements.json; exact mapped geometry, not surveyed. Scope=building; do not expand to surrounding grounds. Religion=christian; denomination=unknown.","area_m2":1212.3,"method":"OSM mapped polygon; semantic interpretation estimated","tags":{"amenity":"place_of_worship","building":"yes","name":"Nhà Dự Tu Têrêxa - Giáo Phận Long Xuyên","religion":"christian"}},"geometry":{"type":"Polygon","coordinates":[[[23935.908391115256,-14213.37826578971],[23908.470251773717,-14204.76594176516],[23911.14124550612,-14196.370417603524],[23907.779908148106,-14195.313140268438],[23914.593638836755,-14173.876354548382],[23918.173950392636,-14174.999699865235],[23920.64872038411,-14167.23466319777],[23947.878816092853,-14175.791951501742],[23935.908391115256,-14213.37826578971]]]}},{"type":"Feature","id":"way/685470984","properties":{"osm_ids":"way/685470984","polygon":"","kind":"religious","town":"Long Xuyên","name":"Chua Hung Long","scope":"building","source":"https://www.openstreetmap.org/way/685470984","estimate":"yes","notes":"Cached OSM osm_settlements.json; exact mapped geometry, not surveyed. Scope=building; do not expand to surrounding grounds. Religion=unknown; denomination=unknown.","area_m2":535.3,"method":"OSM mapped polygon; semantic interpretation estimated","tags":{"amenity":"place_of_worship","building":"yes","name":"Chua Hung Long"}},"geometry":{"type":"Polygon","coordinates":[[[29481.866532502347,-16892.547333161812],[29456.131362235872,-16914.520459756022],[29445.848744082847,-16903.37839696114],[29470.608404707513,-16880.444689956727],[29481.866532502347,-16892.547333161812]]]}},{"type":"Feature","id":"way/685470985","properties":{"osm_ids":"way/685470985","polygon":"","kind":"religious","town":"province rural","name":"Thánh thất Long Kiến","scope":"building","source":"https://www.openstreetmap.org/way/685470985","estimate":"yes","notes":"Cached OSM osm_settlements.json; exact mapped geometry, not surveyed. Scope=building; do not expand to surrounding grounds. Religion=unknown; denomination=unknown.","area_m2":472.4,"method":"OSM mapped polygon; semantic interpretation estimated","tags":{"amenity":"place_of_worship","building":"yes","name":"Thánh thất Long Kiến"}},"geometry":{"type":"Polygon","coordinates":[[[30940.071467365953,-10749.131485599792],[30929.41423736536,-10757.992591919377],[30907.347385813133,-10732.383395199897],[30918.90231460845,-10723.742132147541],[30940.071467365953,-10749.131485599792]]]}},{"type":"Feature","id":"way/685470986","properties":{"osm_ids":"way/685470986","polygon":"","kind":"religious","town":"Long Xuyên","name":"Nhà Thờ Cái Đôi","scope":"building","source":"https://www.openstreetmap.org/way/685470986","estimate":"yes","notes":"Cached OSM osm_settlements.json; exact mapped geometry, not surveyed. Scope=building; do not expand to surrounding grounds. Religion=unknown; denomination=unknown.","area_m2":688.5,"method":"OSM mapped polygon; semantic interpretation estimated","tags":{"amenity":"place_of_worship","building":"yes","name":"Nhà Thờ Cái Đôi"}},"geometry":{"type":"Polygon","coordinates":[[[31741.309451138368,-20305.559615669074],[31763.764993486693,-20293.209261379438],[31769.37896595511,-20292.05111333239],[31774.03440648096,-20294.156177602476],[31776.560326847015,-20299.736252591247],[31774.633191049565,-20306.859770760173],[31746.95497512119,-20325.95147865475],[31738.801290864125,-20312.109019063646],[31741.309451138368,-20305.559615669074]]]}},{"type":"Feature","id":"way/685470987","properties":{"osm_ids":"way/685470987","polygon":"","kind":"religious","town":"Long Xuyên","name":"Hưng Phước Tự","scope":"building","source":"https://www.openstreetmap.org/way/685470987","estimate":"yes","notes":"Cached OSM osm_settlements.json; exact mapped geometry, not surveyed. Scope=building; do not expand to surrounding grounds. Religion=unknown; denomination=unknown.","area_m2":395.4,"method":"OSM mapped polygon; semantic interpretation estimated","tags":{"amenity":"place_of_worship","building":"yes","name":"Hưng Phước Tự"}},"geometry":{"type":"Polygon","coordinates":[[[27552.04361536377,-19541.3581729657],[27565.8638750026,-19529.44233787409],[27586.29321390344,-19548.178464895347],[27579.045664549456,-19555.563184610102],[27569.25587252865,-19544.685278514866],[27562.52211784909,-19551.56068508723],[27552.04361536377,-19541.3581729657]]]}},{"type":"Feature","id":"way/685470988","properties":{"osm_ids":"way/685470988","polygon":"","kind":"religious","town":"Long Xuyên","name":"Điện thờ Phật Mẫu Bình Khánh","scope":"building","source":"https://www.openstreetmap.org/way/685470988","estimate":"yes","notes":"Cached OSM osm_settlements.json; exact mapped geometry, not surveyed. Scope=building; do not expand to surrounding grounds. Religion=unknown; denomination=unknown.","area_m2":468.8,"method":"OSM mapped polygon; semantic interpretation estimated","tags":{"amenity":"place_of_worship","building":"yes","name":"Điện thờ Phật Mẫu Bình Khánh"}},"geometry":{"type":"Polygon","coordinates":[[[27388.153237624443,-19606.360629393952],[27396.594117586734,-19615.40494233067],[27369.55747498048,-19640.73939622636],[27360.68924150942,-19631.36394129577],[27388.153237624443,-19606.360629393952]]]}},{"type":"Feature","id":"way/685470990","properties":{"osm_ids":"way/685470990","polygon":"","kind":"religious","town":"Long Xuyên","name":"Bay Phu Pagoda","scope":"building","source":"https://www.openstreetmap.org/way/685470990","estimate":"yes","notes":"Cached OSM osm_settlements.json; exact mapped geometry, not surveyed. Scope=building; do not expand to surrounding grounds. Religion=unknown; denomination=unknown.","area_m2":188.4,"method":"OSM mapped polygon; semantic interpretation estimated","tags":{"amenity":"place_of_worship","building":"yes","name":"Bay Phu Pagoda"}},"geometry":{"type":"Polygon","coordinates":[[[29013.7885099923,-20514.07614060212],[29005.69674892933,-20520.45614567795],[28994.434168185224,-20505.821296449285],[29002.635731822462,-20499.684394501848],[29013.7885099923,-20514.07614060212]]]}},{"type":"Feature","id":"way/685470996","properties":{"osm_ids":"way/685470996","polygon":"","kind":"religious","town":"Long Xuyên","name":"Chùa Quan Thánh Đế Quân","scope":"building","source":"https://www.openstreetmap.org/way/685470996","estimate":"yes","notes":"Cached OSM osm_settlements.json; exact mapped geometry, not surveyed. Scope=building; do not expand to surrounding grounds. Religion=unknown; denomination=unknown.","area_m2":214.6,"method":"OSM mapped polygon; semantic interpretation estimated","tags":{"amenity":"place_of_worship","building":"yes","name":"Chùa Quan Thánh Đế Quân"}},"geometry":{"type":"Polygon","coordinates":[[[29278.20412408677,-20708.255788101815],[29284.455470539746,-20716.628244825173],[29267.363110879553,-20729.21273179073],[29261.703140017926,-20721.016359994654],[29278.20412408677,-20708.255788101815]]]}},{"type":"Feature","id":"way/685470997","properties":{"osm_ids":"way/685470997","polygon":"","kind":"religious","town":"Long Xuyên","name":"Masjid Salamat","scope":"building","source":"https://www.openstreetmap.org/way/685470997","estimate":"yes","notes":"Cached OSM osm_settlements.json; exact mapped geometry, not surveyed. Scope=building; do not expand to surrounding grounds. Religion=unknown; denomination=unknown.","area_m2":260.5,"method":"OSM mapped polygon; semantic interpretation estimated","tags":{"amenity":"place_of_worship","building":"yes","name":"Masjid Salamat"}},"geometry":{"type":"Polygon","coordinates":[[[29468.45908813842,-20762.534240521025],[29477.796039288747,-20777.69131525024],[29463.85999013111,-20785.008381149266],[29455.99144683592,-20770.9438882689],[29468.45908813842,-20762.534240521025]]]}},{"type":"Feature","id":"way/685470998","properties":{"osm_ids":"way/685470998","polygon":"","kind":"religious","town":"Long Xuyên","name":"Hội Thánh Tin Lành Chi Hội Long Xuyên","scope":"building","source":"https://www.openstreetmap.org/way/685470998","estimate":"yes","notes":"Cached OSM osm_settlements.json; exact mapped geometry, not surveyed. Scope=building; do not expand to surrounding grounds. Religion=unknown; denomination=unknown.","area_m2":232.2,"method":"OSM mapped polygon; semantic interpretation estimated","tags":{"amenity":"place_of_worship","building":"yes","name":"Hội Thánh Tin Lành Chi Hội Long Xuyên"}},"geometry":{"type":"Polygon","coordinates":[[[29117.213398272055,-20924.1894382725],[29102.322454184992,-20937.677449889947],[29096.305815362954,-20932.776514883153],[29094.84255181905,-20927.49332775292],[29110.04399482452,-20916.87969253282],[29117.213398272055,-20924.1894382725]]]}},{"type":"Feature","id":"way/685471004","properties":{"osm_ids":"way/685471004","polygon":"","kind":"religious","town":"Long Xuyên","name":"Tịnh Xa Ngọc Long","scope":"building","source":"https://www.openstreetmap.org/way/685471004","estimate":"yes","notes":"Cached OSM osm_settlements.json; exact mapped geometry, not surveyed. Scope=building; do not expand to surrounding grounds. Religion=unknown; denomination=unknown.","area_m2":91.5,"method":"OSM mapped polygon; semantic interpretation estimated","tags":{"amenity":"place_of_worship","building":"yes","name":"Tịnh Xa Ngọc Long"}},"geometry":{"type":"Polygon","coordinates":[[[29274.27464948874,-20920.85308113019],[29280.294930497417,-20928.352362522855],[29272.956202489324,-20933.117064332124],[29265.82827289484,-20924.170864212094],[29274.27464948874,-20920.85308113019]]]}},{"type":"Feature","id":"way/685471005","properties":{"osm_ids":"way/685471005","polygon":"","kind":"religious","town":"Long Xuyên","name":"Chùa Trúc Lâm","scope":"building","source":"https://www.openstreetmap.org/way/685471005","estimate":"yes","notes":"Cached OSM osm_settlements.json; exact mapped geometry, not surveyed. Scope=building; do not expand to surrounding grounds. Religion=unknown; denomination=unknown.","area_m2":686.8,"method":"OSM mapped polygon; semantic interpretation estimated","tags":{"amenity":"place_of_worship","building":"yes","name":"Chùa Trúc Lâm"}},"geometry":{"type":"Polygon","coordinates":[[[28676.691739242524,-21427.833036223194],[28674.24112749449,-21428.942097180523],[28676.064073378104,-21457.01313664089],[28661.157568951254,-21459.466144247912],[28656.2071510033,-21417.90994697623],[28674.453995644348,-21416.558043131838],[28676.691739242524,-21427.833036223194]]]}},{"type":"Feature","id":"way/685471006","properties":{"osm_ids":"way/685471006","polygon":"","kind":"religious","town":"Long Xuyên","name":"Tịnh xá Bửu Viên","scope":"building","source":"https://www.openstreetmap.org/way/685471006","estimate":"yes","notes":"Cached OSM osm_settlements.json; exact mapped geometry, not surveyed. Scope=building; do not expand to surrounding grounds. Religion=unknown; denomination=unknown.","area_m2":187.1,"method":"OSM mapped polygon; semantic interpretation estimated","tags":{"amenity":"place_of_worship","building":"yes","name":"Tịnh xá Bửu Viên"}},"geometry":{"type":"Polygon","coordinates":[[[27818.637307764264,-21513.819371017395],[27821.754823735915,-21512.046056515537],[27828.096139410976,-21514.24888052256],[27830.10780482809,-21520.43803899549],[27827.55381108739,-21526.0805148168],[27820.890499319183,-21528.632599895587],[27816.21268319327,-21526.095822041854],[27817.653811967,-21523.219078515423],[27813.86225882906,-21520.349396738922],[27815.189440734335,-21514.155731729697],[27818.637307764264,-21513.819371017395]]]}},{"type":"Feature","id":"way/685471008","properties":{"osm_ids":"way/685471008","polygon":"","kind":"religious","town":"Long Xuyên","name":"Chùa 3 Cô (Bửu Viên Tịnh Xá)","scope":"building","source":"https://www.openstreetmap.org/way/685471008","estimate":"yes","notes":"Cached OSM osm_settlements.json; exact mapped geometry, not surveyed. Scope=building; do not expand to surrounding grounds. Religion=unknown; denomination=unknown.","area_m2":190.5,"method":"OSM mapped polygon; semantic interpretation estimated","tags":{"amenity":"place_of_worship","building":"yes","name":"Chùa 3 Cô (Bửu Viên Tịnh Xá)"}},"geometry":{"type":"Polygon","coordinates":[[[27790.93774105271,-21511.20308398665],[27787.381536151515,-21520.49569120491],[27769.241324984934,-21511.674618880264],[27772.010540379677,-21503.26762812957],[27790.93774105271,-21511.20308398665]]]}},{"type":"Feature","id":"way/685471009","properties":{"osm_ids":"way/685471009","polygon":"","kind":"religious","town":"Long Xuyên","name":"Chùa 3 Cô (Bửu Viên Tịnh Xá)","scope":"building","source":"https://www.openstreetmap.org/way/685471009","estimate":"yes","notes":"Cached OSM osm_settlements.json; exact mapped geometry, not surveyed. Scope=building; do not expand to surrounding grounds. Religion=unknown; denomination=unknown.","area_m2":121.2,"method":"OSM mapped polygon; semantic interpretation estimated","tags":{"amenity":"place_of_worship","building":"yes","name":"Chùa 3 Cô (Bửu Viên Tịnh Xá)"}},"geometry":{"type":"Polygon","coordinates":[[[27804.398950422532,-21516.602814050857],[27800.96271830937,-21525.563553359592],[27788.838386258343,-21521.15714132972],[27792.275068387156,-21512.52811022615],[27804.398950422532,-21516.602814050857]]]}},{"type":"Feature","id":"way/694296716","properties":{"osm_ids":"way/694296716","polygon":"","kind":"religious","town":"Tịnh Biên","name":"Mai Son Pagoda","scope":"building","source":"https://www.openstreetmap.org/way/694296716","estimate":"yes","notes":"Cached OSM osm_settlements.json; exact mapped geometry, not surveyed. Scope=building; do not expand to surrounding grounds. Religion=buddhist; denomination=unknown.","area_m2":370.8,"method":"OSM mapped polygon; semantic interpretation estimated","tags":{"amenity":"place_of_worship","building":"yes","name":"Mai Son Pagoda","religion":"buddhist"}},"geometry":{"type":"Polygon","coordinates":[[[-20439.05485614692,5370.283500056947],[-20428.357466052053,5366.103645935655],[-20434.11148660694,5351.542084861081],[-20422.7796838262,5347.118960181018],[-20425.744207720098,5339.61151843355],[-20447.784346776956,5348.214501290815],[-20439.05485614692,5370.283500056947]]]}},{"type":"Feature","id":"way/694327317","properties":{"osm_ids":"way/694327317","polygon":"","kind":"religious","town":"Tịnh Biên","name":"Thiên Môn Nghiêm Tịnh","scope":"building","source":"https://www.openstreetmap.org/way/694327317","estimate":"yes","notes":"Cached OSM osm_settlements.json; exact mapped geometry, not surveyed. Scope=building; do not expand to surrounding grounds. Religion=buddhist; denomination=unknown.","area_m2":608.1,"method":"OSM mapped polygon; semantic interpretation estimated","tags":{"amenity":"place_of_worship","building":"yes","name":"Thiên Môn Nghiêm Tịnh","religion":"buddhist"}},"geometry":{"type":"Polygon","coordinates":[[[-19226.700246685592,4759.550570867956],[-19212.25063842151,4770.41936107073],[-19217.50105188397,4777.30773408548],[-19208.619087580417,4783.9860158597585],[-19192.73657802376,4763.155051763635],[-19216.06815543439,4745.60797129292],[-19226.700246685592,4759.550570867956]]]}},{"type":"Feature","id":"way/694327318","properties":{"osm_ids":"way/694327318","polygon":"","kind":"religious","town":"Tịnh Biên","name":"Chùa Long Sơn","scope":"building","source":"https://www.openstreetmap.org/way/694327318","estimate":"yes","notes":"Cached OSM osm_settlements.json; exact mapped geometry, not surveyed. Scope=building; do not expand to surrounding grounds. Religion=buddhist; denomination=unknown.","area_m2":113.9,"method":"OSM mapped polygon; semantic interpretation estimated","tags":{"amenity":"place_of_worship","building":"yes","name":"Chùa Long Sơn","religion":"buddhist"}},"geometry":{"type":"Polygon","coordinates":[[[-19269.81967310683,4627.610214383341],[-19263.33316801861,4636.555125291459],[-19255.009045874816,4629.6335688412655],[-19260.620474223164,4621.5510824234225],[-19269.81967310683,4627.610214383341]]]}},{"type":"Feature","id":"way/694327319","properties":{"osm_ids":"way/694327319","polygon":"","kind":"religious","town":"province rural","name":"Chua Bong Lai","scope":"building","source":"https://www.openstreetmap.org/way/694327319","estimate":"yes","notes":"Cached OSM osm_settlements.json; exact mapped geometry, not surveyed. Scope=building; do not expand to surrounding grounds. Religion=buddhist; denomination=unknown.","area_m2":499.6,"method":"OSM mapped polygon; semantic interpretation estimated","tags":{"amenity":"place_of_worship","building":"yes","name":"Chua Bong Lai","religion":"buddhist"}},"geometry":{"type":"Polygon","coordinates":[[[-14695.84179615113,11574.923256543698],[-14704.929282743542,11571.273302670103],[-14712.488271220529,11587.039323596284],[-14703.586855405127,11591.839159804862],[-14701.453765696671,11587.803704184713],[-14682.87411548593,11594.727738423971],[-14675.906181515253,11582.80941751739],[-14693.905759783462,11572.424672828754],[-14695.84179615113,11574.923256543698]]]}},{"type":"Feature","id":"way/694327320","properties":{"osm_ids":"way/694327320","polygon":"","kind":"religious","town":"Châu Đốc","name":"Tinh Xa Ngoc Chau Tp. Chau Doc","scope":"building","source":"https://www.openstreetmap.org/way/694327320","estimate":"yes","notes":"Cached OSM osm_settlements.json; exact mapped geometry, not surveyed. Scope=building; do not expand to surrounding grounds. Religion=buddhist; denomination=unknown.","area_m2":645.9,"method":"OSM mapped polygon; semantic interpretation estimated","tags":{"amenity":"place_of_worship","building":"yes","name":"Tinh Xa Ngoc Chau Tp. Chau Doc","religion":"buddhist"}},"geometry":{"type":"Polygon","coordinates":[[[-4704.29106128891,14761.589640946593],[-4687.626962571812,14789.637005124474],[-4669.842765561363,14781.252491961233],[-4685.391555582755,14753.41567872651],[-4704.29106128891,14761.589640946593]]]}},{"type":"Feature","id":"way/694327321","properties":{"osm_ids":"way/694327321","polygon":"","kind":"religious","town":"Châu Đốc","name":"Thien Hau Thanh Mau","scope":"building","source":"https://www.openstreetmap.org/way/694327321","estimate":"yes","notes":"Cached OSM osm_settlements.json; exact mapped geometry, not surveyed. Scope=building; do not expand to surrounding grounds. Religion=buddhist; denomination=unknown.","area_m2":460.4,"method":"OSM mapped polygon; semantic interpretation estimated","tags":{"amenity":"place_of_worship","building":"yes","name":"Thien Hau Thanh Mau","religion":"buddhist"}},"geometry":{"type":"Polygon","coordinates":[[[-4088.677929938829,14796.810243090382],[-4110.000684673258,14746.005463288398],[-4117.558478609077,14749.540284382645],[-4096.683760076819,14799.681446999544],[-4088.677929938829,14796.810243090382]]]}},{"type":"Feature","id":"way/694327322","properties":{"osm_ids":"way/694327322","polygon":"","kind":"religious","town":"Châu Đốc","name":"Ve Thuy Than Mieu","scope":"building","source":"https://www.openstreetmap.org/way/694327322","estimate":"yes","notes":"Cached OSM osm_settlements.json; exact mapped geometry, not surveyed. Scope=building; do not expand to surrounding grounds. Religion=buddhist; denomination=unknown.","area_m2":565.4,"method":"OSM mapped polygon; semantic interpretation estimated","tags":{"amenity":"place_of_worship","building":"yes","name":"Ve Thuy Than Mieu","religion":"buddhist"}},"geometry":{"type":"Polygon","coordinates":[[[-3785.290480476222,14648.652656547958],[-3771.8077996524516,14673.56993501843],[-3753.9136625454994,14664.544653444318],[-3767.1012143077096,14639.91498122993],[-3785.290480476222,14648.652656547958]]]}},{"type":"Feature","id":"way/694327323","properties":{"osm_ids":"way/694327323","polygon":"","kind":"religious","town":"Châu Đốc","name":"Chua Phu Thanh","scope":"building","source":"https://www.openstreetmap.org/way/694327323","estimate":"yes","notes":"Cached OSM osm_settlements.json; exact mapped geometry, not surveyed. Scope=building; do not expand to surrounding grounds. Religion=buddhist; denomination=unknown.","area_m2":1963.0,"method":"OSM mapped polygon; semantic interpretation estimated","tags":{"amenity":"place_of_worship","building":"yes","name":"Chua Phu Thanh","religion":"buddhist"}},"geometry":{"type":"Polygon","coordinates":[[[-2874.265679150645,13652.094017928932],[-2882.281478852383,13674.834118488478],[-2877.164180715801,13675.942275859881],[-2879.8367177241016,13684.775420536986],[-2834.9422558983206,13698.938858310226],[-2830.71536297939,13687.010547407903],[-2819.606359835074,13690.111851664959],[-2812.707120397361,13669.792677384336],[-2874.265679150645,13652.094017928932]]]}},{"type":"Feature","id":"way/694327324","properties":{"osm_ids":"way/694327324","polygon":"","kind":"religious","town":"Châu Đốc","name":"Thanh duong hoi giao Jamiul Aman","scope":"building","source":"https://www.openstreetmap.org/way/694327324","estimate":"yes","notes":"Cached OSM osm_settlements.json; exact mapped geometry, not surveyed. Scope=building; do not expand to surrounding grounds. Religion=muslim; denomination=unknown.","area_m2":792.1,"method":"OSM mapped polygon; semantic interpretation estimated","tags":{"amenity":"place_of_worship","building":"yes","name":"Thanh duong hoi giao Jamiul Aman","religion":"muslim"}},"geometry":{"type":"Polygon","coordinates":[[[-2089.7681116630556,13278.782035888638],[-2086.581124883727,13291.089941063896],[-2064.870935232844,13285.395593944704],[-2063.594353753375,13291.101584030082],[-2052.492723034229,13287.303650614107],[-2047.0082290412392,13297.578261673218],[-2036.911197953974,13290.860810929677],[-2044.4368004162097,13272.978038380388],[-2053.766919694084,13276.898493074812],[-2056.441657217685,13268.018473040778],[-2089.7681116630556,13278.782035888638]]]}},{"type":"Feature","id":"way/694327325","properties":{"osm_ids":"way/694327325","polygon":"","kind":"religious","town":"Châu Đốc","name":"Thanh that Khanh Hoa","scope":"building","source":"https://www.openstreetmap.org/way/694327325","estimate":"yes","notes":"Cached OSM osm_settlements.json; exact mapped geometry, not surveyed. Scope=building; do not expand to surrounding grounds. Religion=buddhist; denomination=unknown.","area_m2":1845.3,"method":"OSM mapped polygon; semantic interpretation estimated","tags":{"amenity":"place_of_worship","building":"yes","name":"Thanh that Khanh Hoa","religion":"buddhist"}},"geometry":{"type":"Polygon","coordinates":[[[-989.755472546909,13535.411683055572],[-1001.0210908828303,13498.420374660287],[-1047.527908763208,13514.461003622273],[-1038.7759036031202,13548.609329029452],[-989.755472546909,13535.411683055572]]]}},{"type":"Feature","id":"way/694327326","properties":{"osm_ids":"way/694327326","polygon":"","kind":"religious","town":"province rural","name":"Chua Long Khanh","scope":"building","source":"https://www.openstreetmap.org/way/694327326","estimate":"yes","notes":"Cached OSM osm_settlements.json; exact mapped geometry, not surveyed. Scope=building; do not expand to surrounding grounds. Religion=buddhist; denomination=unknown.","area_m2":3368.6,"method":"OSM mapped polygon; semantic interpretation estimated","tags":{"amenity":"place_of_worship","building":"yes","name":"Chua Long Khanh","religion":"buddhist"}},"geometry":{"type":"Polygon","coordinates":[[[2183.257587947999,12336.470145172672],[2176.508694080112,12338.655143091455],[2173.1324188037543,12333.987005124567],[2166.9755424730247,12333.839376562042],[2163.897386130877,12324.660219453974],[2134.2655111831264,12334.54848789936],[2137.20288042177,12341.549347433262],[2133.68102960306,12342.276880690828],[2135.579667170474,12348.978549271356],[2115.0379287645337,12355.223796692211],[2124.55904496077,12379.134778575506],[2122.2178315586643,12380.581754614599],[2115.0288375974633,12369.653023606632],[2103.4442300692317,12375.04148566234],[2110.47764324554,12389.906366673298],[2103.5745611123275,12393.83826938225],[2107.3841560437577,12405.052348423982],[2138.6346674282686,12394.877599270549],[2134.2352776706684,12382.491115003359],[2148.028405403369,12377.977550817654],[2151.5435395594104,12387.886736886576],[2165.6207237648196,12383.815634491853],[2156.396005358023,12358.168896819232],[2159.918867313594,12355.838118476328],[2166.6587342292187,12367.93860515533],[2175.6068590625073,12364.008007242344],[2172.9755189015414,12357.305873290868],[2177.0772560772602,12356.13643520698],[2183.6738447711105,12369.983822484966],[2194.3826582359616,12366.065399344545],[2183.257587947999,12336.470145172672]]]}},{"type":"Feature","id":"way/694327327","properties":{"osm_ids":"way/694327327","polygon":"","kind":"religious","town":"Châu Đốc","name":"Chua Ong","scope":"building","source":"https://www.openstreetmap.org/way/694327327","estimate":"yes","notes":"Cached OSM osm_settlements.json; exact mapped geometry, not surveyed. Scope=building; do not expand to surrounding grounds. Religion=buddhist; denomination=unknown.","area_m2":941.1,"method":"OSM mapped polygon; semantic interpretation estimated","tags":{"amenity":"place_of_worship","building":"yes","name":"Chua Ong","religion":"buddhist"}},"geometry":{"type":"Polygon","coordinates":[[[-1344.0129231215687,12021.04006847879],[-1354.8537216057885,12026.993999474216],[-1340.7329307306209,12043.343489694409],[-1353.1162160974345,12050.258553200401],[-1339.7724042889895,12067.56958150817],[-1331.2604905670742,12060.652478701435],[-1322.5499283982208,12071.039472398348],[-1311.9041580976918,12061.624650747282],[-1344.0129231215687,12021.04006847879]]]}},{"type":"Feature","id":"way/694327328","properties":{"osm_ids":"way/694327328","polygon":"","kind":"religious","town":"province rural","name":"Chua Duc Lam Tu","scope":"building","source":"https://www.openstreetmap.org/way/694327328","estimate":"yes","notes":"Cached OSM osm_settlements.json; exact mapped geometry, not surveyed. Scope=building; do not expand to surrounding grounds. Religion=buddhist; denomination=unknown.","area_m2":192.6,"method":"OSM mapped polygon; semantic interpretation estimated","tags":{"amenity":"place_of_worship","building":"yes","name":"Chua Duc Lam Tu","religion":"buddhist"}},"geometry":{"type":"Polygon","coordinates":[[[301.96255718934117,10623.166476096492],[311.0719303509686,10643.494232187513],[319.29810890648514,10640.1929683513],[309.6419126082328,10619.864895165432],[301.96255718934117,10623.166476096492]]]}},{"type":"Feature","id":"way/694327329","properties":{"osm_ids":"way/694327329","polygon":"","kind":"religious","town":"province rural","name":"Dinh My Duc","scope":"building","source":"https://www.openstreetmap.org/way/694327329","estimate":"yes","notes":"Cached OSM osm_settlements.json; exact mapped geometry, not surveyed. Scope=building; do not expand to surrounding grounds. Religion=buddhist; denomination=unknown.","area_m2":982.1,"method":"OSM mapped polygon; semantic interpretation estimated","tags":{"amenity":"place_of_worship","building":"yes","name":"Dinh My Duc","religion":"buddhist"}},"geometry":{"type":"Polygon","coordinates":[[[436.49478807114065,10601.207846682053],[429.02372578316135,10584.739850139711],[446.3411953916657,10576.291386702564],[439.1666881557321,10557.634301428683],[405.7154240361997,10570.153411995387],[424.0245096532162,10605.711822088808],[436.49478807114065,10601.207846682053]]]}},{"type":"Feature","id":"way/694331965","properties":{"osm_ids":"way/694331965","polygon":"","kind":"religious","town":"province rural","name":"Tổ đình Phi Lai","scope":"building","source":"https://www.openstreetmap.org/way/694331965","estimate":"yes","notes":"Cached OSM osm_settlements.json; exact mapped geometry, not surveyed. Scope=building; do not expand to surrounding grounds. Religion=buddhist; denomination=unknown.","area_m2":1509.3,"method":"OSM mapped polygon; semantic interpretation estimated","tags":{"amenity":"place_of_worship","building":"yes","name":"Tổ đình Phi Lai","religion":"buddhist"}},"geometry":{"type":"Polygon","coordinates":[[[-13861.828133597097,-3461.6768104208168],[-13882.86945964041,-3450.357986982446],[-13891.368217914656,-3465.960335865617],[-13914.554154028068,-3453.480868234532],[-13896.112820446957,-3419.6665702392347],[-13851.90746419219,-3443.464846382616],[-13861.828133597097,-3461.6768104208168]]]}},{"type":"Feature","id":"way/694331966","properties":{"osm_ids":"way/694331966","polygon":"","kind":"religious","town":"province rural","name":"Chùa Ấp Voi","scope":"building","source":"https://www.openstreetmap.org/way/694331966","estimate":"yes","notes":"Cached OSM osm_settlements.json; exact mapped geometry, not surveyed. Scope=building; do not expand to surrounding grounds. Religion=buddhist; denomination=unknown.","area_m2":614.2,"method":"OSM mapped polygon; semantic interpretation estimated","tags":{"amenity":"place_of_worship","building":"yes","name":"Chùa Ấp Voi","religion":"buddhist"}},"geometry":{"type":"Polygon","coordinates":[[[-13847.490652588778,-3492.1800788040273],[-13875.07347680576,-3488.9779122790787],[-13869.212658123113,-3465.945851104567],[-13845.875194555148,-3467.689186878735],[-13847.490652588778,-3492.1800788040273]]]}},{"type":"Feature","id":"way/694331967","properties":{"osm_ids":"way/694331967","polygon":"","kind":"religious","town":"province rural","name":"Chau Buru Son","scope":"building","source":"https://www.openstreetmap.org/way/694331967","estimate":"yes","notes":"Cached OSM osm_settlements.json; exact mapped geometry, not surveyed. Scope=building; do not expand to surrounding grounds. Religion=buddhist; denomination=unknown.","area_m2":2364.4,"method":"OSM mapped polygon; semantic interpretation estimated","tags":{"amenity":"place_of_worship","building":"yes","name":"Chau Buru Son","religion":"buddhist"}},"geometry":{"type":"Polygon","coordinates":[[[-16753.07701227395,-9057.413584073307],[-16776.68076320982,-9055.402924918337],[-16776.34003834019,-9076.841811730992],[-16806.34536279639,-9074.499878486386],[-16805.678406816558,-9066.461623088922],[-16813.42590818816,-9066.462157040136],[-16814.10523710138,-9053.735960271908],[-16825.234127991484,-9052.730565740028],[-16824.218123339,-9028.27311047772],[-16750.72577775427,-9036.648964945925],[-16753.07701227395,-9057.413584073307]]]}},{"type":"Feature","id":"way/694331968","properties":{"osm_ids":"way/694331968","polygon":"","kind":"religious","town":"province rural","name":"Chùa Phật Nhỏ","scope":"building","source":"https://www.openstreetmap.org/way/694331968","estimate":"yes","notes":"Cached OSM osm_settlements.json; exact mapped geometry, not surveyed. Scope=building; do not expand to surrounding grounds. Religion=buddhist; denomination=unknown.","area_m2":2953.7,"method":"OSM mapped polygon; semantic interpretation estimated","tags":{"amenity":"place_of_worship","building":"yes","name":"Chùa Phật Nhỏ","nat_name":"Việt Nam","religion":"buddhist"}},"geometry":{"type":"Polygon","coordinates":[[[-19177.72684979718,-9104.235922671389],[-19168.534890181792,-9102.83172119013],[-19167.002900545078,-9095.09204229014],[-19131.482561267214,-9087.219648687169],[-19124.708923443395,-9111.842871197267],[-19222.450160362525,-9145.610008674907],[-19224.748140205746,-9134.818683484336],[-19214.013230996847,-9131.136819297215],[-19215.041850903363,-9125.685873662587],[-19211.200921043404,-9124.16005473095],[-19214.647899466334,-9114.640247685835],[-19204.044311747653,-9111.588611165993],[-19204.941618521058,-9105.49637823063],[-19198.813644252194,-9104.235919653205],[-19201.363311028574,-9089.1324892072],[-19195.487024165865,-9087.473989297869],[-19196.76733026211,-9082.277347698808],[-19188.71342699777,-9079.734312745975],[-19177.72684979718,-9104.235922671389]]]}},{"type":"Feature","id":"way/694331969","properties":{"osm_ids":"way/694331969","polygon":"","kind":"religious","town":"province rural","name":"Chua Xoc Tuc","scope":"building","source":"https://www.openstreetmap.org/way/694331969","estimate":"yes","notes":"Cached OSM osm_settlements.json; exact mapped geometry, not surveyed. Scope=building; do not expand to surrounding grounds. Religion=buddhist; denomination=unknown.","area_m2":374.9,"method":"OSM mapped polygon; semantic interpretation estimated","tags":{"amenity":"place_of_worship","building":"yes","name":"Chua Xoc Tuc","religion":"buddhist"}},"geometry":{"type":"Polygon","coordinates":[[[-23840.716847376723,-6404.915542024886],[-23836.71403713239,-6419.27874163934],[-23860.743510156928,-6426.119578396669],[-23865.184019562323,-6411.97745043016],[-23840.716847376723,-6404.915542024886]]]}},{"type":"Feature","id":"way/694331970","properties":{"osm_ids":"way/694331970","polygon":"","kind":"religious","town":"province rural","name":"Chua Bach Co","scope":"building","source":"https://www.openstreetmap.org/way/694331970","estimate":"yes","notes":"Cached OSM osm_settlements.json; exact mapped geometry, not surveyed. Scope=building; do not expand to surrounding grounds. Religion=buddhist; denomination=unknown.","area_m2":1260.3,"method":"OSM mapped polygon; semantic interpretation estimated","tags":{"amenity":"place_of_worship","building":"yes","name":"Chua Bach Co","religion":"buddhist"}},"geometry":{"type":"Polygon","coordinates":[[[-23874.137778940203,-4753.680052432464],[-23865.880703507806,-4780.814355137991],[-23906.737510618754,-4791.577994212275],[-23913.506020257424,-4760.806228188332],[-23874.59711030667,-4752.154163160361],[-23874.137778940203,-4753.680052432464]]]}},{"type":"Feature","id":"way/694351743","properties":{"osm_ids":"way/694351743","polygon":"","kind":"religious","town":"Tịnh Biên","name":"Dinh Thoi Son","scope":"building","source":"https://www.openstreetmap.org/way/694351743","estimate":"yes","notes":"Cached OSM osm_settlements.json; exact mapped geometry, not surveyed. Scope=building; do not expand to surrounding grounds. Religion=buddhist; denomination=unknown.","area_m2":283.0,"method":"OSM mapped polygon; semantic interpretation estimated","tags":{"amenity":"place_of_worship","building":"yes","name":"Dinh Thoi Son","religion":"buddhist"}},"geometry":{"type":"Polygon","coordinates":[[[-18601.515720868192,3394.0227621051017],[-18609.65457404038,3416.1472049809527],[-18599.011193510552,3420.9570774091408],[-18590.303506106895,3398.2576952839736],[-18601.515720868192,3394.0227621051017]]]}},{"type":"Feature","id":"way/694351744","properties":{"osm_ids":"way/694351744","polygon":"","kind":"religious","town":"Tịnh Biên","name":"Chùa Thới Sơn","scope":"building","source":"https://www.openstreetmap.org/way/694351744","estimate":"yes","notes":"Cached OSM osm_settlements.json; exact mapped geometry, not surveyed. Scope=building; do not expand to surrounding grounds. Religion=buddhist; denomination=unknown.","area_m2":639.6,"method":"OSM mapped polygon; semantic interpretation estimated","tags":{"amenity":"place_of_worship","building":"yes","name":"Chùa Thới Sơn","religion":"buddhist"}},"geometry":{"type":"Polygon","coordinates":[[[-17846.89680778759,3556.998575851321],[-17845.95775565959,3599.832514017122],[-17830.818493726663,3599.1033653959166],[-17831.112883612164,3575.0106661838945],[-17832.06387150468,3557.762077693129],[-17846.89680778759,3556.998575851321]]]}},{"type":"Feature","id":"way/694351746","properties":{"osm_ids":"way/694351746","polygon":"","kind":"religious","town":"Tịnh Biên","name":"Thanh That Thoi Son","scope":"building","source":"https://www.openstreetmap.org/way/694351746","estimate":"yes","notes":"Cached OSM osm_settlements.json; exact mapped geometry, not surveyed. Scope=building; do not expand to surrounding grounds. Religion=buddhist; denomination=unknown.","area_m2":705.5,"method":"OSM mapped polygon; semantic interpretation estimated","tags":{"amenity":"place_of_worship","building":"yes","name":"Thanh That Thoi Son","religion":"buddhist"}},"geometry":{"type":"Polygon","coordinates":[[[-18096.998569562624,4859.852797752013],[-18140.412488631322,4847.423628331162],[-18143.98979454144,4862.648693050025],[-18104.404265371268,4873.5629587196745],[-18096.23319365899,4869.505383671494],[-18096.998569562624,4859.852797752013]]]}},{"type":"Feature","id":"way/694351747","properties":{"osm_ids":"way/694351747","polygon":"","kind":"religious","town":"Tịnh Biên","name":"Chùa Bạch Vân","scope":"building","source":"https://www.openstreetmap.org/way/694351747","estimate":"yes","notes":"Cached OSM osm_settlements.json; exact mapped geometry, not surveyed. Scope=building; do not expand to surrounding grounds. Religion=buddhist; denomination=unknown.","area_m2":99.2,"method":"OSM mapped polygon; semantic interpretation estimated","tags":{"amenity":"place_of_worship","building":"yes","name":"Chùa Bạch Vân","religion":"buddhist"}},"geometry":{"type":"Polygon","coordinates":[[[-19060.480292939697,4664.7721298993565],[-19052.385896786232,4671.804265828105],[-19046.325993395527,4665.435590144247],[-19053.403114980087,4657.7400504704565],[-19060.480292939697,4664.7721298993565]]]}},{"type":"Feature","id":"way/694352945","properties":{"osm_ids":"way/694352945","polygon":"","kind":"religious","town":"Tri Tôn","name":"Chua Coc","scope":"building","source":"https://www.openstreetmap.org/way/694352945","estimate":"yes","notes":"Cached OSM osm_settlements.json; exact mapped geometry, not surveyed. Scope=building; do not expand to surrounding grounds. Religion=buddhist; denomination=unknown.","area_m2":396.0,"method":"OSM mapped polygon; semantic interpretation estimated","tags":{"amenity":"place_of_worship","building":"yes","name":"Chua Coc","religion":"buddhist"}},"geometry":{"type":"Polygon","coordinates":[[[-16925.78151771665,-10647.15466496558],[-16925.18961529224,-10661.882116144989],[-16951.75984679797,-10663.630799951497],[-16952.340813198825,-10648.615874118404],[-16925.78151771665,-10647.15466496558]]]}},{"type":"Feature","id":"way/694352946","properties":{"osm_ids":"way/694352946","polygon":"","kind":"religious","town":"Tri Tôn","name":"Chua Coc","scope":"building","source":"https://www.openstreetmap.org/way/694352946","estimate":"yes","notes":"Cached OSM osm_settlements.json; exact mapped geometry, not surveyed. Scope=building; do not expand to surrounding grounds. Religion=buddhist; denomination=unknown.","area_m2":499.7,"method":"OSM mapped polygon; semantic interpretation estimated","tags":{"amenity":"place_of_worship","building":"yes","name":"Chua Coc","religion":"buddhist"}},"geometry":{"type":"Polygon","coordinates":[[[-16916.976223024016,-10585.336221137317],[-16918.594401919167,-10607.062692803564],[-16941.925595289737,-10605.460999140283],[-16939.86964251881,-10584.165710411733],[-16916.976223024016,-10585.336221137317]]]}},{"type":"Feature","id":"way/694568603","properties":{"osm_ids":"way/694568603","polygon":"","kind":"religious","town":"An Châu","name":"Giáo Xứ Cần Xây","scope":"building","source":"https://www.openstreetmap.org/way/694568603","estimate":"yes","notes":"Cached OSM osm_settlements.json; exact mapped geometry, not surveyed. Scope=building; do not expand to surrounding grounds. Religion=christian; denomination=unknown.","area_m2":585.3,"method":"OSM mapped polygon; semantic interpretation estimated","tags":{"amenity":"place_of_worship","building":"yes","name":"Giáo Xứ Cần Xây","religion":"christian"}},"geometry":{"type":"Polygon","coordinates":[[[25782.451319464017,-16933.354198863497],[25811.433379278635,-16915.061637819977],[25821.235880967462,-16928.284053635783],[25792.25533443282,-16947.748654057737],[25782.451319464017,-16933.354198863497]]]}},{"type":"Feature","id":"way/695042542","properties":{"osm_ids":"way/695042542","polygon":"","kind":"religious","town":"Long Xuyên","name":"Tinh Xa BAT NHA","scope":"building","source":"https://www.openstreetmap.org/way/695042542","estimate":"yes","notes":"Cached OSM osm_settlements.json; exact mapped geometry, not surveyed. Scope=building; do not expand to surrounding grounds. Religion=buddhist; denomination=unknown.","area_m2":662.1,"method":"OSM mapped polygon; semantic interpretation estimated","tags":{"amenity":"place_of_worship","building":"yes","name":"Tinh Xa BAT NHA","religion":"buddhist"}},"geometry":{"type":"Polygon","coordinates":[[[26312.146361072315,-21235.018985081],[26330.931037504808,-21234.806466795737],[26330.781039644615,-21270.79687252082],[26312.576025702874,-21270.621641022386],[26312.146361072315,-21235.018985081]]]}},{"type":"Feature","id":"way/695260222","properties":{"osm_ids":"way/695260222","polygon":"","kind":"religious","town":"province rural","name":"Chùa Reachatuasnaram Sđach Toth","scope":"building","source":"https://www.openstreetmap.org/way/695260222","estimate":"yes","notes":"Cached OSM osm_settlements.json; exact mapped geometry, not surveyed. Scope=building; do not expand to surrounding grounds. Religion=buddhist; denomination=unknown.","area_m2":493.9,"method":"OSM mapped polygon; semantic interpretation estimated","tags":{"amenity":"place_of_worship","building":"yes","name":"Chùa Reachatuasnaram Sđach Toth","religion":"buddhist"}},"geometry":{"type":"Polygon","coordinates":[[[-16964.55554565799,-1469.6293332658242],[-16964.116823981574,-1486.6898420127109],[-16993.021296191553,-1486.9791796386708],[-16993.31778704666,-1469.7859806660563],[-16964.55554565799,-1469.6293332658242]]]}},{"type":"Feature","id":"way/695260223","properties":{"osm_ids":"way/695260223","polygon":"","kind":"religious","town":"province rural","name":"Chùa Reachatuasnaram Sđach Toth","scope":"building","source":"https://www.openstreetmap.org/way/695260223","estimate":"yes","notes":"Cached OSM osm_settlements.json; exact mapped geometry, not surveyed. Scope=building; do not expand to surrounding grounds. Religion=buddhist; denomination=unknown.","area_m2":105.8,"method":"OSM mapped polygon; semantic interpretation estimated","tags":{"amenity":"place_of_worship","building":"yes","name":"Chùa Reachatuasnaram Sđach Toth","religion":"buddhist"}},"geometry":{"type":"Polygon","coordinates":[[[-16990.230433421326,-1503.5972686018795],[-16978.491368681367,-1504.038783402415],[-16979.081558416656,-1513.2159086742904],[-16990.525244245364,-1512.6416939590126],[-16990.230433421326,-1503.5972686018795]]]}},{"type":"Feature","id":"way/695260224","properties":{"osm_ids":"way/695260224","polygon":"","kind":"religious","town":"province rural","name":"Chùa Reachatuasnaram Sđach Toth","scope":"building","source":"https://www.openstreetmap.org/way/695260224","estimate":"yes","notes":"Cached OSM osm_settlements.json; exact mapped geometry, not surveyed. Scope=building; do not expand to surrounding grounds. Religion=buddhist; denomination=unknown.","area_m2":431.4,"method":"OSM mapped polygon; semantic interpretation estimated","tags":{"amenity":"place_of_worship","building":"yes","name":"Chùa Reachatuasnaram Sđach Toth","religion":"buddhist"}},"geometry":{"type":"Polygon","coordinates":[[[-17024.223892524373,-1477.0743312649429],[-17044.660410679295,-1478.844691912178],[-17046.97014606773,-1457.7817620714195],[-17027.168198716943,-1455.746081189718],[-17024.223892524373,-1477.0743312649429]]]}},{"type":"Feature","id":"way/695260225","properties":{"osm_ids":"way/695260225","polygon":"","kind":"religious","town":"province rural","name":"Chùa Reachatuasnaram Sđach Toth","scope":"building","source":"https://www.openstreetmap.org/way/695260225","estimate":"yes","notes":"Cached OSM osm_settlements.json; exact mapped geometry, not surveyed. Scope=building; do not expand to surrounding grounds. Religion=buddhist; denomination=unknown.","area_m2":278.6,"method":"OSM mapped polygon; semantic interpretation estimated","tags":{"amenity":"place_of_worship","building":"yes","name":"Chùa Reachatuasnaram Sđach Toth","religion":"buddhist"}},"geometry":{"type":"Polygon","coordinates":[[[-17007.716503096686,-1451.2337031560019],[-17029.181438906235,-1452.384961499367],[-17029.948079830094,-1439.437576606404],[-17008.745728658454,-1438.1647113587242],[-17007.716503096686,-1451.2337031560019]]]}},{"type":"Feature","id":"way/695260226","properties":{"osm_ids":"way/695260226","polygon":"","kind":"religious","town":"province rural","name":"Chùa Thơm Mít","scope":"building","source":"https://www.openstreetmap.org/way/695260226","estimate":"yes","notes":"Cached OSM osm_settlements.json; exact mapped geometry, not surveyed. Scope=building; do not expand to surrounding grounds. Religion=buddhist; denomination=unknown.","area_m2":602.5,"method":"OSM mapped polygon; semantic interpretation estimated","tags":{"amenity":"place_of_worship","building":"yes","name":"Chùa Thơm Mít","religion":"buddhist"}},"geometry":{"type":"Polygon","coordinates":[[[-16549.9301280019,-2413.8224907692056],[-16553.80460751179,-2394.5619713773485],[-16522.28490582743,-2389.7056334898807],[-16518.2355019956,-2407.119662509067],[-16549.9301280019,-2413.8224907692056]]]}},{"type":"Feature","id":"way/695260227","properties":{"osm_ids":"way/695260227","polygon":"","kind":"religious","town":"province rural","name":"Chùa Thơm Mít","scope":"building","source":"https://www.openstreetmap.org/way/695260227","estimate":"yes","notes":"Cached OSM osm_settlements.json; exact mapped geometry, not surveyed. Scope=building; do not expand to surrounding grounds. Religion=buddhist; denomination=unknown.","area_m2":331.3,"method":"OSM mapped polygon; semantic interpretation estimated","tags":{"amenity":"place_of_worship","building":"yes","name":"Chùa Thơm Mít","religion":"buddhist"}},"geometry":{"type":"Polygon","coordinates":[[[-16589.339353805874,-2401.9505749247037],[-16590.182762141398,-2389.058495957637],[-16564.899062907207,-2386.5466949683614],[-16563.37733597838,-2399.2728705648333],[-16589.339353805874,-2401.9505749247037]]]}},{"type":"Feature","id":"way/695260228","properties":{"osm_ids":"way/695260228","polygon":"","kind":"religious","town":"province rural","name":"Chùa Thơm Mít","scope":"building","source":"https://www.openstreetmap.org/way/695260228","estimate":"yes","notes":"Cached OSM osm_settlements.json; exact mapped geometry, not surveyed. Scope=building; do not expand to surrounding grounds. Religion=buddhist; denomination=unknown.","area_m2":416.3,"method":"OSM mapped polygon; semantic interpretation estimated","tags":{"amenity":"place_of_worship","building":"yes","name":"Chùa Thơm Mít","religion":"buddhist"}},"geometry":{"type":"Polygon","coordinates":[[[-16595.59731981845,-2403.2778555750847],[-16604.875000354426,-2403.4444063482806],[-16604.875618136604,-2395.240315516945],[-16616.6696389399,-2395.5729033872485],[-16616.83496645646,-2379.330584819196],[-16596.441649698536,-2378.1570371931884],[-16595.59731981845,-2403.2778555750847]]]}},{"type":"Feature","id":"way/695260229","properties":{"osm_ids":"way/695260229","polygon":"","kind":"religious","town":"province rural","name":"Chùa Thơm Mít","scope":"building","source":"https://www.openstreetmap.org/way/695260229","estimate":"yes","notes":"Cached OSM osm_settlements.json; exact mapped geometry, not surveyed. Scope=building; do not expand to surrounding grounds. Religion=buddhist; denomination=unknown.","area_m2":285.4,"method":"OSM mapped polygon; semantic interpretation estimated","tags":{"amenity":"place_of_worship","building":"yes","name":"Chùa Thơm Mít","religion":"buddhist"}},"geometry":{"type":"Polygon","coordinates":[[[-16573.181675497442,-2379.6589868057054],[-16573.52112948196,-2375.8112718898337],[-16582.284628927067,-2375.480236920761],[-16582.62462939677,-2364.423536293907],[-16559.86808776512,-2363.924247591989],[-16559.199834530184,-2375.31262465124],[-16567.28496197384,-2375.6449451111257],[-16566.94553263561,-2379.1609581771772],[-16573.181675497442,-2379.6589868057054]]]}},{"type":"Feature","id":"way/695306820","properties":{"osm_ids":"way/695306820","polygon":"","kind":"religious","town":"Tịnh Biên","name":"Chùa Phước Linh","scope":"building","source":"https://www.openstreetmap.org/way/695306820","estimate":"yes","notes":"Cached OSM osm_settlements.json; exact mapped geometry, not surveyed. Scope=building; do not expand to surrounding grounds. Religion=buddhist; denomination=unknown.","area_m2":2209.3,"method":"OSM mapped polygon; semantic interpretation estimated","tags":{"amenity":"place_of_worship","building":"yes","name":"Chùa Phước Linh","religion":"buddhist"}},"geometry":{"type":"Polygon","coordinates":[[[-20240.065033369,5095.316884853644],[-20213.779697490972,5117.418567650719],[-20175.694204319152,5064.510777187301],[-20204.6812531178,5044.42147922935],[-20240.065033369,5095.316884853644]]]}},{"type":"Feature","id":"way/695306821","properties":{"osm_ids":"way/695306821","polygon":"","kind":"religious","town":"Tịnh Biên","name":"Ngoc Thanh Pagoda","scope":"building","source":"https://www.openstreetmap.org/way/695306821","estimate":"yes","notes":"Cached OSM osm_settlements.json; exact mapped geometry, not surveyed. Scope=building; do not expand to surrounding grounds. Religion=buddhist; denomination=unknown.","area_m2":168.5,"method":"OSM mapped polygon; semantic interpretation estimated","tags":{"amenity":"place_of_worship","building":"yes","name":"Ngoc Thanh Pagoda","religion":"buddhist"}},"geometry":{"type":"Polygon","coordinates":[[[-20153.403933097725,4996.256677839672],[-20159.835641479527,4996.743359817425],[-20163.66395200329,5000.060501595261],[-20163.0840309427,5006.694548267871],[-20157.03503841022,5010.630585553357],[-20152.287837248296,5009.911759814713],[-20149.19238999934,5006.694151047617],[-20148.656608440273,4999.816823475296],[-20153.403933097725,4996.256677839672]]]}},{"type":"Feature","id":"way/696677926","properties":{"osm_ids":"way/696677926","polygon":"","kind":"religious","town":"Tịnh Biên","name":"chùa Hoa Chua","scope":"building","source":"https://www.openstreetmap.org/way/696677926","estimate":"yes","notes":"Cached OSM osm_settlements.json; exact mapped geometry, not surveyed. Scope=building; do not expand to surrounding grounds. Religion=buddhist; denomination=unknown.","area_m2":461.0,"method":"OSM mapped polygon; semantic interpretation estimated","tags":{"amenity":"place_of_worship","building":"yes","name":"chùa Hoa Chua","religion":"buddhist"}},"geometry":{"type":"Polygon","coordinates":[[[-22399.615905673534,-438.76378730731085],[-22426.91223094717,-448.30317398696207],[-22432.129124212195,-432.4030876373872],[-22405.17207758577,-424.2015385427512],[-22399.615905673534,-438.76378730731085]]]}},{"type":"Feature","id":"way/696698294","properties":{"osm_ids":"way/696698294","polygon":"","kind":"religious","town":"Châu Đốc","name":"Phước Điền Tự","scope":"building","source":"https://www.openstreetmap.org/way/696698294","estimate":"yes","notes":"Cached OSM osm_settlements.json; exact mapped geometry, not surveyed. Scope=building; do not expand to surrounding grounds. Religion=unknown; denomination=unknown.","area_m2":539.4,"method":"OSM mapped polygon; semantic interpretation estimated","tags":{"amenity":"place_of_worship","building":"yes","name":"Phước Điền Tự"}},"geometry":{"type":"Polygon","coordinates":[[[-11211.647993599472,11803.22490577749],[-11180.493636174651,11814.388599382946],[-11175.645395848434,11799.429863354424],[-11207.30258722644,11787.248819034547],[-11211.647993599472,11803.22490577749]]]}},{"type":"Feature","id":"way/696698299","properties":{"osm_ids":"way/696698299","polygon":"","kind":"religious","town":"Châu Đốc","name":"Phước Điền Tự","scope":"building","source":"https://www.openstreetmap.org/way/696698299","estimate":"yes","notes":"Cached OSM osm_settlements.json; exact mapped geometry, not surveyed. Scope=building; do not expand to surrounding grounds. Religion=unknown; denomination=unknown.","area_m2":269.8,"method":"OSM mapped polygon; semantic interpretation estimated","tags":{"amenity":"place_of_worship","building":"yes","name":"Phước Điền Tự"}},"geometry":{"type":"Polygon","coordinates":[[[-11078.17180436576,11845.217280802317],[-11077.786873025354,11836.17289021751],[-11083.200108083372,11835.596638356335],[-11083.787204827648,11821.178398080869],[-11092.295269386785,11820.214417787734],[-11092.498100166675,11845.213850370375],[-11078.17180436576,11845.217280802317]]]}},{"type":"Feature","id":"way/696698302","properties":{"osm_ids":"way/696698302","polygon":"","kind":"religious","town":"Châu Đốc","name":"Nhà thờ Núi Sam","scope":"building","source":"https://www.openstreetmap.org/way/696698302","estimate":"yes","notes":"Cached OSM osm_settlements.json; exact mapped geometry, not surveyed. Scope=building; do not expand to surrounding grounds. Religion=unknown; denomination=unknown.","area_m2":242.0,"method":"OSM mapped polygon; semantic interpretation estimated","tags":{"amenity":"place_of_worship","building":"yes","name":"Nhà thờ Núi Sam"}},"geometry":{"type":"Polygon","coordinates":[[[-11366.038788479229,11732.933808360714],[-11365.274196696584,11736.99183937232],[-11371.912902360724,11739.024761036737],[-11369.869778279448,11747.395248514833],[-11363.08901430061,11745.837803518865],[-11361.701181166049,11750.404592650011],[-11352.765840241627,11748.162124981405],[-11353.989648142946,11743.672771217301],[-11351.485078433587,11742.833032477414],[-11353.528400468058,11735.336032907479],[-11356.918797885417,11736.175566808553],[-11357.869141892006,11731.420912734699],[-11366.038788479229,11732.933808360714]]]}},{"type":"Feature","id":"way/696705902","properties":{"osm_ids":"way/696705902","polygon":"","kind":"religious","town":"Tịnh Biên","name":"វត្តរ៉ូ (Wat Rove)","scope":"building","source":"https://www.openstreetmap.org/way/696705902","estimate":"yes","notes":"Cached OSM osm_settlements.json; exact mapped geometry, not surveyed. Scope=building; do not expand to surrounding grounds. Religion=buddhist; denomination=unknown.","area_m2":417.9,"method":"OSM mapped polygon; semantic interpretation estimated","tags":{"amenity":"place_of_worship","building":"yes","name":"វត្តរ៉ូ (Wat Rove)","religion":"buddhist"}},"geometry":{"type":"Polygon","coordinates":[[[-20950.745068036544,1747.6903810827062],[-20955.776388592378,1762.6835978226736],[-20929.269979708537,1770.178708981024],[-20925.39819934906,1755.5725416091736],[-20950.745068036544,1747.6903810827062]]]}},{"type":"Feature","id":"way/696705909","properties":{"osm_ids":"way/696705909","polygon":"","kind":"religious","town":"province rural","name":"Chua Van Rau","scope":"building","source":"https://www.openstreetmap.org/way/696705909","estimate":"yes","notes":"Cached OSM osm_settlements.json; exact mapped geometry, not surveyed. Scope=building; do not expand to surrounding grounds. Religion=unknown; denomination=unknown.","area_m2":565.2,"method":"OSM mapped polygon; semantic interpretation estimated","tags":{"amenity":"place_of_worship","building":"yes","name":"Chua Van Rau"}},"geometry":{"type":"Polygon","coordinates":[[[-16853.943615457974,1990.862122453982],[-16824.583003617765,1996.4478008241858],[-16821.518725702947,1977.9168934449553],[-16849.61034567462,1971.5794400714803],[-16853.943615457974,1990.862122453982]]]}},{"type":"Feature","id":"way/696705910","properties":{"osm_ids":"way/696705910","polygon":"","kind":"religious","town":"Tịnh Biên","name":"Chùa Tây Sơn","scope":"building","source":"https://www.openstreetmap.org/way/696705910","estimate":"yes","notes":"Cached OSM osm_settlements.json; exact mapped geometry, not surveyed. Scope=building; do not expand to surrounding grounds. Religion=unknown; denomination=unknown.","area_m2":387.3,"method":"OSM mapped polygon; semantic interpretation estimated","tags":{"amenity":"place_of_worship","building":"yes","name":"Chùa Tây Sơn"}},"geometry":{"type":"Polygon","coordinates":[[[-18943.998628262256,4872.452073442517],[-18924.1238426771,4896.5559807408135],[-18914.519915490993,4887.843319349922],[-18934.405646286148,4864.911424238468],[-18943.998628262256,4872.452073442517]]]}},{"type":"Feature","id":"way/696705911","properties":{"osm_ids":"way/696705911","polygon":"","kind":"religious","town":"Tịnh Biên","name":"Chùa Tây Sơn","scope":"building","source":"https://www.openstreetmap.org/way/696705911","estimate":"yes","notes":"Cached OSM osm_settlements.json; exact mapped geometry, not surveyed. Scope=building; do not expand to surrounding grounds. Religion=unknown; denomination=unknown.","area_m2":103.8,"method":"OSM mapped polygon; semantic interpretation estimated","tags":{"amenity":"place_of_worship","building":"yes","name":"Chùa Tây Sơn"}},"geometry":{"type":"Polygon","coordinates":[[[-18952.43213040632,4878.30104721128],[-18944.676914651645,4888.008946020622],[-18937.774788344803,4883.1550724813715],[-18945.354990992695,4873.624081690796],[-18952.43213040632,4878.30104721128]]]}},{"type":"Feature","id":"way/696705912","properties":{"osm_ids":"way/696705912","polygon":"","kind":"religious","town":"Tịnh Biên","name":"Chùa Quan Âm Phật Đài","scope":"building","source":"https://www.openstreetmap.org/way/696705912","estimate":"yes","notes":"Cached OSM osm_settlements.json; exact mapped geometry, not surveyed. Scope=building; do not expand to surrounding grounds. Religion=unknown; denomination=unknown.","area_m2":428.0,"method":"OSM mapped polygon; semantic interpretation estimated","tags":{"amenity":"place_of_worship","building":"yes","name":"Chùa Quan Âm Phật Đài"}},"geometry":{"type":"Polygon","coordinates":[[[-19493.318249099597,5307.49242326268],[-19480.039221809537,5313.075975763844],[-19466.760458977253,5287.4462602543645],[-19480.03950296616,5280.845479446463],[-19493.318249099597,5307.49242326268]]]}},{"type":"Feature","id":"way/696705913","properties":{"osm_ids":"way/696705913","polygon":"","kind":"religious","town":"Tịnh Biên","name":"Ngoc Mai Monastic","scope":"building","source":"https://www.openstreetmap.org/way/696705913","estimate":"yes","notes":"Cached OSM osm_settlements.json; exact mapped geometry, not surveyed. Scope=building; do not expand to surrounding grounds. Religion=buddhist; denomination=unknown.","area_m2":406.9,"method":"OSM mapped polygon; semantic interpretation estimated","tags":{"amenity":"place_of_worship","building":"yes","name":"Ngoc Mai Monastic","religion":"buddhist"}},"geometry":{"type":"Polygon","coordinates":[[[-20338.040779115807,5046.769780142233],[-20343.597556810826,5043.02172328881],[-20353.387317261775,5043.243194033392],[-20359.162588627252,5047.433909978252],[-20359.16235933284,5054.067973564612],[-20357.160432323813,5060.469775822479],[-20349.82069334475,5064.881175678689],[-20339.82318655349,5062.459401114611],[-20335.81998507376,5056.267472546315],[-20335.37163486879,5052.740346877603],[-20338.040779115807,5046.769780142233]]]}},{"type":"Feature","id":"way/696705914","properties":{"osm_ids":"way/696705914","polygon":"","kind":"religious","town":"Tịnh Biên","name":"Ngoc Mai Monastic","scope":"building","source":"https://www.openstreetmap.org/way/696705914","estimate":"yes","notes":"Cached OSM osm_settlements.json; exact mapped geometry, not surveyed. Scope=building; do not expand to surrounding grounds. Religion=buddhist; denomination=unknown.","area_m2":155.0,"method":"OSM mapped polygon; semantic interpretation estimated","tags":{"amenity":"place_of_worship","building":"yes","name":"Ngoc Mai Monastic","religion":"buddhist"}},"geometry":{"type":"Polygon","coordinates":[[[-20316.032585021225,5057.593620681437],[-20323.15368884435,5049.201768076979],[-20334.047870854614,5059.584444367094],[-20327.37527318817,5066.870632546255],[-20316.032585021225,5057.593620681437]]]}},{"type":"Feature","id":"way/696705915","properties":{"osm_ids":"way/696705915","polygon":"","kind":"religious","town":"Tịnh Biên","name":"Ngoc Mai Monastic","scope":"building","source":"https://www.openstreetmap.org/way/696705915","estimate":"yes","notes":"Cached OSM osm_settlements.json; exact mapped geometry, not surveyed. Scope=building; do not expand to surrounding grounds. Religion=buddhist; denomination=unknown.","area_m2":92.5,"method":"OSM mapped polygon; semantic interpretation estimated","tags":{"amenity":"place_of_worship","building":"yes","name":"Ngoc Mai Monastic","religion":"buddhist"}},"geometry":{"type":"Polygon","coordinates":[[[-20327.81211328198,5087.4141311291605],[-20321.369374064903,5090.277619166067],[-20316.480377732078,5077.915983911371],[-20322.923111837998,5075.262573650107],[-20327.81211328198,5087.4141311291605]]]}},{"type":"Feature","id":"way/696705916","properties":{"osm_ids":"way/696705916","polygon":"","kind":"religious","town":"Tịnh Biên","name":"Chùa Quỳnh Quang","scope":"building","source":"https://www.openstreetmap.org/way/696705916","estimate":"yes","notes":"Cached OSM osm_settlements.json; exact mapped geometry, not surveyed. Scope=building; do not expand to surrounding grounds. Religion=buddhist; denomination=unknown.","area_m2":399.1,"method":"OSM mapped polygon; semantic interpretation estimated","tags":{"amenity":"place_of_worship","building":"yes","name":"Chùa Quỳnh Quang","religion":"buddhist"}},"geometry":{"type":"Polygon","coordinates":[[[-20376.573608759965,5125.34053799347],[-20396.95177563862,5120.155632310547],[-20400.32009587076,5138.742188347271],[-20380.106001778506,5144.258801025571],[-20376.573608759965,5125.34053799347]]]}},{"type":"Feature","id":"way/696705917","properties":{"osm_ids":"way/696705917","polygon":"","kind":"religious","town":"Tịnh Biên","name":"Mai Son Pagoda","scope":"building","source":"https://www.openstreetmap.org/way/696705917","estimate":"yes","notes":"Cached OSM osm_settlements.json; exact mapped geometry, not surveyed. Scope=building; do not expand to surrounding grounds. Religion=buddhist; denomination=unknown.","area_m2":206.1,"method":"OSM mapped polygon; semantic interpretation estimated","tags":{"amenity":"place_of_worship","building":"yes","name":"Mai Son Pagoda","religion":"buddhist"}},"geometry":{"type":"Polygon","coordinates":[[[-20418.217692778853,5368.2040634483565],[-20438.464004107635,5375.435935270507],[-20435.193156158726,5384.447086158907],[-20414.95778728195,5377.226273412583],[-20418.217692778853,5368.2040634483565]]]}},{"type":"Feature","id":"way/696705918","properties":{"osm_ids":"way/696705918","polygon":"","kind":"religious","town":"Tịnh Biên","name":"Buu Minh Pagoda","scope":"building","source":"https://www.openstreetmap.org/way/696705918","estimate":"yes","notes":"Cached OSM osm_settlements.json; exact mapped geometry, not surveyed. Scope=building; do not expand to surrounding grounds. Religion=unknown; denomination=unknown.","area_m2":283.0,"method":"OSM mapped polygon; semantic interpretation estimated","tags":{"amenity":"place_of_worship","building":"yes","name":"Buu Minh Pagoda"}},"geometry":{"type":"Polygon","coordinates":[[[-18620.70563819958,5574.5941776726395],[-18631.403371703636,5590.294624100206],[-18619.043442917173,5598.609522491926],[-18608.345706506632,5582.920136652188],[-18620.70563819958,5574.5941776726395]]]}},{"type":"Feature","id":"way/696707612","properties":{"osm_ids":"way/696707612","polygon":"","kind":"religious","town":"province rural","name":"","scope":"building","source":"https://www.openstreetmap.org/way/696707612","estimate":"yes","notes":"Cached OSM osm_settlements.json; exact mapped geometry, not surveyed. Scope=building; do not expand to surrounding grounds. Religion=buddhist; denomination=unknown.","area_m2":1687.5,"method":"OSM mapped polygon; semantic interpretation estimated","tags":{"amenity":"place_of_worship","building":"yes","religion":"buddhist"}},"geometry":{"type":"Polygon","coordinates":[[[-21030.381622160145,-7144.0232701590285],[-21051.860897869454,-7139.654714757577],[-21061.784909327398,-7129.570467296755],[-21054.85643100273,-7091.414186739363],[-21023.2118823466,-7095.2967949998565],[-21021.714747994498,-7131.640235162107],[-21030.381622160145,-7144.0232701590285]]]}},{"type":"Feature","id":"way/696752473","properties":{"osm_ids":"way/696752473","polygon":"","kind":"religious","town":"province rural","name":"Chùa Thơm Mít","scope":"building","source":"https://www.openstreetmap.org/way/696752473","estimate":"yes","notes":"Cached OSM osm_settlements.json; exact mapped geometry, not surveyed. Scope=building; do not expand to surrounding grounds. Religion=buddhist; denomination=unknown.","area_m2":780.8,"method":"OSM mapped polygon; semantic interpretation estimated","tags":{"amenity":"place_of_worship","building":"yes","name":"Chùa Thơm Mít","religion":"buddhist"}},"geometry":{"type":"Polygon","coordinates":[[[-16629.400324933405,-2452.659732014872],[-16631.447274925013,-2438.695239758352],[-16626.337974081805,-2438.694858616451],[-16626.338334057946,-2433.874126106035],[-16615.091385656386,-2432.856065625092],[-16615.091556485626,-2430.5783800738864],[-16608.45056102419,-2430.577881346224],[-16608.450370630773,-2433.1098715956323],[-16585.201587247895,-2430.83042994095],[-16583.668889994093,-2444.0209877635352],[-16595.16745778086,-2445.293382268632],[-16595.16713186173,-2449.605505366344],[-16629.400324933405,-2452.659732014872]]]}},{"type":"Feature","id":"way/696931898","properties":{"osm_ids":"way/696931898","polygon":"","kind":"religious","town":"Tịnh Biên","name":"Chùa Kim Tiên","scope":"building","source":"https://www.openstreetmap.org/way/696931898","estimate":"yes","notes":"Cached OSM osm_settlements.json; exact mapped geometry, not surveyed. Scope=building; do not expand to surrounding grounds. Religion=buddhist; denomination=unknown.","area_m2":2917.6,"method":"OSM mapped polygon; semantic interpretation estimated","tags":{"addr:district":"Tịnh Biên","addr:province":"An Giang","addr:subdistrict":"An Phú","amenity":"place_of_worship","building":"pagoda","name":"Chùa Kim Tiên","religion":"buddhist"}},"geometry":{"type":"Polygon","coordinates":[[[-21281.488495703845,6310.925150993047],[-21300.422078382864,6309.1461835205555],[-21306.875531383557,6307.49912579963],[-21316.76191965834,6330.707928692689],[-21326.33112972899,6353.385989286238],[-21305.77833096619,6362.13061343669],[-21273.336257297487,6368.110321337823],[-21264.71771472768,6360.060455469182],[-21254.415776941285,6334.93881889293],[-21267.70567325037,6328.736777212471],[-21264.829740828194,6316.839504408417],[-21281.488495703845,6310.925150993047]]]}},{"type":"Feature","id":"way/696931900","properties":{"osm_ids":"way/696931900","polygon":"","kind":"religious","town":"Tịnh Biên","name":"Sân công cổ tự","scope":"building","source":"https://www.openstreetmap.org/way/696931900","estimate":"yes","notes":"Cached OSM osm_settlements.json; exact mapped geometry, not surveyed. Scope=building; do not expand to surrounding grounds. Religion=buddhist; denomination=unknown.","area_m2":165.5,"method":"OSM mapped polygon; semantic interpretation estimated","tags":{"amenity":"place_of_worship","building":"yes","name":"Sân công cổ tự","religion":"buddhist"}},"geometry":{"type":"Polygon","coordinates":[[[-19804.617607130785,4812.761396073271],[-19813.79517554713,4797.514277728042],[-19821.79103271215,4802.268838314107],[-19812.602523633803,4817.515954343602],[-19804.617607130785,4812.761396073271]]]}},{"type":"Feature","id":"way/696931901","properties":{"osm_ids":"way/696931901","polygon":"","kind":"religious","town":"Tịnh Biên","name":"Sân công cổ tự","scope":"building","source":"https://www.openstreetmap.org/way/696931901","estimate":"yes","notes":"Cached OSM osm_settlements.json; exact mapped geometry, not surveyed. Scope=building; do not expand to surrounding grounds. Religion=buddhist; denomination=unknown.","area_m2":216.9,"method":"OSM mapped polygon; semantic interpretation estimated","tags":{"amenity":"place_of_worship","building":"yes","name":"Sân công cổ tự","religion":"buddhist"}},"geometry":{"type":"Polygon","coordinates":[[[-19795.955131916213,4773.45441853418],[-19816.913071949093,4772.713998661842],[-19817.2847843059,4783.041029499844],[-19796.315912054735,4783.792505718069],[-19795.955131916213,4773.45441853418]]]}},{"type":"Feature","id":"way/696931902","properties":{"osm_ids":"way/696931902","polygon":"","kind":"religious","town":"Tịnh Biên","name":"Thiên Môn Nghiêm Tịnh","scope":"building","source":"https://www.openstreetmap.org/way/696931902","estimate":"yes","notes":"Cached OSM osm_settlements.json; exact mapped geometry, not surveyed. Scope=building; do not expand to surrounding grounds. Religion=buddhist; denomination=unknown.","area_m2":104.3,"method":"OSM mapped polygon; semantic interpretation estimated","tags":{"amenity":"place_of_worship","building":"yes","name":"Thiên Môn Nghiêm Tịnh","religion":"buddhist"}},"geometry":{"type":"Polygon","coordinates":[[[-19214.65708110464,4770.408306429861],[-19223.35309698258,4764.349205220118],[-19229.03010423627,4772.387484646402],[-19220.334089401527,4778.446584432619],[-19214.65708110464,4770.408306429861]]]}},{"type":"Feature","id":"way/696931903","properties":{"osm_ids":"way/696931903","polygon":"","kind":"religious","town":"Tịnh Biên","name":"Dinh Thoi Son","scope":"building","source":"https://www.openstreetmap.org/way/696931903","estimate":"yes","notes":"Cached OSM osm_settlements.json; exact mapped geometry, not surveyed. Scope=building; do not expand to surrounding grounds. Religion=buddhist; denomination=unknown.","area_m2":436.3,"method":"OSM mapped polygon; semantic interpretation estimated","tags":{"amenity":"place_of_worship","building":"yes","name":"Dinh Thoi Son","religion":"buddhist"}},"geometry":{"type":"Polygon","coordinates":[[[-18579.222705787164,3410.7188608241268],[-18581.356039380247,3425.722849307582],[-18552.51046347327,3428.985116082011],[-18550.191164773016,3414.368119500112],[-18579.222705787164,3410.7188608241268]]]}},{"type":"Feature","id":"way/696931904","properties":{"osm_ids":"way/696931904","polygon":"","kind":"religious","town":"Tịnh Biên","name":"Dinh Thoi Son","scope":"building","source":"https://www.openstreetmap.org/way/696931904","estimate":"yes","notes":"Cached OSM osm_settlements.json; exact mapped geometry, not surveyed. Scope=building; do not expand to surrounding grounds. Religion=buddhist; denomination=unknown.","area_m2":719.3,"method":"OSM mapped polygon; semantic interpretation estimated","tags":{"amenity":"place_of_worship","building":"yes","name":"Dinh Thoi Son","religion":"buddhist"}},"geometry":{"type":"Polygon","coordinates":[[[-18582.2417211266,3405.2235966632143],[-18573.414122030197,3406.572678534081],[-18573.917365820205,3409.834414345678],[-18549.086330813996,3413.616280226037],[-18545.585486332304,3390.9278698316775],[-18570.154006601137,3387.1902332296595],[-18570.701010838733,3390.7062736959197],[-18579.79114502191,3389.3240161987487],[-18582.2417211266,3405.2235966632143]]]}},{"type":"Feature","id":"way/696931905","properties":{"osm_ids":"way/696931905","polygon":"","kind":"religious","town":"Tịnh Biên","name":"Nhà thờ tổ ông đình tây","scope":"building","source":"https://www.openstreetmap.org/way/696931905","estimate":"yes","notes":"Cached OSM osm_settlements.json; exact mapped geometry, not surveyed. Scope=building; do not expand to surrounding grounds. Religion=buddhist; denomination=unknown.","area_m2":467.8,"method":"OSM mapped polygon; semantic interpretation estimated","tags":{"amenity":"place_of_worship","building":"yes","name":"Nhà thờ tổ ông đình tây","religion":"buddhist"}},"geometry":{"type":"Polygon","coordinates":[[[-18302.41758135904,3469.922799476655],[-18306.628402887553,3446.0621974479873],[-18326.176133579167,3449.743601876311],[-18321.31989383168,3472.9629256266635],[-18302.41758135904,3469.922799476655]]]}},{"type":"Feature","id":"way/696931906","properties":{"osm_ids":"way/696931906","polygon":"","kind":"religious","town":"Tịnh Biên","name":"Chùa Thới Sơn","scope":"building","source":"https://www.openstreetmap.org/way/696931906","estimate":"yes","notes":"Cached OSM osm_settlements.json; exact mapped geometry, not surveyed. Scope=building; do not expand to surrounding grounds. Religion=buddhist; denomination=unknown.","area_m2":179.1,"method":"OSM mapped polygon; semantic interpretation estimated","tags":{"amenity":"place_of_worship","building":"yes","name":"Chùa Thới Sơn","religion":"buddhist"}},"geometry":{"type":"Polygon","coordinates":[[[-17827.384210524266,3611.2880553668365],[-17814.410800634534,3609.9396491281223],[-17816.34638810967,3595.7095167175867],[-17828.54316682805,3597.4338845286984],[-17827.384210524266,3611.2880553668365]]]}},{"type":"Feature","id":"way/696931907","properties":{"osm_ids":"way/696931907","polygon":"","kind":"religious","town":"Tịnh Biên","name":"Chùa Thới Sơn","scope":"building","source":"https://www.openstreetmap.org/way/696931907","estimate":"yes","notes":"Cached OSM osm_settlements.json; exact mapped geometry, not surveyed. Scope=building; do not expand to surrounding grounds. Religion=buddhist; denomination=unknown.","area_m2":173.3,"method":"OSM mapped polygon; semantic interpretation estimated","tags":{"amenity":"place_of_worship","building":"yes","name":"Chùa Thới Sơn","religion":"buddhist"}},"geometry":{"type":"Polygon","coordinates":[[[-17831.442050883605,3600.3195846283343],[-17846.351600212452,3601.0929695970844],[-17845.37851949077,3613.0121989180334],[-17830.665850429563,3611.6749116147403],[-17831.442050883605,3600.3195846283343]]]}},{"type":"Feature","id":"way/696931908","properties":{"osm_ids":"way/696931908","polygon":"","kind":"religious","town":"Tịnh Biên","name":"Chùa Thới Sơn","scope":"building","source":"https://www.openstreetmap.org/way/696931908","estimate":"yes","notes":"Cached OSM osm_settlements.json; exact mapped geometry, not surveyed. Scope=building; do not expand to surrounding grounds. Religion=buddhist; denomination=unknown.","area_m2":174.4,"method":"OSM mapped polygon; semantic interpretation estimated","tags":{"amenity":"place_of_worship","building":"yes","name":"Chùa Thới Sơn","religion":"buddhist"}},"geometry":{"type":"Polygon","coordinates":[[[-17814.409401807177,3575.132957762573],[-17815.382426167314,3562.052767661633],[-17828.73871098878,3563.4011590271257],[-17827.96256381477,3576.0943541992456],[-17814.409401807177,3575.132957762573]]]}},{"type":"Feature","id":"way/696931909","properties":{"osm_ids":"way/696931909","polygon":"","kind":"religious","town":"Long Xuyên","name":"Chùa Phật Thiền","scope":"building","source":"https://www.openstreetmap.org/way/696931909","estimate":"yes","notes":"Cached OSM osm_settlements.json; exact mapped geometry, not surveyed. Scope=building; do not expand to surrounding grounds. Religion=unknown; denomination=unknown.","area_m2":86.0,"method":"OSM mapped polygon; semantic interpretation estimated","tags":{"amenity":"place_of_worship","building":"yes","name":"Chùa Phật Thiền"}},"geometry":{"type":"Polygon","coordinates":[[[27976.49462815933,-19705.12415452022],[27981.28331970051,-19716.93751860317],[27975.014382990194,-19719.444888094673],[27970.236624777433,-19707.62045148178],[27976.49462815933,-19705.12415452022]]]}},{"type":"Feature","id":"way/696931910","properties":{"osm_ids":"way/696931910","polygon":"","kind":"religious","town":"Long Xuyên","name":"Tịnh thất Thiền Minh","scope":"building","source":"https://www.openstreetmap.org/way/696931910","estimate":"yes","notes":"Cached OSM osm_settlements.json; exact mapped geometry, not surveyed. Scope=building; do not expand to surrounding grounds. Religion=buddhist; denomination=unknown.","area_m2":413.0,"method":"OSM mapped polygon; semantic interpretation estimated","tags":{"amenity":"place_of_worship","building":"yes","name":"Tịnh thất Thiền Minh","religion":"buddhist"}},"geometry":{"type":"Polygon","coordinates":[[[26279.923098077183,-22773.760657934472],[26276.111391305807,-22780.62089983863],[26279.935079372604,-22782.948917813133],[26272.898065404384,-22793.01986284973],[26264.826405988075,-22790.40990258311],[26261.165479337913,-22795.36816104781],[26253.221572599025,-22789.982752338983],[26268.758753117174,-22766.91994259716],[26279.923098077183,-22773.760657934472]]]}},{"type":"Feature","id":"way/697774406","properties":{"osm_ids":"way/697774406","polygon":"","kind":"religious","town":"province rural","name":"Chùa Cà Rắc","scope":"grounds","source":"https://www.openstreetmap.org/way/697774406","estimate":"yes","notes":"Cached OSM osm_settlements.json; exact mapped geometry, not surveyed. Scope=grounds; do not expand to surrounding grounds. Religion=unknown; denomination=unknown.","area_m2":10283.8,"method":"OSM mapped polygon; semantic interpretation estimated","tags":{"amenity":"place_of_worship","name":"Chùa Cà Rắc"}},"geometry":{"type":"Polygon","coordinates":[[[-18688.325551146118,-1175.80975653301],[-18688.555094277894,-1189.8296973293182],[-18642.890324801905,-1190.5698074134998],[-18644.497006834135,-1288.344519791659],[-18742.194071249978,-1286.7537497254089],[-18740.34660531493,-1174.959101375658],[-18688.325551146118,-1175.80975653301]]]}},{"type":"Feature","id":"way/857503179","properties":{"osm_ids":"way/857503179","polygon":"","kind":"industrial","town":"Phú Tân","name":"","scope":"grounds","source":"https://www.openstreetmap.org/way/857503179","estimate":"yes","notes":"Cached OSM osm_settlements.json; exact mapped geometry, not surveyed. Scope=grounds; do not expand to surrounding grounds.","area_m2":56543.7,"method":"OSM mapped polygon; semantic interpretation estimated","tags":{"landuse":"industrial"}},"geometry":{"type":"Polygon","coordinates":[[[20157.969472536934,-133.91448135045357],[19978.11658081808,63.46677224384621],[20002.09445719933,85.02216007350944],[19955.211876300047,136.48279173788615],[20066.423277623253,236.4989424829837],[20275.249169153743,7.307546190451831],[20157.969472536934,-133.91448135045357]]]}},{"type":"Feature","id":"way/871112689","properties":{"osm_ids":"way/871112689","polygon":"","kind":"religious","town":"province rural","name":"Thánh Đường Đức Mẹ Vô Nhiễm","scope":"building","source":"https://www.openstreetmap.org/way/871112689","estimate":"yes","notes":"Cached OSM osm_settlements.json; exact mapped geometry, not surveyed. Scope=building; do not expand to surrounding grounds. Religion=christian; denomination=unknown.","area_m2":637.8,"method":"OSM mapped polygon; semantic interpretation estimated","tags":{"amenity":"place_of_worship","building":"yes","name":"Thánh Đường Đức Mẹ Vô Nhiễm","religion":"christian"}},"geometry":{"type":"Polygon","coordinates":[[[-1117.2602750372607,-33984.79257751908],[-1092.3882996644825,-34011.92370032659],[-1105.555944049207,-34023.67254419625],[-1129.9353237978066,-33996.176292816876],[-1117.2602750372607,-33984.79257751908]]]}},{"type":"Feature","id":"way/871579523","properties":{"osm_ids":"way/871579523","polygon":"","kind":"religious","town":"province rural","name":"Nhà thờ Giáo xứ Chi Lăng","scope":"building","source":"https://www.openstreetmap.org/way/871579523","estimate":"yes","notes":"Cached OSM osm_settlements.json; exact mapped geometry, not surveyed. Scope=building; do not expand to surrounding grounds. Religion=christian; denomination=unknown.","area_m2":533.6,"method":"OSM mapped polygon; semantic interpretation estimated","tags":{"amenity":"place_of_worship","building":"yes","name":"Nhà thờ Giáo xứ Chi Lăng","religion":"christian"}},"geometry":{"type":"Polygon","coordinates":[[[-15488.121852112294,-3773.170558902202],[-15480.396097544348,-3785.4647963324096],[-15511.784094213392,-3804.8063726790715],[-15519.061304358882,-3792.0587549402844],[-15488.121852112294,-3773.170558902202]]]}},{"type":"Feature","id":"way/871579524","properties":{"osm_ids":"way/871579524","polygon":"","kind":"religious","town":"province rural","name":"Nhà thờ Térésa - Giáo xứ Vĩnh Bình","scope":"building","source":"https://www.openstreetmap.org/way/871579524","estimate":"yes","notes":"Cached OSM osm_settlements.json; exact mapped geometry, not surveyed. Scope=building; do not expand to surrounding grounds. Religion=christian; denomination=unknown.","area_m2":450.1,"method":"OSM mapped polygon; semantic interpretation estimated","tags":{"amenity":"place_of_worship","building":"yes","name":"Nhà thờ Térésa - Giáo xứ Vĩnh Bình","religion":"christian"}},"geometry":{"type":"Polygon","coordinates":[[[2071.696813669405,-13775.781305804616],[2074.5388930562185,-13805.7764341312],[2059.338098285545,-13807.289486885536],[2057.1417488080915,-13777.293961031362],[2071.696813669405,-13775.781305804616]]]}},{"type":"Feature","id":"way/871579525","properties":{"osm_ids":"way/871579525","polygon":"","kind":"religious","town":"Châu Đốc","name":"Nhà thờ Châu Đốc","scope":"building","source":"https://www.openstreetmap.org/way/871579525","estimate":"yes","notes":"Cached OSM osm_settlements.json; exact mapped geometry, not surveyed. Scope=building; do not expand to surrounding grounds. Religion=christian; denomination=catholic.","area_m2":871.6,"method":"OSM mapped polygon; semantic interpretation estimated","tags":{"addr:housenumber":"120","addr:street":"Lê Lợi","amenity":"place_of_worship","building":"yes","denomination":"catholic","name":"Nhà thờ Châu Đốc","religion":"christian","service_times":"Mo-Sa 05:00,18:00; Su 05:00,08:15,16:30,18:30"}},"geometry":{"type":"Polygon","coordinates":[[[-5196.644876913575,14992.514569150051],[-5201.117961687734,14994.027504757978],[-5198.201796912937,15002.487214462832],[-5193.838077872817,15001.007404473145],[-5184.8383819510345,15027.094280146528],[-5167.055401183665,15021.031447638758],[-5176.1424648729735,14994.701279880013],[-5171.756869030243,14993.210424952907],[-5174.727648448432,14984.61800788925],[-5179.069500258949,14986.097824507393],[-5180.718722517544,14981.331631572219],[-5198.425162100932,14987.361332514789],[-5196.644876913575,14992.514569150051]]]}},{"type":"Feature","id":"way/872194563","properties":{"osm_ids":"way/872194563","polygon":"","kind":"religious","town":"province rural","name":"Nhà thờ Cồn Én","scope":"building","source":"https://www.openstreetmap.org/way/872194563","estimate":"yes","notes":"Cached OSM osm_settlements.json; exact mapped geometry, not surveyed. Scope=building; do not expand to surrounding grounds. Religion=christian; denomination=unknown.","area_m2":543.8,"method":"OSM mapped polygon; semantic interpretation estimated","tags":{"amenity":"place_of_worship","building":"yes","name":"Nhà thờ Cồn Én","religion":"christian"}},"geometry":{"type":"Polygon","coordinates":[[[35953.39550321235,-3141.3885512934066],[35950.291264199186,-3170.5180809369776],[35932.04946809425,-3168.933083179407],[35934.27909247973,-3140.225134515669],[35953.39550321235,-3141.3885512934066]]]}},{"type":"Feature","id":"way/872194566","properties":{"osm_ids":"way/872194566","polygon":"","kind":"religious","town":"province rural","name":"Giáo xứ Cù Lao Giêng","scope":"building","source":"https://www.openstreetmap.org/way/872194566","estimate":"yes","notes":"Cached OSM osm_settlements.json; exact mapped geometry, not surveyed. Scope=building; do not expand to surrounding grounds. Religion=christian; denomination=unknown.","area_m2":19925.7,"method":"OSM mapped polygon; semantic interpretation estimated","tags":{"amenity":"place_of_worship","building":"yes","name":"Giáo xứ Cù Lao Giêng","religion":"christian"}},"geometry":{"type":"Polygon","coordinates":[[[35427.88567579456,-6780.866596776294],[35464.130988802295,-6858.938603624003],[35288.948644749005,-6967.26677932078],[35237.24363043171,-6876.503399168141],[35427.88567579456,-6780.866596776294]]]}},{"type":"Feature","id":"way/876547137","properties":{"osm_ids":"way/876547137","polygon":"","kind":"industrial","town":"Long Xuyên","name":"","scope":"grounds","source":"https://www.openstreetmap.org/way/876547137","estimate":"yes","notes":"Cached OSM osm_settlements.json; exact mapped geometry, not surveyed. Scope=grounds; do not expand to surrounding grounds.","area_m2":43086.5,"method":"OSM mapped polygon; semantic interpretation estimated","tags":{"landuse":"industrial"}},"geometry":{"type":"Polygon","coordinates":[[[31077.74130398198,-20722.509926716564],[31132.890498592053,-20691.514951147605],[31192.9181418746,-20778.932962257415],[30998.121429557446,-20894.7375566368],[30878.027632970014,-20684.87239605747],[30952.547737663263,-20642.75970174535],[30990.67884130508,-20614.697446835693],[31077.74130398198,-20722.509926716564]]]}},{"type":"Feature","id":"way/876547138","properties":{"osm_ids":"way/876547138","polygon":"","kind":"industrial","town":"province rural","name":"","scope":"grounds","source":"https://www.openstreetmap.org/way/876547138","estimate":"yes","notes":"Cached OSM osm_settlements.json; exact mapped geometry, not surveyed. Scope=grounds; do not expand to surrounding grounds.","area_m2":35680.5,"method":"OSM mapped polygon; semantic interpretation estimated","tags":{"landuse":"industrial"}},"geometry":{"type":"Polygon","coordinates":[[[34324.39062110451,-24805.454469155055],[34331.658654045896,-24854.4589698934],[34410.54454639461,-24842.894036827376],[34437.1803645296,-24835.024808401242],[34451.93173345644,-24880.51273686113],[34462.1010610261,-25000.697670259047],[34422.75855288829,-25004.263128333492],[34425.729392170324,-25028.185895950068],[34348.21842432488,-25037.05083033],[34341.66152719199,-24973.461077117594],[34260.04421175993,-24981.7571489946],[34229.885243768804,-24819.30978207034],[34324.39062110451,-24805.454469155055]]]}},{"type":"Feature","id":"way/876547139","properties":{"osm_ids":"way/876547139","polygon":"","kind":"industrial","town":"province rural","name":"","scope":"grounds","source":"https://www.openstreetmap.org/way/876547139","estimate":"yes","notes":"Cached OSM osm_settlements.json; exact mapped geometry, not surveyed. Scope=grounds; do not expand to surrounding grounds.","area_m2":64417.7,"method":"OSM mapped polygon; semantic interpretation estimated","tags":{"landuse":"industrial"}},"geometry":{"type":"Polygon","coordinates":[[[34146.76452140696,-25226.70980509394],[34153.54410126642,-25242.743141573854],[34301.81344479369,-25218.887722152984],[34353.52585083083,-25621.426573406672],[34351.83152131864,-25666.06621692935],[34175.70410465798,-25522.79376946017],[34175.65911741718,-25493.326977954013],[34159.92247605382,-25376.069577044575],[34078.40385602636,-25262.99252433353],[34146.76452140696,-25226.70980509394]]]}},{"type":"Feature","id":"way/876637060","properties":{"osm_ids":"way/876637060","polygon":"","kind":"industrial","town":"Long Xuyên","name":"","scope":"grounds","source":"https://www.openstreetmap.org/way/876637060","estimate":"yes","notes":"Cached OSM osm_settlements.json; exact mapped geometry, not surveyed. Scope=grounds; do not expand to surrounding grounds.","area_m2":15557.0,"method":"OSM mapped polygon; semantic interpretation estimated","tags":{"landuse":"industrial"}},"geometry":{"type":"Polygon","coordinates":[[[33969.917332744924,-23637.835963251535],[33981.3842621661,-23648.024096529698],[34000.15759261814,-23632.23927310761],[34037.82453396742,-23686.737040836597],[33985.05481079826,-23743.418226979207],[33976.52585582284,-23735.846125174547],[33906.73652601091,-23795.4721509621],[33883.206988890655,-23772.166634620167],[33907.509367030114,-23727.78008236317],[33862.829029374756,-23697.507653280394],[33914.71550853574,-23635.874468809692],[33969.917332744924,-23637.835963251535]]]}},{"type":"Feature","id":"way/876637061","properties":{"osm_ids":"way/876637061","polygon":"","kind":"industrial","town":"Long Xuyên","name":"","scope":"grounds","source":"https://www.openstreetmap.org/way/876637061","estimate":"yes","notes":"Cached OSM osm_settlements.json; exact mapped geometry, not surveyed. Scope=grounds; do not expand to surrounding grounds.","area_m2":32947.2,"method":"OSM mapped polygon; semantic interpretation estimated","tags":{"landuse":"industrial"}},"geometry":{"type":"Polygon","coordinates":[[[34128.50327537069,-23649.546629122226],[34185.70398834988,-23612.70573419961],[34288.10603380471,-23753.171829487896],[34231.81517808768,-23805.181687536417],[34258.57436503214,-23835.481112620793],[34206.36825943005,-23874.07253015414],[34013.867285143584,-23576.789669733495],[34053.7610950208,-23548.13543546782],[34128.50327537069,-23649.546629122226]]]}},{"type":"Feature","id":"way/876637062","properties":{"osm_ids":"way/876637062","polygon":"","kind":"industrial","town":"province rural","name":"","scope":"grounds","source":"https://www.openstreetmap.org/way/876637062","estimate":"yes","notes":"Cached OSM osm_settlements.json; exact mapped geometry, not surveyed. Scope=grounds; do not expand to surrounding grounds.","area_m2":35263.3,"method":"OSM mapped polygon; semantic interpretation estimated","tags":{"landuse":"industrial"}},"geometry":{"type":"Polygon","coordinates":[[[34508.50351508614,-25202.64866170776],[34525.567793538794,-25264.066130152438],[34543.68507035007,-25305.358250354184],[34566.79028666974,-25379.28292505676],[34567.920238970895,-25402.113871126436],[34517.03559740109,-25411.435741399182],[34407.5579437525,-25429.659854406957],[34406.831612330745,-25341.547835290898],[34388.6294860387,-25344.793327788357],[34364.608967568376,-25194.86422189162],[34494.09372086334,-25180.081371061737],[34497.33374700777,-25179.64517074288],[34508.50351508614,-25202.64866170776]]]}},{"type":"Feature","id":"way/877500533","properties":{"osm_ids":"way/877500533","polygon":"","kind":"industrial","town":"Long Xuyên","name":"","scope":"grounds","source":"https://www.openstreetmap.org/way/877500533","estimate":"yes","notes":"Cached OSM osm_settlements.json; exact mapped geometry, not surveyed. Scope=grounds; do not expand to surrounding grounds.","area_m2":13310.5,"method":"OSM mapped polygon; semantic interpretation estimated","tags":{"landuse":"industrial"}},"geometry":{"type":"Polygon","coordinates":[[[31683.812692022184,-25382.680517312605],[31701.168991832994,-25407.444925700547],[31705.037107879994,-25439.82509203325],[31752.10721885087,-25494.61003865674],[31704.3354178546,-25559.45122156618],[31680.50941087422,-25535.271190413507],[31630.308022065554,-25548.1813254538],[31629.99663239275,-25529.794077758677],[31636.420526610105,-25505.28254602989],[31652.547253818135,-25490.088962976122],[31606.68772046524,-25454.56332972343],[31642.180632361793,-25430.871979440562],[31631.004368495545,-25417.17761821975],[31683.812692022184,-25382.680517312605]]]}},{"type":"Feature","id":"way/877500534","properties":{"osm_ids":"way/877500534","polygon":"","kind":"industrial","town":"Long Xuyên","name":"","scope":"grounds","source":"https://www.openstreetmap.org/way/877500534","estimate":"yes","notes":"Cached OSM osm_settlements.json; exact mapped geometry, not surveyed. Scope=grounds; do not expand to surrounding grounds.","area_m2":28930.3,"method":"OSM mapped polygon; semantic interpretation estimated","tags":{"landuse":"industrial"}},"geometry":{"type":"Polygon","coordinates":[[[31584.804349954007,-24544.619343632832],[31532.891676039784,-24584.3781716479],[31532.615990450606,-24598.089190039784],[31472.463453198434,-24633.18279648549],[31461.641911089187,-24660.044762805337],[31450.347321732086,-24662.692693630233],[31343.76211107301,-24537.781931080623],[31488.885806265986,-24422.092857582495],[31584.804349954007,-24544.619343632832]]]}},{"type":"Feature","id":"way/877500535","properties":{"osm_ids":"way/877500535","polygon":"","kind":"industrial","town":"Long Xuyên","name":"","scope":"grounds","source":"https://www.openstreetmap.org/way/877500535","estimate":"yes","notes":"Cached OSM osm_settlements.json; exact mapped geometry, not surveyed. Scope=grounds; do not expand to surrounding grounds.","area_m2":27921.5,"method":"OSM mapped polygon; semantic interpretation estimated","tags":{"landuse":"industrial"}},"geometry":{"type":"Polygon","coordinates":[[[31842.02679674013,-24131.13444611756],[31871.448818191304,-24171.93582784594],[31883.225389642874,-24192.053322076565],[31792.6798189932,-24322.8788761443],[31695.600805851514,-24200.487315186067],[31626.077889143722,-24250.776084937155],[31616.94563160953,-24234.590938091744],[31640.387874847394,-24198.82074311329],[31779.21354459517,-24090.227011322742],[31842.02679674013,-24131.13444611756]]]}},{"type":"Feature","id":"way/877500536","properties":{"osm_ids":"way/877500536","polygon":"","kind":"industrial","town":"Long Xuyên","name":"","scope":"grounds","source":"https://www.openstreetmap.org/way/877500536","estimate":"yes","notes":"Cached OSM osm_settlements.json; exact mapped geometry, not surveyed. Scope=grounds; do not expand to surrounding grounds.","area_m2":51398.9,"method":"OSM mapped polygon; semantic interpretation estimated","tags":{"landuse":"industrial"}},"geometry":{"type":"Polygon","coordinates":[[[31746.912249540794,-23906.77290138905],[31860.288637304096,-24026.79640637641],[31779.21354459517,-24090.227011322742],[31640.387874847394,-24198.82074311329],[31621.30139460822,-24195.929489637492],[31516.849762796308,-24054.585521676112],[31564.377154193353,-24026.221709664445],[31734.994854056044,-23895.069915844826],[31746.912249540794,-23906.77290138905]]]}},{"type":"Feature","id":"way/877500537","properties":{"osm_ids":"way/877500537","polygon":"","kind":"industrial","town":"Long Xuyên","name":"","scope":"grounds","source":"https://www.openstreetmap.org/way/877500537","estimate":"yes","notes":"Cached OSM osm_settlements.json; exact mapped geometry, not surveyed. Scope=grounds; do not expand to surrounding grounds.","area_m2":31726.3,"method":"OSM mapped polygon; semantic interpretation estimated","tags":{"landuse":"industrial"}},"geometry":{"type":"Polygon","coordinates":[[[30888.250564982533,-23922.168278551195],[30977.748079175944,-23875.65587290423],[31023.638085494284,-23934.224874685053],[31055.731865666807,-23991.365221965825],[31059.277653582976,-24005.656750398222],[31110.17281098722,-24072.97554534441],[31054.442469293135,-24114.773658191552],[31012.097117142403,-24069.910205542576],[30995.94811482774,-24076.932471325388],[31005.948095725384,-24087.709673173726],[30955.783440971747,-24117.248524065828],[30941.0859835936,-24105.892035992118],[30936.256906378316,-24021.291228458518],[30922.125139515032,-23992.143297093688],[30903.04345007043,-23992.458165457705],[30865.77299901715,-24012.6463246902],[30844.82582075498,-23941.19321186235],[30888.250564982533,-23922.168278551195]]]}},{"type":"Feature","id":"way/877500538","properties":{"osm_ids":"way/877500538","polygon":"","kind":"industrial","town":"Long Xuyên","name":"","scope":"grounds","source":"https://www.openstreetmap.org/way/877500538","estimate":"yes","notes":"Cached OSM osm_settlements.json; exact mapped geometry, not surveyed. Scope=grounds; do not expand to surrounding grounds.","area_m2":31212.4,"method":"OSM mapped polygon; semantic interpretation estimated","tags":{"landuse":"industrial"}},"geometry":{"type":"Polygon","coordinates":[[[31261.208998772316,-23383.091305297334],[31293.83554259583,-23422.60589127289],[31267.53353343741,-23441.418645983096],[31290.54793457326,-23518.695574208396],[31247.72226831317,-23550.26981984172],[31279.804266782012,-23599.2278461745],[31199.181864386774,-23688.032163926866],[31091.49839906511,-23542.91021816968],[31261.208998772316,-23383.091305297334]]]}},{"type":"Feature","id":"way/877500541","properties":{"osm_ids":"way/877500541","polygon":"","kind":"industrial","town":"Long Xuyên","name":"","scope":"grounds","source":"https://www.openstreetmap.org/way/877500541","estimate":"yes","notes":"Cached OSM osm_settlements.json; exact mapped geometry, not surveyed. Scope=grounds; do not expand to surrounding grounds.","area_m2":34849.5,"method":"OSM mapped polygon; semantic interpretation estimated","tags":{"landuse":"industrial"}},"geometry":{"type":"Polygon","coordinates":[[[30422.507412867504,-22459.77867014357],[30497.01237824757,-22403.956590581685],[30590.51982285315,-22538.463657215238],[30565.056141298497,-22553.802825321676],[30494.636840957217,-22588.33458982501],[30512.595452574547,-22622.441790488083],[30431.601978857187,-22657.850931911962],[30348.063750271103,-22551.203857274726],[30315.400278660934,-22507.486864261795],[30422.507412867504,-22459.77867014357]]]}},{"type":"Feature","id":"way/877500546","properties":{"osm_ids":"way/877500546","polygon":"","kind":"industrial","town":"province rural","name":"","scope":"grounds","source":"https://www.openstreetmap.org/way/877500546","estimate":"yes","notes":"Cached OSM osm_settlements.json; exact mapped geometry, not surveyed. Scope=grounds; do not expand to surrounding grounds.","area_m2":10371.2,"method":"OSM mapped polygon; semantic interpretation estimated","tags":{"landuse":"industrial"}},"geometry":{"type":"Polygon","coordinates":[[[21113.908965562354,-24029.933408862446],[21095.714993128087,-24040.458387744846],[21112.483214891516,-24075.146389208967],[21084.91051840363,-24098.231676408555],[21067.854783177725,-24070.53190373769],[21052.59208567557,-24078.72048962256],[20995.398954546894,-23972.386608700966],[21026.417595171253,-23956.59491977212],[21066.314542981796,-23931.074019977124],[21113.908965562354,-24029.933408862446]]]}},{"type":"Feature","id":"way/877500547","properties":{"osm_ids":"way/877500547","polygon":"","kind":"industrial","town":"province rural","name":"","scope":"grounds","source":"https://www.openstreetmap.org/way/877500547","estimate":"yes","notes":"Cached OSM osm_settlements.json; exact mapped geometry, not surveyed. Scope=grounds; do not expand to surrounding grounds.","area_m2":23281.2,"method":"OSM mapped polygon; semantic interpretation estimated","tags":{"landuse":"industrial"}},"geometry":{"type":"Polygon","coordinates":[[[21469.536931417882,-23053.667614484206],[21598.28799505136,-23173.705038766144],[21516.330893054255,-23263.94710225449],[21393.611250247573,-23152.792052776087],[21407.33800299489,-23095.158946505748],[21429.633705055225,-23072.676569770556],[21449.265811283258,-23037.9352571615],[21469.536931417882,-23053.667614484206]]]}},{"type":"Feature","id":"way/877500548","properties":{"osm_ids":"way/877500548","polygon":"","kind":"industrial","town":"province rural","name":"","scope":"grounds","source":"https://www.openstreetmap.org/way/877500548","estimate":"yes","notes":"Cached OSM osm_settlements.json; exact mapped geometry, not surveyed. Scope=grounds; do not expand to surrounding grounds.","area_m2":43509.1,"method":"OSM mapped polygon; semantic interpretation estimated","tags":{"landuse":"industrial"}},"geometry":{"type":"Polygon","coordinates":[[[21880.72837206698,-23141.574186232174],[21733.77676960721,-23278.56413642806],[21581.505309357657,-23136.08720823913],[21746.649415965774,-22987.986536535667],[21880.72837206698,-23141.574186232174]]]}},{"type":"Feature","id":"way/911749691","properties":{"osm_ids":"way/911749691","polygon":"","kind":"commercial","town":"province rural","name":"CÔNG TY TNHH SẢN XUẤT THƯƠNG MẠI XUẤT NHẬP KHẨU THAVIMEKONG FARM","scope":"grounds","source":"https://www.openstreetmap.org/way/911749691","estimate":"yes","notes":"Cached OSM osm_settlements.json; exact mapped geometry, not surveyed. Scope=grounds; do not expand to surrounding grounds.","area_m2":8961.9,"method":"OSM mapped polygon; semantic interpretation estimated","tags":{"landuse":"commercial","name":"CÔNG TY TNHH SẢN XUẤT THƯƠNG MẠI XUẤT NHẬP KHẨU THAVIMEKONG FARM"}},"geometry":{"type":"Polygon","coordinates":[[[32785.6449728054,-25576.502215727],[32753.684059081483,-25537.949868788943],[32822.464423932135,-25488.20183056686],[32885.83164456312,-25560.38685426349],[32831.40265540185,-25608.84210852557],[32800.40964408114,-25580.692962400615],[32740.42029591289,-25637.58174073277],[32739.204886424704,-25630.120097472565],[32735.656196193653,-25629.174470043974],[32785.6449728054,-25576.502215727]]]}},{"type":"Feature","id":"way/928887303","properties":{"osm_ids":"way/928887303","polygon":"","kind":"industrial","town":"province rural","name":"","scope":"grounds","source":"https://www.openstreetmap.org/way/928887303","estimate":"yes","notes":"Cached OSM osm_settlements.json; exact mapped geometry, not surveyed. Scope=grounds; do not expand to surrounding grounds.","area_m2":4829.2,"method":"OSM mapped polygon; semantic interpretation estimated","tags":{"landuse":"industrial"}},"geometry":{"type":"Polygon","coordinates":[[[41585.66602001933,-14776.759475711267],[41574.7905223167,-14766.550682950998],[41582.5196052863,-14748.878816642566],[41610.18825855362,-14667.493690714939],[41652.253205174464,-14675.369893921074],[41635.21931220789,-14729.557850162964],[41606.934822760406,-14790.587825254537],[41585.66602001933,-14776.759475711267]]]}},{"type":"Feature","id":"way/934549622","properties":{"osm_ids":"way/934549622","polygon":"","kind":"religious","town":"province rural","name":"Chùa Phật Lớn","scope":"building","source":"https://www.openstreetmap.org/way/934549622","estimate":"yes","notes":"Cached OSM osm_settlements.json; exact mapped geometry, not surveyed. Scope=building; do not expand to surrounding grounds. Religion=buddhist; denomination=unknown.","area_m2":13478.9,"method":"OSM mapped polygon; semantic interpretation estimated","tags":{"amenity":"place_of_worship","building":"yes","name":"Chùa Phật Lớn","religion":"buddhist"}},"geometry":{"type":"Polygon","coordinates":[[[-20830.92425861722,-7306.036105473526],[-20817.607125688926,-7297.014477936085],[-20770.413508195896,-7302.31284511718],[-20707.135226502724,-7317.573945886921],[-20710.267739065806,-7385.848895204021],[-20784.117471075268,-7394.30390826636],[-20862.069608338294,-7382.63537920313],[-20873.39421356708,-7369.67637875909],[-20873.261839413375,-7347.961037296336],[-20867.854789950827,-7315.764207741246],[-20854.822091779613,-7305.714308094932],[-20830.92425861722,-7306.036105473526]]]}},{"type":"Feature","id":"way/934549623","properties":{"osm_ids":"way/934549623","polygon":"","kind":"religious","town":"province rural","name":"Chùa Vạn Linh","scope":"building","source":"https://www.openstreetmap.org/way/934549623","estimate":"yes","notes":"Cached OSM osm_settlements.json; exact mapped geometry, not surveyed. Scope=building; do not expand to surrounding grounds. Religion=buddhist; denomination=unknown.","area_m2":55614.3,"method":"OSM mapped polygon; semantic interpretation estimated","tags":{"amenity":"place_of_worship","building":"yes","name":"Chùa Vạn Linh","religion":"buddhist"}},"geometry":{"type":"Polygon","coordinates":[[[-21235.29409951804,-7296.229179953225],[-21216.09338381898,-7345.421555890469],[-21217.410182697524,-7408.466750367312],[-21197.002655272372,-7405.195169731742],[-21148.71480124985,-7411.9204331848305],[-21135.409517150605,-7421.065077089006],[-21122.10431199125,-7431.735539574875],[-21125.45331727655,-7443.56601333525],[-21138.10313670925,-7453.085110298358],[-21142.602535385347,-7490.290629306342],[-21120.18333739316,-7518.154767183121],[-21119.37480100512,-7539.372607610887],[-21128.632849927817,-7554.442358422792],[-21146.381954169658,-7566.095104866894],[-21191.868181312166,-7548.921434078133],[-21214.604966062238,-7526.099083439447],[-21246.643138450745,-7510.97161956504],[-21273.386092107685,-7510.361886787927],[-21297.033225001942,-7523.617417524802],[-21331.94185175968,-7566.271978404839],[-21355.271215585642,-7571.5666694075335],[-21380.032018080703,-7545.338620056398],[-21395.4913771195,-7512.189661575481],[-21404.73612540972,-7488.98106529424],[-21393.934643583372,-7466.658295970177],[-21376.15246533684,-7451.644443633268],[-21368.426111365552,-7434.319095508428],[-21384.521102067374,-7417.091739409603],[-21415.334077277454,-7409.869732086081],[-21423.506261868635,-7383.885968569666],[-21376.623533706006,-7288.6908472622745],[-21235.29409951804,-7296.229179953225]]]}},{"type":"Feature","id":"way/941506163","properties":{"osm_ids":"way/941506163","polygon":"","kind":"religious","town":"Châu Đốc","name":"Châu Long Pagoda","scope":"building","source":"https://www.openstreetmap.org/way/941506163","estimate":"yes","notes":"Cached OSM osm_settlements.json; exact mapped geometry, not surveyed. Scope=building; do not expand to surrounding grounds. Religion=buddhist; denomination=unknown.","area_m2":6877.9,"method":"OSM mapped polygon; semantic interpretation estimated","tags":{"addr:city":"Thành phố Châu Đốc","addr:district":"Vĩnh Mỹ","addr:province":"An Giang","addr:street":"Châu Long","addr:subdistrict":"Châu Long 1","amenity":"place_of_worship","building":"yes","name":"Châu Long Pagoda","religion":"buddhist"}},"geometry":{"type":"Polygon","coordinates":[[[-4287.106257844076,14793.869363421109],[-4331.130628745421,14668.243960416177],[-4379.220507976192,14685.902750527952],[-4336.59552801057,14811.173654402373],[-4287.106257844076,14793.869363421109]]]}},{"type":"Feature","id":"way/1023975651","properties":{"osm_ids":"way/1023975651","polygon":"","kind":"industrial","town":"province rural","name":"","scope":"grounds","source":"https://www.openstreetmap.org/way/1023975651","estimate":"yes","notes":"Cached OSM osm_settlements.json; exact mapped geometry, not surveyed. Scope=grounds; do not expand to surrounding grounds.","area_m2":390904.4,"method":"OSM mapped polygon; semantic interpretation estimated","tags":{"landuse":"industrial"}},"geometry":{"type":"Polygon","coordinates":[[[-10255.973876135482,41124.78189534019],[-10231.896259985224,41463.155264642555],[-9987.247709136282,41440.85424168757],[-9866.192692320503,41436.50964667904],[-9848.70264170412,41524.815951294266],[-9814.960328444722,41519.12009953335],[-9785.859007263498,41542.23755317577],[-9762.538217085297,41528.64407390752],[-9702.926425525104,41575.65349765797],[-9472.928859230538,41510.351329535944],[-9554.463557426294,41105.330918878084],[-9607.181047048129,40831.46643519658],[-9666.108838981425,40833.28484700457],[-9670.409157323884,40854.634704232216],[-9761.264983611763,40858.26850170898],[-9779.681336777401,40837.52028570254],[-9971.203088890528,40837.466248279205],[-9936.879409556568,41021.05548204831],[-10255.973876135482,41124.78189534019]]]}},{"type":"Feature","id":"way/1025739401","properties":{"osm_ids":"way/1025739401","polygon":"","kind":"religious","town":"Châu Đốc","name":"Mubarak Mosque","scope":"building","source":"https://www.openstreetmap.org/way/1025739401","estimate":"yes","notes":"Cached OSM osm_settlements.json; exact mapped geometry, not surveyed. Scope=building; do not expand to surrounding grounds. Religion=muslim; denomination=sunni.","area_m2":380.6,"method":"OSM mapped polygon; semantic interpretation estimated","tags":{"amenity":"place_of_worship","building":"yes","denomination":"sunni","name":"Mubarak Mosque","religion":"muslim","start_date":"1750","wikipedia":"en:Mubarak Mosque (An Giang)"}},"geometry":{"type":"Polygon","coordinates":[[[-5112.093069932831,15512.808432948543],[-5113.256052018958,15495.901997682173],[-5135.662382886861,15497.42955825408],[-5134.499389635865,15514.335992631037],[-5112.093069932831,15512.808432948543]]]}},{"type":"Feature","id":"way/1035238614","properties":{"osm_ids":"way/1035238614","polygon":"","kind":"commercial","town":"Long Xuyên","name":"","scope":"grounds","source":"https://www.openstreetmap.org/way/1035238614","estimate":"yes","notes":"Cached OSM osm_settlements.json; exact mapped geometry, not surveyed. Scope=grounds; do not expand to surrounding grounds.","area_m2":7462.8,"method":"OSM mapped polygon; semantic interpretation estimated","tags":{"landuse":"commercial"}},"geometry":{"type":"Polygon","coordinates":[[[28378.712319701444,-19889.182886360446],[28400.514021875337,-19942.392206546152],[28342.59675487026,-19991.188257161528],[28334.222033367958,-19990.757423062576],[28287.168733563274,-19931.025781481294],[28289.064269631286,-19924.311635049526],[28345.379335481324,-19880.626164064975],[28378.712319701444,-19889.182886360446]]]}},{"type":"Feature","id":"way/1035238615","properties":{"osm_ids":"way/1035238615","polygon":"","kind":"commercial","town":"Long Xuyên","name":"","scope":"grounds","source":"https://www.openstreetmap.org/way/1035238615","estimate":"yes","notes":"Cached OSM osm_settlements.json; exact mapped geometry, not surveyed. Scope=grounds; do not expand to surrounding grounds.","area_m2":5472.4,"method":"OSM mapped polygon; semantic interpretation estimated","tags":{"landuse":"commercial"}},"geometry":{"type":"Polygon","coordinates":[[[28205.611742293462,-19766.609842446866],[28285.08935797261,-19698.82193435449],[28314.91957519995,-19747.66390906903],[28238.834695494385,-19806.96658606571],[28205.611742293462,-19766.609842446866]]]}},{"type":"Feature","id":"way/1035238620","properties":{"osm_ids":"way/1035238620","polygon":"","kind":"commercial","town":"Long Xuyên","name":"Tỉnh uỷ An Giang","scope":"grounds","source":"https://www.openstreetmap.org/way/1035238620","estimate":"yes","notes":"Cached OSM osm_settlements.json; exact mapped geometry, not surveyed. Scope=grounds; do not expand to surrounding grounds.","area_m2":24237.7,"method":"OSM mapped polygon; semantic interpretation estimated","tags":{"landuse":"commercial","name":"Tỉnh uỷ An Giang"}},"geometry":{"type":"Polygon","coordinates":[[[28395.661516464083,-19636.06642447156],[28352.253569567925,-19672.293040079065],[28326.442651805584,-19688.95795084862],[28302.65438696195,-19687.818412510445],[28232.02015124471,-19561.898919175845],[28298.911312856944,-19527.97339823423],[28335.585917427787,-19506.91510677035],[28355.536210246966,-19495.222761554876],[28463.998214986874,-19578.620500162244],[28435.20608409692,-19600.431059577968],[28395.661516464083,-19636.06642447156]]]}},{"type":"Feature","id":"way/1035238621","properties":{"osm_ids":"way/1035238621","polygon":"","kind":"commercial","town":"Long Xuyên","name":"","scope":"grounds","source":"https://www.openstreetmap.org/way/1035238621","estimate":"yes","notes":"Cached OSM osm_settlements.json; exact mapped geometry, not surveyed. Scope=grounds; do not expand to surrounding grounds.","area_m2":5160.0,"method":"OSM mapped polygon; semantic interpretation estimated","tags":{"landuse":"commercial"}},"geometry":{"type":"Polygon","coordinates":[[[28504.500885633985,-19890.4811918505],[28513.90635014535,-19892.21528891404],[28537.451997028315,-19947.777267771075],[28477.806183699984,-19973.22367357835],[28475.478180513135,-19967.87530672038],[28446.11485029373,-19980.48726919084],[28431.180696283234,-19946.297559407074],[28504.500885633985,-19890.4811918505]]]}},{"type":"Feature","id":"way/1035238623","properties":{"osm_ids":"way/1035238623","polygon":"","kind":"commercial","town":"Long Xuyên","name":"","scope":"grounds","source":"https://www.openstreetmap.org/way/1035238623","estimate":"yes","notes":"Cached OSM osm_settlements.json; exact mapped geometry, not surveyed. Scope=grounds; do not expand to surrounding grounds.","area_m2":3148.5,"method":"OSM mapped polygon; semantic interpretation estimated","tags":{"landuse":"commercial"}},"geometry":{"type":"Polygon","coordinates":[[[28537.451997028315,-19947.777267771075],[28556.440154077136,-19992.60920230113],[28542.753971365863,-19998.432878207183],[28524.888683864847,-20006.075619083364],[28497.11154353805,-20017.92251925636],[28479.552186540677,-19977.234948627884],[28477.806183699984,-19973.22367357835],[28537.451997028315,-19947.777267771075]]]}},{"type":"Feature","id":"way/1035238624","properties":{"osm_ids":"way/1035238624","polygon":"","kind":"commercial","town":"Long Xuyên","name":"Sở Văn hoá, Thể thao & Du lịch tỉnh An Giang","scope":"grounds","source":"https://www.openstreetmap.org/way/1035238624","estimate":"yes","notes":"Cached OSM osm_settlements.json; exact mapped geometry, not surveyed. Scope=grounds; do not expand to surrounding grounds.","area_m2":2262.1,"method":"OSM mapped polygon; semantic interpretation estimated","tags":{"landuse":"commercial","name":"Sở Văn hoá, Thể thao & Du lịch tỉnh An Giang","office":"government"}},"geometry":{"type":"Polygon","coordinates":[[[28534.645557857584,-20040.515648632776],[28512.79708708008,-20049.181084878743],[28497.11154353805,-20017.92251925636],[28524.888683864847,-20006.075619083364],[28542.753971365863,-19998.432878207183],[28556.440154077136,-19992.60920230113],[28570.68399750965,-20026.202736695763],[28534.645557857584,-20040.515648632776]]]}},{"type":"Feature","id":"way/1035238625","properties":{"osm_ids":"way/1035238625","polygon":"","kind":"commercial","town":"Long Xuyên","name":"Sở Giáo dục & Đào tạo tỉnh An Giang","scope":"grounds","source":"https://www.openstreetmap.org/way/1035238625","estimate":"yes","notes":"Cached OSM osm_settlements.json; exact mapped geometry, not surveyed. Scope=grounds; do not expand to surrounding grounds.","area_m2":1649.2,"method":"OSM mapped polygon; semantic interpretation estimated","tags":{"landuse":"commercial","name":"Sở Giáo dục & Đào tạo tỉnh An Giang","office":"government"}},"geometry":{"type":"Polygon","coordinates":[[[28534.645557857584,-20040.515648632776],[28570.68399750965,-20026.202736695763],[28587.19025918981,-20065.177886910504],[28550.12257753557,-20079.3263726905],[28534.645557857584,-20040.515648632776]]]}},{"type":"Feature","id":"way/1035238626","properties":{"osm_ids":"way/1035238626","polygon":"","kind":"commercial","town":"Long Xuyên","name":"Sở Công thương tỉnh An Giang","scope":"grounds","source":"https://www.openstreetmap.org/way/1035238626","estimate":"yes","notes":"Cached OSM osm_settlements.json; exact mapped geometry, not surveyed. Scope=grounds; do not expand to surrounding grounds.","area_m2":1287.3,"method":"OSM mapped polygon; semantic interpretation estimated","tags":{"landuse":"commercial","name":"Sở Công thương tỉnh An Giang","office":"government"}},"geometry":{"type":"Polygon","coordinates":[[[28587.19025918981,-20065.177886910504],[28594.55929413275,-20082.54927033349],[28595.00637719338,-20089.260217053816],[28594.12691757083,-20094.513470258797],[28591.057925847592,-20099.61493376945],[28575.510889797588,-20113.490626522573],[28555.667920814943,-20091.934726607753],[28550.12257753557,-20079.3263726905],[28587.19025918981,-20065.177886910504]]]}},{"type":"Feature","id":"way/1035238627","properties":{"osm_ids":"way/1035238627","polygon":"","kind":"commercial","town":"Long Xuyên","name":"Bảo hiểm xã hội tỉnh An Giang","scope":"grounds","source":"https://www.openstreetmap.org/way/1035238627","estimate":"yes","notes":"Cached OSM osm_settlements.json; exact mapped geometry, not surveyed. Scope=grounds; do not expand to surrounding grounds.","area_m2":651.8,"method":"OSM mapped polygon; semantic interpretation estimated","tags":{"landuse":"commercial","name":"Bảo hiểm xã hội tỉnh An Giang","office":"government"}},"geometry":{"type":"Polygon","coordinates":[[[28629.54872294562,-20069.57562900451],[28623.11032134702,-20068.26870357711],[28612.292085582158,-20066.09429790522],[28606.1439642607,-20052.97816124768],[28614.589376396732,-20049.07451393013],[28632.73845881445,-20040.83426245558],[28638.47375063016,-20048.267696342664],[28644.208239023224,-20055.115112746367],[28629.54872294562,-20069.57562900451]]]}},{"type":"Feature","id":"way/1035238628","properties":{"osm_ids":"way/1035238628","polygon":"","kind":"commercial","town":"Long Xuyên","name":"Sở Y tế tỉnh An Giang","scope":"grounds","source":"https://www.openstreetmap.org/way/1035238628","estimate":"yes","notes":"Cached OSM osm_settlements.json; exact mapped geometry, not surveyed. Scope=grounds; do not expand to surrounding grounds.","area_m2":738.6,"method":"OSM mapped polygon; semantic interpretation estimated","tags":{"landuse":"commercial","name":"Sở Y tế tỉnh An Giang","office":"government"}},"geometry":{"type":"Polygon","coordinates":[[[28632.73845881445,-20040.83426245558],[28614.589376396732,-20049.07451393013],[28606.1439642607,-20052.97816124768],[28596.01915133919,-20029.650876570493],[28622.86581237882,-20017.805175461574],[28632.73845881445,-20040.83426245558]]]}},{"type":"Feature","id":"way/1035238629","properties":{"osm_ids":"way/1035238629","polygon":"","kind":"commercial","town":"Long Xuyên","name":"Sở Nông nghiệp & Phát triển nông thôn tỉnh An Giang","scope":"grounds","source":"https://www.openstreetmap.org/way/1035238629","estimate":"yes","notes":"Cached OSM osm_settlements.json; exact mapped geometry, not surveyed. Scope=grounds; do not expand to surrounding grounds.","area_m2":919.2,"method":"OSM mapped polygon; semantic interpretation estimated","tags":{"landuse":"commercial","name":"Sở Nông nghiệp & Phát triển nông thôn tỉnh An Giang","office":"government"}},"geometry":{"type":"Polygon","coordinates":[[[28582.46347255993,-19995.00599731691],[28570.57857300283,-19965.367611849448],[28597.350282031228,-19954.771465180907],[28609.22425500746,-19984.40985750826],[28582.46347255993,-19995.00599731691]]]}},{"type":"Feature","id":"way/1035283528","properties":{"osm_ids":"way/1035283528","polygon":"","kind":"commercial","town":"Long Xuyên","name":"Khu Hành chính Thành phố Long Xuyên","scope":"grounds","source":"https://www.openstreetmap.org/way/1035283528","estimate":"yes","notes":"Cached OSM osm_settlements.json; exact mapped geometry, not surveyed. Scope=grounds; do not expand to surrounding grounds.","area_m2":42418.3,"method":"OSM mapped polygon; semantic interpretation estimated","tags":{"landuse":"commercial","name":"Khu Hành chính Thành phố Long Xuyên"}},"geometry":{"type":"Polygon","coordinates":[[[27579.139826547704,-20708.534793029074],[27579.44806280418,-20717.965931341285],[27476.994705249323,-20732.588011555606],[27471.11706236913,-20725.010845669778],[27461.079641383723,-20684.766061232658],[27453.55281966203,-20663.668492038036],[27463.977403360535,-20657.927036063746],[27444.69377313822,-20628.674160037655],[27437.190718145226,-20625.30079592741],[27418.942906943965,-20592.93952495535],[27616.402997679194,-20488.982708340744],[27716.509230090072,-20690.857886301354],[27713.883246834506,-20699.90598705574],[27642.8426503957,-20711.080683226697],[27633.43035577098,-20704.392852831166],[27624.012905390817,-20685.73038214189],[27579.139826547704,-20708.534793029074]]]}},{"type":"Feature","id":"way/1035283535","properties":{"osm_ids":"way/1035283535","polygon":"","kind":"commercial","town":"Long Xuyên","name":"Sở Tư pháp tỉnh An Giang","scope":"grounds","source":"https://www.openstreetmap.org/way/1035283535","estimate":"yes","notes":"Cached OSM osm_settlements.json; exact mapped geometry, not surveyed. Scope=grounds; do not expand to surrounding grounds.","area_m2":1513.2,"method":"OSM mapped polygon; semantic interpretation estimated","tags":{"landuse":"commercial","name":"Sở Tư pháp tỉnh An Giang","office":"government"}},"geometry":{"type":"Polygon","coordinates":[[[27654.48332224763,-20746.75675788615],[27696.138991814456,-20740.906844610814],[27701.44123405358,-20776.370304513024],[27659.555728931096,-20782.28687315155],[27654.48332224763,-20746.75675788615]]]}},{"type":"Feature","id":"way/1035283536","properties":{"osm_ids":"way/1035283536","polygon":"","kind":"commercial","town":"Long Xuyên","name":"Sở Khoa học & Công nghệ tỉnh An Giang","scope":"grounds","source":"https://www.openstreetmap.org/way/1035283536","estimate":"yes","notes":"Cached OSM osm_settlements.json; exact mapped geometry, not surveyed. Scope=grounds; do not expand to surrounding grounds.","area_m2":1289.8,"method":"OSM mapped polygon; semantic interpretation estimated","tags":{"landuse":"commercial","name":"Sở Khoa học & Công nghệ tỉnh An Giang","office":"government"}},"geometry":{"type":"Polygon","coordinates":[[[27624.259099712828,-20787.387374749873],[27618.901755388477,-20751.592273020884],[27654.48332224763,-20746.75675788615],[27659.555728931096,-20782.28687315155],[27624.259099712828,-20787.387374749873]]]}},{"type":"Feature","id":"way/1035283537","properties":{"osm_ids":"way/1035283537","polygon":"","kind":"commercial","town":"Long Xuyên","name":"Chi cục Thuế thành phố Long Xuyên","scope":"grounds","source":"https://www.openstreetmap.org/way/1035283537","estimate":"yes","notes":"Cached OSM osm_settlements.json; exact mapped geometry, not surveyed. Scope=grounds; do not expand to surrounding grounds.","area_m2":4614.0,"method":"OSM mapped polygon; semantic interpretation estimated","tags":{"government":"tax","landuse":"commercial","name":"Chi cục Thuế thành phố Long Xuyên","office":"government"}},"geometry":{"type":"Polygon","coordinates":[[[27408.72332201712,-20948.04610211798],[27393.647719258093,-20873.100387530867],[27457.35627822485,-20863.384500177344],[27464.497123798355,-20939.51286093751],[27408.72332201712,-20948.04610211798]]]}},{"type":"Feature","id":"way/1087911661","properties":{"osm_ids":"way/1087911661","polygon":"","kind":"religious","town":"province rural","name":"Thánh đường Al-Mukarramah","scope":"grounds","source":"https://www.openstreetmap.org/way/1087911661","estimate":"yes","notes":"Cached OSM osm_settlements.json; exact mapped geometry, not surveyed. Scope=grounds; do not expand to surrounding grounds. Religion=muslim; denomination=unknown.","area_m2":4318.3,"method":"OSM mapped polygon; semantic interpretation estimated","tags":{"amenity":"place_of_worship","name":"Thánh đường Al-Mukarramah","religion":"muslim"}},"geometry":{"type":"Polygon","coordinates":[[[-12735.69435667101,39902.45994936093],[-12716.989882515918,39914.792165608145],[-12710.707635780505,39918.519606612856],[-12705.463436492893,39922.191560122184],[-12697.487842375762,39927.55577240768],[-12684.613042226003,39912.84143328341],[-12683.519958630495,39910.851387943374],[-12674.55665075744,39894.44456156227],[-12670.885500987759,39895.94903788366],[-12665.564519358042,39898.128317448776],[-12658.196917399182,39883.67827007803],[-12646.292872047867,39860.33929217863],[-12689.964863281406,39845.237865960924],[-12707.118996641948,39839.307943489635],[-12735.69435667101,39902.45994936093]]]}},{"type":"Feature","id":"way/1105901407","properties":{"osm_ids":"way/1105901407","polygon":"","kind":"residential","town":"province rural","name":"","scope":"grounds","source":"https://www.openstreetmap.org/way/1105901407","estimate":"yes","notes":"Cached OSM osm_settlements.json; exact mapped geometry, not surveyed. Scope=grounds; do not expand to surrounding grounds.","area_m2":669081.0,"method":"OSM mapped polygon; semantic interpretation estimated","tags":{"landuse":"residential"}},"geometry":{"type":"Polygon","coordinates":[[[-10219.03836824192,41472.32502619759],[-10283.679710083408,41474.98331340938],[-10287.765341102902,41674.32920618728],[-10272.979317805555,41745.24186803331],[-10316.065019778558,41757.27134476835],[-10313.38866746059,41800.084847248625],[-10258.175912303093,41792.07235388807],[-10250.126395600324,41884.38960109814],[-10279.767029340495,41956.62815788621],[-10295.931276006973,41972.67859036266],[-10324.20442998712,41957.95408278564],[-10325.530020477658,41889.72084882646],[-10303.98161827313,41883.03714917111],[-10314.741961222724,41834.86986962869],[-10357.834874672582,41833.520403804025],[-10361.845018810185,41711.77048206306],[-10345.663461567601,41631.50085485517],[-10380.609701521054,41400.03493967978],[-10461.417374138022,41425.4335493485],[-10435.859641075018,41545.85124609899],[-10427.813825549325,41654.22322306782],[-10435.944134948717,41864.27127033332],[-10434.811480429664,41960.45659511653],[-10433.758749848756,42028.41332788882],[-10410.79899564595,42096.3758878957],[-10401.722688694426,42150.004863381386],[-10407.066863496322,42154.78007334727],[-10469.603848267288,42179.18843973335],[-10451.991799271607,42265.20568216196],[-10433.287933778716,42271.57948916638],[-10411.390208502824,42306.09428147017],[-10357.959894460335,42341.14825780573],[-10303.451926109497,42350.19649210828],[-10265.522490734002,42372.50875440985],[-10240.413600309868,42410.2089566614],[-10210.491505974089,42426.66994522349],[-10182.171370615717,42427.73914498277],[-10179.504055078723,42462.779585929355],[-10156.012959650718,42542.429768457776],[-10150.138967437844,42557.83381550084],[-10132.506515466783,42565.79971399275],[-10001.306946518424,42567.16286641499],[-9827.80060705205,42526.06849081395],[-9605.051959402335,42491.65669412492],[-9343.114595697378,42432.78888142109],[-8950.241697729449,42421.78519963403],[-8866.293376157002,42411.80477104196],[-8642.432097975223,42422.99900602503],[-8521.549734711123,42435.26697902568],[-8458.83054926875,42324.08679215051],[-8481.210601645522,42300.72707018652],[-8455.455948519404,42261.80364760989],[-8523.721583090897,42225.08321538451],[-8581.947788186371,42295.13281816919],[-8618.887631641875,42290.66497094277],[-8566.252112678892,42209.50118877343],[-8627.79089746828,42149.43070155685],[-8653.541521068488,42176.11412709113],[-8640.121078421478,42200.58762026043],[-8690.510548140446,42262.84471591492],[-8743.1178359295,42256.14956038096],[-8664.7319760861,42148.30212944094],[-8683.74560972309,42120.49869971676],[-8669.196101780632,42099.373360162135],[-8710.60146189219,42083.79188208119],[-8792.348320063436,42212.76833696128],[-8848.322598139988,42246.10978428065],[-8893.08929373324,42218.29840725474],[-8927.80255197204,42256.09156028554],[-8988.240508165967,42238.28204831085],[-9028.54645428405,42271.63970898348],[-9064.361669779522,42269.39517101855],[-9127.053451163112,42297.18439990608],[-9141.60096121428,42277.15568766999],[-9306.155070970184,42334.93419646006],[-9348.691463280993,42338.26069417759],[-9353.155602078768,42322.69106877409],[-9397.935164265858,42337.14032940008],[-9419.195799609472,42294.87406799081],[-9483.000380755577,42318.20766041102],[-9490.840955621272,42340.44103231281],[-9512.102861332707,42339.329081742326],[-9522.171527913306,42321.53537303675],[-9584.855037895206,42322.62275490118],[-9593.819964350085,42341.52765848697],[-9636.352769320598,42332.61440089601],[-9653.108275701932,42239.19980035024],[-9712.439205574396,42245.85007945448],[-9710.229081128433,42349.27812868194],[-9762.838969228033,42351.48550621839],[-9799.722369962838,42186.89116684301],[-9885.924260207044,42205.76318621542],[-9855.728307131387,42296.97005834873],[-9842.308394316642,42364.80870908033],[-9906.117199072614,42365.90743944002],[-9906.106236760446,42326.97565744119],[-9976.615933502966,42339.196005654754],[-9979.991117591562,42374.77656878438],[-10007.971949580417,42371.42954292288],[-10015.79266637523,42323.61679088161],[-10056.088829594606,42325.82806531433],[-10066.153484930517,42292.466236253735],[-10085.175577314687,42291.34421874862],[-10100.849064604845,42271.32668096782],[-10012.421010050632,42261.33351082727],[-9966.51374117058,42237.99388504843],[-9972.10673516366,42194.62667295849],[-10039.254020375665,42176.8061630961],[-10094.103717949474,42177.90774750803],[-10054.911986792169,42140.1035611222],[-10070.575071563479,42082.270995420404],[-10073.920503995847,42050.02779216948],[-10029.118307645607,41954.39696247317],[-9837.701585269591,41916.63566770218],[-9900.290020812885,41577.43280048063],[-10212.60331901646,41635.17455280665],[-10219.03836824192,41472.32502619759]]]}},{"type":"Feature","id":"way/1107307271","properties":{"osm_ids":"way/1107307271","polygon":"","kind":"residential","town":"province rural","name":"Khu đô thị Cần Đăng","scope":"grounds","source":"https://www.openstreetmap.org/way/1107307271","estimate":"yes","notes":"Cached OSM osm_settlements.json; exact mapped geometry, not surveyed. Scope=grounds; do not expand to surrounding grounds.","area_m2":123981.6,"method":"OSM mapped polygon; semantic interpretation estimated","tags":{"landuse":"residential","name":"Khu đô thị Cần Đăng"}},"geometry":{"type":"Polygon","coordinates":[[[13509.803513606195,-12163.556971961632],[13554.372153881239,-12226.494374815607],[13581.467190849478,-12351.090044157114],[13391.421197367017,-12486.616222447949],[13365.748617826845,-12442.413171990309],[13282.179578128154,-12500.119908023626],[13136.453115884797,-12434.590150008677],[13197.089551413315,-12371.553774057887],[13152.493801087374,-12279.138496021042],[13175.377454507747,-12232.214071773458],[13173.977361293277,-12174.587280600099],[13165.811981753097,-12091.514043232659],[13214.339008111856,-12070.029394048499],[13236.010932785925,-12166.490805403097],[13346.57363553287,-12127.533204030013],[13430.18594482739,-12116.729238497792],[13509.803513606195,-12163.556971961632]]]}},{"type":"Feature","id":"way/1108261874","properties":{"osm_ids":"way/1108261874","polygon":"","kind":"religious","town":"Châu Đốc","name":"Chùa Huỳnh Đạo","scope":"grounds","source":"https://www.openstreetmap.org/way/1108261874","estimate":"yes","notes":"Cached OSM osm_settlements.json; exact mapped geometry, not surveyed. Scope=grounds; do not expand to surrounding grounds. Religion=buddhist; denomination=unknown.","area_m2":90056.9,"method":"OSM mapped polygon; semantic interpretation estimated","tags":{"amenity":"place_of_worship","layer":"-1","name":"Chùa Huỳnh Đạo","religion":"buddhist"}},"geometry":{"type":"Polygon","coordinates":[[[-9432.95523419528,12907.969953974942],[-9356.88130589854,12966.847532592248],[-9259.356966822234,13043.499918317655],[-9238.920077944698,13013.055397925433],[-9207.021866452182,12980.480302923359],[-9228.383886315743,12958.692033148836],[-9133.197346453206,12879.177328739082],[-9009.22223903943,12746.432881076587],[-9256.89147590322,12617.149048095103],[-9447.101397197752,12891.601757619297],[-9432.95523419528,12907.969953974942]]]}},{"type":"Feature","id":"way/1108263300","properties":{"osm_ids":"way/1108263300","polygon":"","kind":"religious","town":"province rural","name":"Chùa Thanh Lương","scope":"building","source":"https://www.openstreetmap.org/way/1108263300","estimate":"yes","notes":"Cached OSM osm_settlements.json; exact mapped geometry, not surveyed. Scope=building; do not expand to surrounding grounds. Religion=buddhist; denomination=unknown.","area_m2":1357.0,"method":"OSM mapped polygon; semantic interpretation estimated","tags":{"amenity":"place_of_worship","building":"yes","name":"Chùa Thanh Lương","religion":"buddhist"}},"geometry":{"type":"Polygon","coordinates":[[[-29297.82246322109,-8079.950766460039],[-29323.37648355658,-8091.0994607119355],[-29343.509247309412,-8049.1554435761645],[-29316.586929568963,-8036.271264595445],[-29297.82246322109,-8079.950766460039]]]}},{"type":"Feature","id":"way/1153950441","properties":{"osm_ids":"way/1153950441","polygon":"","kind":"religious","town":"Châu Đốc","name":"Chùa Huỳnh Đạo","scope":"building","source":"https://www.openstreetmap.org/way/1153950441","estimate":"yes","notes":"Cached OSM osm_settlements.json; exact mapped geometry, not surveyed. Scope=building; do not expand to surrounding grounds. Religion=buddhist; denomination=unknown.","area_m2":865.1,"method":"OSM mapped polygon; semantic interpretation estimated","tags":{"amenity":"place_of_worship","building":"yes","name":"Chùa Huỳnh Đạo","religion":"buddhist"}},"geometry":{"type":"Polygon","coordinates":[[[-9243.447009184805,12788.445490191225],[-9261.465813463088,12776.863687793491],[-9283.500446935475,12810.713255996583],[-9265.48165335611,12822.295046958607],[-9243.447009184805,12788.445490191225]]]}},{"type":"Feature","id":"way/1154060707","properties":{"osm_ids":"way/1154060707","polygon":"","kind":"religious","town":"Châu Đốc","name":"","scope":"building","source":"https://www.openstreetmap.org/way/1154060707","estimate":"yes","notes":"Cached OSM osm_settlements.json; exact mapped geometry, not surveyed. Scope=building; do not expand to surrounding grounds. Religion=buddhist; denomination=unknown.","area_m2":98.9,"method":"OSM mapped polygon; semantic interpretation estimated","tags":{"amenity":"place_of_worship","building":"yes","religion":"buddhist"}},"geometry":{"type":"Polygon","coordinates":[[[-9279.301088610955,12922.59861132945],[-9280.788018127321,12921.459321347065],[-9282.548503748432,12920.872793094022],[-9284.40758295817,12920.87224837998],[-9286.16841846105,12921.479858551174],[-9287.634140590962,12922.607226558262],[-9288.662555302493,12924.154882477596],[-9289.122381708468,12925.945955329342],[-9288.980754339485,12927.781431659823],[-9288.248557239363,12929.484398905654],[-9287.01321824675,12930.855808440596],[-9285.38405284565,12931.751889420906],[-9283.536007181974,12932.084135949379],[-9281.665908583382,12931.797206196003],[-9280.003417564614,12930.924203357194],[-9278.723532100383,12929.553530795034],[-9277.957526658312,12927.839945692802],[-9277.803881469066,12925.982442202047],[-9278.262651732774,12924.168986520264],[-9279.301088610955,12922.59861132945]]]}},{"type":"Feature","id":"way/1154060715","properties":{"osm_ids":"way/1154060715","polygon":"","kind":"religious","town":"Châu Đốc","name":"","scope":"building","source":"https://www.openstreetmap.org/way/1154060715","estimate":"yes","notes":"Cached OSM osm_settlements.json; exact mapped geometry, not surveyed. Scope=building; do not expand to surrounding grounds. Religion=buddhist; denomination=unknown.","area_m2":1281.4,"method":"OSM mapped polygon; semantic interpretation estimated","tags":{"amenity":"place_of_worship","building":"yes","religion":"buddhist"}},"geometry":{"type":"Polygon","coordinates":[[[-9279.279361134628,12773.851002861978],[-9302.240292688133,12759.26031514327],[-9327.732286539918,12798.858455269365],[-9304.771374416363,12813.460182966199],[-9279.279361134628,12773.851002861978]]]}},{"type":"Feature","id":"way/1154310937","properties":{"osm_ids":"way/1154310937","polygon":"","kind":"religious","town":"Châu Đốc","name":"","scope":"building","source":"https://www.openstreetmap.org/way/1154310937","estimate":"yes","notes":"Cached OSM osm_settlements.json; exact mapped geometry, not surveyed. Scope=building; do not expand to surrounding grounds. Religion=buddhist; denomination=unknown.","area_m2":62.7,"method":"OSM mapped polygon; semantic interpretation estimated","tags":{"amenity":"place_of_worship","building":"yes","religion":"buddhist"}},"geometry":{"type":"Polygon","coordinates":[[[-6323.316018459038,15494.96535875299],[-6321.937301278755,15492.566545553273],[-6323.214976365445,15488.07697199285],[-6325.313999378122,15486.804632183397],[-6329.513428626,15487.886603301624],[-6331.06710865465,15490.29640696221],[-6329.647430219222,15495.184081409825],[-6327.734267728694,15496.367895185016],[-6323.316018459038,15494.96535875299]]]}},{"type":"Feature","id":"way/1154310938","properties":{"osm_ids":"way/1154310938","polygon":"","kind":"religious","town":"Châu Đốc","name":"","scope":"building","source":"https://www.openstreetmap.org/way/1154310938","estimate":"yes","notes":"Cached OSM osm_settlements.json; exact mapped geometry, not surveyed. Scope=building; do not expand to surrounding grounds. Religion=buddhist; denomination=unknown.","area_m2":283.3,"method":"OSM mapped polygon; semantic interpretation estimated","tags":{"amenity":"place_of_worship","building":"yes","religion":"buddhist"}},"geometry":{"type":"Polygon","coordinates":[[[-6342.727429882507,15471.240989964223],[-6360.2733953226125,15459.09387703496],[-6367.89918471087,15469.959872860694],[-6350.342287329608,15482.106986091938],[-6342.727429882507,15471.240989964223]]]}},{"type":"Feature","id":"way/1154310950","properties":{"osm_ids":"way/1154310950","polygon":"","kind":"religious","town":"Châu Đốc","name":"Quan Đế Miếu","scope":"building","source":"https://www.openstreetmap.org/way/1154310950","estimate":"yes","notes":"Cached OSM osm_settlements.json; exact mapped geometry, not surveyed. Scope=building; do not expand to surrounding grounds. Religion=chinese_folk; denomination=unknown.","area_m2":390.2,"method":"OSM mapped polygon; semantic interpretation estimated","tags":{"amenity":"place_of_worship","building":"yes","name":"Quan Đế Miếu","name:zh-Hant":"關帝廟","religion":"chinese_folk"}},"geometry":{"type":"Polygon","coordinates":[[[-6111.730952448037,15679.55262102955],[-6131.430225871736,15665.668622717494],[-6140.839322738466,15678.844762948807],[-6121.140053264971,15692.728755909251],[-6111.730952448037,15679.55262102955]]]}},{"type":"Feature","id":"way/1154310956","properties":{"osm_ids":"way/1154310956","polygon":"","kind":"religious","town":"Châu Đốc","name":"Masjid Al Nia' Mah","scope":"building","source":"https://www.openstreetmap.org/way/1154310956","estimate":"yes","notes":"Cached OSM osm_settlements.json; exact mapped geometry, not surveyed. Scope=building; do not expand to surrounding grounds. Religion=muslim; denomination=unknown.","area_m2":553.7,"method":"OSM mapped polygon; semantic interpretation estimated","tags":{"amenity":"place_of_worship","building":"mosque","name":"Masjid Al Nia' Mah","religion":"muslim"}},"geometry":{"type":"Polygon","coordinates":[[[-4891.652614490944,16562.607369422447],[-4892.148254324682,16545.281036373693],[-4924.077668767655,16546.17416764307],[-4923.5820125324535,16563.500500035705],[-4891.652614490944,16562.607369422447]]]}},{"type":"Feature","id":"way/1159104276","properties":{"osm_ids":"way/1159104276","polygon":"","kind":"commercial","town":"Châu Đốc","name":"Chợ Vĩnh Nguơn","scope":"grounds","source":"https://www.openstreetmap.org/way/1159104276","estimate":"yes","notes":"Cached OSM osm_settlements.json; exact mapped geometry, not surveyed. Scope=grounds; do not expand to surrounding grounds.","area_m2":4883.4,"method":"OSM mapped polygon; semantic interpretation estimated","tags":{"landuse":"retail","name":"Chợ Vĩnh Nguơn"}},"geometry":{"type":"Polygon","coordinates":[[[-7075.483195689216,16520.531528012594],[-7044.503940748109,16485.945743432734],[-7127.155504149909,16415.98138319142],[-7155.477572470787,16450.424451616593],[-7075.483195689216,16520.531528012594]]]}},{"type":"Feature","id":"way/1159104279","properties":{"osm_ids":"way/1159104279","polygon":"","kind":"commercial","town":"Châu Đốc","name":"Trung tâm thương mại Khu du lịch Núi Sam","scope":"grounds","source":"https://www.openstreetmap.org/way/1159104279","estimate":"yes","notes":"Cached OSM osm_settlements.json; exact mapped geometry, not surveyed. Scope=grounds; do not expand to surrounding grounds.","area_m2":10382.8,"method":"OSM mapped polygon; semantic interpretation estimated","tags":{"landuse":"retail","name":"Trung tâm thương mại Khu du lịch Núi Sam"}},"geometry":{"type":"Polygon","coordinates":[[[-9714.237653798948,12374.475135549903],[-9793.811875685875,12311.38477267581],[-9857.842023538833,12391.108915904537],[-9778.278805134527,12454.188071616227],[-9714.237653798948,12374.475135549903]]]}},{"type":"Feature","id":"way/1159104300","properties":{"osm_ids":"way/1159104300","polygon":"","kind":"religious","town":"Châu Đốc","name":"","scope":"building","source":"https://www.openstreetmap.org/way/1159104300","estimate":"yes","notes":"Cached OSM osm_settlements.json; exact mapped geometry, not surveyed. Scope=building; do not expand to surrounding grounds. Religion=unknown; denomination=unknown.","area_m2":530.2,"method":"OSM mapped polygon; semantic interpretation estimated","tags":{"addr:district":"Châu Đốc","addr:province":"An Giang","addr:subdistrict":"Núi Sam","amenity":"place_of_worship","building":"yes"}},"geometry":{"type":"Polygon","coordinates":[[[-10388.063584168383,12406.192053979961],[-10398.895840788144,12386.010522186989],[-10419.348839755694,12396.840906748548],[-10408.505641447846,12417.033491717186],[-10388.063584168383,12406.192053979961]]]}},{"type":"Feature","id":"way/1159104301","properties":{"osm_ids":"way/1159104301","polygon":"","kind":"religious","town":"Châu Đốc","name":"Miếu Bà Chúa Xứ","scope":"building","source":"https://www.openstreetmap.org/way/1159104301","estimate":"yes","notes":"Cached OSM osm_settlements.json; exact mapped geometry, not surveyed. Scope=building; do not expand to surrounding grounds. Religion=unknown; denomination=unknown.","area_m2":716.7,"method":"OSM mapped polygon; semantic interpretation estimated","tags":{"addr:district":"Châu Đốc","addr:province":"An Giang","addr:subdistrict":"Núi Sam","amenity":"place_of_worship","building":"yes","name":"Miếu Bà Chúa Xứ"}},"geometry":{"type":"Polygon","coordinates":[[[-10398.895840788144,12386.010522186989],[-10398.305274688057,12385.911164191319],[-10411.082961474895,12361.184774012538],[-10434.018648991769,12372.865899103228],[-10421.240952842636,12397.603337517241],[-10419.348839755694,12396.840906748548],[-10398.895840788144,12386.010522186989]]]}},{"type":"Feature","id":"way/1159104315","properties":{"osm_ids":"way/1159104315","polygon":"","kind":"religious","town":"Châu Đốc","name":"Lăng Thoại Ngọc Hầu","scope":"building","source":"https://www.openstreetmap.org/way/1159104315","estimate":"yes","notes":"Cached OSM osm_settlements.json; exact mapped geometry, not surveyed. Scope=building; do not expand to surrounding grounds. Religion=unknown; denomination=unknown.","area_m2":357.9,"method":"OSM mapped polygon; semantic interpretation estimated","tags":{"addr:district":"Châu Đốc","addr:province":"An Giang","addr:subdistrict":"Núi Sam","amenity":"place_of_worship","building":"yes","name":"Lăng Thoại Ngọc Hầu"}},"geometry":{"type":"Polygon","coordinates":[[[-10537.291015458934,12347.043743741931],[-10549.294023614551,12328.807964200387],[-10563.042788982042,12337.738373578992],[-10551.039776654448,12355.974148301873],[-10537.291015458934,12347.043743741931]]]}},{"type":"Feature","id":"way/1159104317","properties":{"osm_ids":"way/1159104317","polygon":"","kind":"religious","town":"Châu Đốc","name":"Miếu Khổng Tử","scope":"building","source":"https://www.openstreetmap.org/way/1159104317","estimate":"yes","notes":"Cached OSM osm_settlements.json; exact mapped geometry, not surveyed. Scope=building; do not expand to surrounding grounds. Religion=unknown; denomination=unknown.","area_m2":79.3,"method":"OSM mapped polygon; semantic interpretation estimated","tags":{"amenity":"place_of_worship","building":"yes","name":"Miếu Khổng Tử"}},"geometry":{"type":"Polygon","coordinates":[[[-10547.85805177933,12401.263735308778],[-10552.963468864269,12394.761015517637],[-10560.543569673668,12400.652371335076],[-10555.438149215537,12407.144033169607],[-10547.85805177933,12401.263735308778]]]}},{"type":"Feature","id":"way/1159104318","properties":{"osm_ids":"way/1159104318","polygon":"","kind":"religious","town":"Châu Đốc","name":"Chùa Tây An","scope":"building","source":"https://www.openstreetmap.org/way/1159104318","estimate":"yes","notes":"Cached OSM osm_settlements.json; exact mapped geometry, not surveyed. Scope=building; do not expand to surrounding grounds. Religion=buddhist; denomination=unknown.","area_m2":727.7,"method":"OSM mapped polygon; semantic interpretation estimated","tags":{"addr:district":"Châu Đốc","addr:province":"An Giang","addr:subdistrict":"Núi Sam","alt_name":"Tây An Cổ Tự","amenity":"place_of_worship","building":"yes","name":"Chùa Tây An","religion":"buddhist"}},"geometry":{"type":"Polygon","coordinates":[[[-10307.94751208357,12283.183646600693],[-10334.395484444743,12259.780462123686],[-10348.146014055412,12275.134801862994],[-10321.708977414586,12298.52691611275],[-10307.94751208357,12283.183646600693]]]}},{"type":"Feature","id":"way/1159104320","properties":{"osm_ids":"way/1159104320","polygon":"","kind":"religious","town":"Châu Đốc","name":"","scope":"building","source":"https://www.openstreetmap.org/way/1159104320","estimate":"yes","notes":"Cached OSM osm_settlements.json; exact mapped geometry, not surveyed. Scope=building; do not expand to surrounding grounds. Religion=unknown; denomination=unknown.","area_m2":227.0,"method":"OSM mapped polygon; semantic interpretation estimated","tags":{"amenity":"place_of_worship","building":"yes"}},"geometry":{"type":"Polygon","coordinates":[[[-10331.211236992618,12294.36705863243],[-10342.265066607972,12285.087485935772],[-10352.449579141743,12297.070427290862],[-10341.384814747376,12306.349999589846],[-10331.211236992618,12294.36705863243]]]}},{"type":"Feature","id":"way/1159104339","properties":{"osm_ids":"way/1159104339","polygon":"","kind":"commercial","town":"Tịnh Biên","name":"Chợ Nhà Bàng","scope":"grounds","source":"https://www.openstreetmap.org/way/1159104339","estimate":"yes","notes":"Cached OSM osm_settlements.json; exact mapped geometry, not surveyed. Scope=grounds; do not expand to surrounding grounds.","area_m2":3578.3,"method":"OSM mapped polygon; semantic interpretation estimated","tags":{"landuse":"retail","name":"Chợ Nhà Bàng"}},"geometry":{"type":"Polygon","coordinates":[[[-19104.07165429456,5436.623172515072],[-19075.041664080345,5402.269853253383],[-18981.136762329377,5286.251548870932],[-18995.586076929874,5275.249975981889],[-19104.673191746697,5410.064797980245],[-19118.510009992984,5427.4017916733865],[-19110.087654734903,5441.9967516406905],[-19104.07165429456,5436.623172515072]]]}},{"type":"Feature","id":"way/1159194118","properties":{"osm_ids":"way/1159194118","polygon":"","kind":"religious","town":"Châu Đốc","name":"Chùa Một Cột Núi Sam","scope":"building","source":"https://www.openstreetmap.org/way/1159194118","estimate":"yes","notes":"Cached OSM osm_settlements.json; exact mapped geometry, not surveyed. Scope=building; do not expand to surrounding grounds. Religion=buddhist; denomination=unknown.","area_m2":93.9,"method":"OSM mapped polygon; semantic interpretation estimated","tags":{"amenity":"place_of_worship","building":"yes","layer":"1","name":"Chùa Một Cột Núi Sam","religion":"buddhist"}},"geometry":{"type":"Polygon","coordinates":[[[-10539.331457588472,12671.229493177962],[-10542.270715719205,12661.520843424601],[-10546.7438165223,12662.857576609822],[-10551.14036326384,12664.18327310821],[-10548.201100003149,12673.880865257699],[-10539.331457588472,12671.229493177962]]]}},{"type":"Feature","id":"way/1159194120","properties":{"osm_ids":"way/1159194120","polygon":"","kind":"religious","town":"Châu Đốc","name":"","scope":"building","source":"https://www.openstreetmap.org/way/1159194120","estimate":"yes","notes":"Cached OSM osm_settlements.json; exact mapped geometry, not surveyed. Scope=building; do not expand to surrounding grounds. Religion=unknown; denomination=unknown.","area_m2":58.6,"method":"OSM mapped polygon; semantic interpretation estimated","tags":{"amenity":"place_of_worship","building":"yes"}},"geometry":{"type":"Polygon","coordinates":[[[-10631.793105370656,12754.242775410414],[-10634.514334840584,12747.176771336468],[-10641.743603063514,12749.928094385425],[-10639.022372312204,12756.994097879622],[-10631.793105370656,12754.242775410414]]]}},{"type":"Feature","id":"way/1159194121","properties":{"osm_ids":"way/1159194121","polygon":"","kind":"religious","town":"Châu Đốc","name":"","scope":"building","source":"https://www.openstreetmap.org/way/1159194121","estimate":"yes","notes":"Cached OSM osm_settlements.json; exact mapped geometry, not surveyed. Scope=building; do not expand to surrounding grounds. Religion=unknown; denomination=unknown.","area_m2":58.6,"method":"OSM mapped polygon; semantic interpretation estimated","tags":{"amenity":"place_of_worship","building":"yes"}},"geometry":{"type":"Polygon","coordinates":[[[-10642.055026562244,12727.316794741899],[-10644.776260383194,12720.250791635597],[-10652.005533496384,12723.00211687223],[-10649.284298394108,12730.068119399017],[-10642.055026562244,12727.316794741899]]]}},{"type":"Feature","id":"way/1159194122","properties":{"osm_ids":"way/1159194122","polygon":"","kind":"religious","town":"Châu Đốc","name":"Điện Dược Sư","scope":"building","source":"https://www.openstreetmap.org/way/1159194122","estimate":"yes","notes":"Cached OSM osm_settlements.json; exact mapped geometry, not surveyed. Scope=building; do not expand to surrounding grounds. Religion=buddhist; denomination=unknown.","area_m2":231.5,"method":"OSM mapped polygon; semantic interpretation estimated","tags":{"amenity":"place_of_worship","building":"yes","name":"Điện Dược Sư","religion":"buddhist"}},"geometry":{"type":"Polygon","coordinates":[[[-10633.212662577396,12745.949792323634],[-10640.250686255284,12727.593671630137],[-10651.26410864148,12731.759314727737],[-10644.226079882996,12750.115433135536],[-10633.212662577396,12745.949792323634]]]}},{"type":"Feature","id":"way/1159691512","properties":{"osm_ids":"way/1159691512","polygon":"","kind":"religious","town":"Long Xuyên","name":"Đình thần An Hòa","scope":"building","source":"https://www.openstreetmap.org/way/1159691512","estimate":"yes","notes":"Cached OSM osm_settlements.json; exact mapped geometry, not surveyed. Scope=building; do not expand to surrounding grounds. Religion=unknown; denomination=unknown.","area_m2":744.2,"method":"OSM mapped polygon; semantic interpretation estimated","tags":{"addr:city":"Xã Hòa An","addr:district":"Chợ Mới","addr:province":"An Giang","addr:subdistrict":"Hòa An","amenity":"place_of_worship","building":"yes","name":"Đình thần An Hòa"}},"geometry":{"type":"Polygon","coordinates":[[[33657.04584683408,-21944.14776080032],[33625.52469106892,-21977.642970225308],[33613.67400291411,-21966.63710498484],[33645.18419508694,-21933.130865767598],[33657.04584683408,-21944.14776080032]]]}},{"type":"Feature","id":"way/1159707855","properties":{"osm_ids":"way/1159707855","polygon":"","kind":"commercial","town":"province rural","name":"Trung tâm Thương mại Mỹ Luông","scope":"grounds","source":"https://www.openstreetmap.org/way/1159707855","estimate":"yes","notes":"Cached OSM osm_settlements.json; exact mapped geometry, not surveyed. Scope=grounds; do not expand to surrounding grounds.","area_m2":3392.1,"method":"OSM mapped polygon; semantic interpretation estimated","tags":{"landuse":"retail","name":"Trung tâm Thương mại Mỹ Luông"}},"geometry":{"type":"Polygon","coordinates":[[[34437.904763117316,-6751.221980175469],[34397.170670653344,-6817.451208081329],[34343.709945621784,-6778.060636978596],[34417.708676264505,-6739.577176915016],[34437.904763117316,-6751.221980175469]]]}},{"type":"Feature","id":"way/1159707872","properties":{"osm_ids":"way/1159707872","polygon":"","kind":"religious","town":"Chợ Mới","name":"Dinh Nguyễn Hữu Cảnh","scope":"building","source":"https://www.openstreetmap.org/way/1159707872","estimate":"yes","notes":"Cached OSM osm_settlements.json; exact mapped geometry, not surveyed. Scope=building; do not expand to surrounding grounds. Religion=unknown; denomination=unknown.","area_m2":847.8,"method":"OSM mapped polygon; semantic interpretation estimated","tags":{"addr:city":"Thị trấn Chợ Mới","addr:district":"Chợ Mới","addr:province":"An Giang","addr:subdistrict":"TT. Chợ Mới","amenity":"place_of_worship","building":"yes","name":"Dinh Nguyễn Hữu Cảnh"}},"geometry":{"type":"Polygon","coordinates":[[[23960.662097959896,-1982.0688844483811],[23974.556290884386,-1981.5648614389356],[23976.028865800006,-2021.4345156343188],[23954.37797425664,-2022.2247392304707],[23954.219340888434,-2017.8905986708123],[23950.29774032766,-2014.0919355363585],[23947.650177600444,-2014.1837275165599],[23947.21975691605,-2002.541258346755],[23950.18458797224,-2002.4380095880479],[23949.992296765908,-1997.4404919310473],[23961.2170529376,-1997.0282941518817],[23960.662097959896,-1982.0688844483811]]]}},{"type":"Feature","id":"way/1159707901","properties":{"osm_ids":"way/1159707901","polygon":"","kind":"commercial","town":"Phú Tân","name":"","scope":"grounds","source":"https://www.openstreetmap.org/way/1159707901","estimate":"yes","notes":"Cached OSM osm_settlements.json; exact mapped geometry, not surveyed. Scope=grounds; do not expand to surrounding grounds.","area_m2":23315.0,"method":"OSM mapped polygon; semantic interpretation estimated","tags":{"landuse":"retail"}},"geometry":{"type":"Polygon","coordinates":[[[19999.344530174392,1804.3215768174268],[20020.80337362038,1703.5619559634943],[19799.33004047838,1657.0016217688099],[19777.882758327294,1757.7724280608818],[19999.344530174392,1804.3215768174268]]]}},{"type":"Feature","id":"way/1159707906","properties":{"osm_ids":"way/1159707906","polygon":"","kind":"religious","town":"Phú Tân","name":"An Hòa Tự","scope":"building","source":"https://www.openstreetmap.org/way/1159707906","estimate":"yes","notes":"Cached OSM osm_settlements.json; exact mapped geometry, not surveyed. Scope=building; do not expand to surrounding grounds. Religion=unknown; denomination=unknown.","area_m2":582.0,"method":"OSM mapped polygon; semantic interpretation estimated","tags":{"addr:city":"Thị trấn Phú Mỹ","addr:district":"Phú Tân","addr:province":"An Giang","addr:subdistrict":"Phú Mỹ","amenity":"place_of_worship","building":"yes","name":"An Hòa Tự"}},"geometry":{"type":"Polygon","coordinates":[[[19633.67193073081,810.3139032449108],[19643.63182879868,777.3865467230789],[19627.424433640088,772.5472880136222],[19617.925770337926,803.9382555535994],[19617.453610262834,805.4746362746228],[19633.67193073081,810.3139032449108]]]}},{"type":"Feature","id":"way/1159707915","properties":{"osm_ids":"way/1159707915","polygon":"","kind":"religious","town":"Phú Tân","name":"Đình thần Phú Mỹ","scope":"building","source":"https://www.openstreetmap.org/way/1159707915","estimate":"yes","notes":"Cached OSM osm_settlements.json; exact mapped geometry, not surveyed. Scope=building; do not expand to surrounding grounds. Religion=unknown; denomination=unknown.","area_m2":807.5,"method":"OSM mapped polygon; semantic interpretation estimated","tags":{"addr:city":"Thị trấn Phú Mỹ","addr:district":"Phú Tân","addr:province":"An Giang","addr:subdistrict":"Phú Mỹ","amenity":"place_of_worship","building":"yes","name":"Đình thần Phú Mỹ"}},"geometry":{"type":"Polygon","coordinates":[[[20388.971442130744,1027.3998825557064],[20406.437779822387,1012.4379402012564],[20398.189247003756,1002.9304399890825],[20405.559064382804,996.6143991544377],[20395.169171723188,984.6497699161991],[20370.3439537955,1005.9277774468064],[20388.971442130744,1027.3998825557064]]]}},{"type":"Feature","id":"way/1159707916","properties":{"osm_ids":"way/1159707916","polygon":"","kind":"religious","town":"province rural","name":"Đình Chợ Thủ","scope":"building","source":"https://www.openstreetmap.org/way/1159707916","estimate":"yes","notes":"Cached OSM osm_settlements.json; exact mapped geometry, not surveyed. Scope=building; do not expand to surrounding grounds. Religion=unknown; denomination=unknown.","area_m2":566.1,"method":"OSM mapped polygon; semantic interpretation estimated","tags":{"addr:city":"Xã Long Điền A","addr:district":"Chợ Mới","addr:province":"An Giang","addr:subdistrict":"Long Điền A","amenity":"place_of_worship","building":"yes","name":"Đình Chợ Thủ"}},"geometry":{"type":"Polygon","coordinates":[[[32071.69826531317,-3733.186313526705],[32082.655990715255,-3744.050104430644],[32056.65393998928,-3769.929392605787],[32045.69619878533,-3759.054536486976],[32071.69826531317,-3733.186313526705]]]}},{"type":"Feature","id":"way/1160002129","properties":{"osm_ids":"way/1160002129","polygon":"","kind":"religious","town":"province rural","name":"Chùa Ông Đạo Nằm","scope":"building","source":"https://www.openstreetmap.org/way/1160002129","estimate":"yes","notes":"Cached OSM osm_settlements.json; exact mapped geometry, not surveyed. Scope=building; do not expand to surrounding grounds. Religion=buddhist; denomination=unknown.","area_m2":1802.8,"method":"OSM mapped polygon; semantic interpretation estimated","tags":{"addr:city":"Xã Tấn Mỹ","addr:district":"Chợ Mới","addr:province":"An Giang","addr:subdistrict":"Tấn Mỹ","alt_name":"Thành Hoa Tự","amenity":"place_of_worship","building":"yes","name":"Chùa Ông Đạo Nằm","religion":"buddhist"}},"geometry":{"type":"Polygon","coordinates":[[[34837.29128976457,-5378.452892657369],[34843.06986630219,-5400.060468149139],[34765.15098139283,-5420.616547302576],[34759.3724343176,-5398.997903949115],[34837.29128976457,-5378.452892657369]]]}},{"type":"Feature","id":"way/1160002148","properties":{"osm_ids":"way/1160002148","polygon":"","kind":"commercial","town":"province rural","name":"Chợ Cái Tàu Thượng","scope":"grounds","source":"https://www.openstreetmap.org/way/1160002148","estimate":"yes","notes":"Cached OSM osm_settlements.json; exact mapped geometry, not surveyed. Scope=grounds; do not expand to surrounding grounds.","area_m2":5003.3,"method":"OSM mapped polygon; semantic interpretation estimated","tags":{"landuse":"retail","name":"Chợ Cái Tàu Thượng"}},"geometry":{"type":"Polygon","coordinates":[[[41056.350971031585,-14941.872357240878],[41096.48500825104,-14965.896058862563],[41005.44945256307,-15045.223683604272],[40977.17419642024,-15011.559546797536],[41056.350971031585,-14941.872357240878]]]}},{"type":"Feature","id":"way/1160002152","properties":{"osm_ids":"way/1160002152","polygon":"","kind":"religious","town":"province rural","name":"Đình thần Hội An","scope":"building","source":"https://www.openstreetmap.org/way/1160002152","estimate":"yes","notes":"Cached OSM osm_settlements.json; exact mapped geometry, not surveyed. Scope=building; do not expand to surrounding grounds. Religion=unknown; denomination=unknown.","area_m2":751.8,"method":"OSM mapped polygon; semantic interpretation estimated","tags":{"addr:city":"Thị trấn Hội An","addr:district":"Chợ Mới","addr:province":"An Giang","addr:subdistrict":"Hội An","amenity":"place_of_worship","building":"yes","name":"Đình thần Hội An"}},"geometry":{"type":"Polygon","coordinates":[[[39920.385236099246,-13853.065004835371],[39888.97557313135,-13879.854840689572],[39877.06596307829,-13866.075858423952],[39908.48656639992,-13839.286014311481],[39920.385236099246,-13853.065004835371]]]}},{"type":"Feature","id":"way/1176733782","properties":{"osm_ids":"way/1176733782","polygon":"","kind":"religious","town":"province rural","name":"Chùa Phi Lai","scope":"building","source":"https://www.openstreetmap.org/way/1176733782","estimate":"yes","notes":"Cached OSM osm_settlements.json; exact mapped geometry, not surveyed. Scope=building; do not expand to surrounding grounds. Religion=buddhist; denomination=unknown.","area_m2":2455.2,"method":"OSM mapped polygon; semantic interpretation estimated","tags":{"amenity":"place_of_worship","building":"yes","name":"Chùa Phi Lai","religion":"buddhist"}},"geometry":{"type":"Polygon","coordinates":[[[-29135.980297059228,-7768.287339024013],[-29212.01592681097,-7832.714795241132],[-29228.150717341574,-7814.632375062909],[-29154.467797697114,-7750.502803173149],[-29135.980297059228,-7768.287339024013]]]}},{"type":"Feature","id":"way/1176733784","properties":{"osm_ids":"way/1176733784","polygon":"","kind":"religious","town":"province rural","name":"Chùa Tam Bửu","scope":"building","source":"https://www.openstreetmap.org/way/1176733784","estimate":"yes","notes":"Cached OSM osm_settlements.json; exact mapped geometry, not surveyed. Scope=building; do not expand to surrounding grounds. Religion=buddhist; denomination=unknown.","area_m2":1421.4,"method":"OSM mapped polygon; semantic interpretation estimated","tags":{"addr:district":"Tri Tôn","addr:province":"An Giang","addr:street":"TL. 955B","addr:subdistrict":"Ba Chúc","amenity":"place_of_worship","building":"yes","name":"Chùa Tam Bửu","religion":"buddhist"}},"geometry":{"type":"Polygon","coordinates":[[[-29260.378452569654,-7934.654542548582],[-29281.34844296408,-7986.426943055587],[-29305.100733234955,-7973.472563384334],[-29284.39445000532,-7925.503605817445],[-29260.378452569654,-7934.654542548582]]]}},{"type":"Feature","id":"way/1176733792","properties":{"osm_ids":"way/1176733792","polygon":"","kind":"religious","town":"province rural","name":"Đình thần Cầu Dài","scope":"building","source":"https://www.openstreetmap.org/way/1176733792","estimate":"yes","notes":"Cached OSM osm_settlements.json; exact mapped geometry, not surveyed. Scope=building; do not expand to surrounding grounds. Religion=vietnamese_folk; denomination=unknown.","area_m2":1273.2,"method":"OSM mapped polygon; semantic interpretation estimated","tags":{"amenity":"place_of_worship","building":"pavilion","name":"Đình thần Cầu Dài","religion":"vietnamese_folk"}},"geometry":{"type":"Polygon","coordinates":[[[-40380.739755176124,-6896.136797064915],[-40379.99112628051,-6924.232486976311],[-40423.7498438062,-6925.742368508363],[-40426.82888675388,-6897.269307138398],[-40380.739755176124,-6896.136797064915]]]}},{"type":"Feature","id":"way/1176733807","properties":{"osm_ids":"way/1176733807","polygon":"","kind":"religious","town":"province rural","name":"Chùa Lục Linh","scope":"building","source":"https://www.openstreetmap.org/way/1176733807","estimate":"yes","notes":"Cached OSM osm_settlements.json; exact mapped geometry, not surveyed. Scope=building; do not expand to surrounding grounds. Religion=buddhist; denomination=unknown.","area_m2":2552.2,"method":"OSM mapped polygon; semantic interpretation estimated","tags":{"amenity":"place_of_worship","building":"yes","name":"Chùa Lục Linh","religion":"buddhist"}},"geometry":{"type":"Polygon","coordinates":[[[-42047.555388231296,-6820.8223985855],[-42016.89142005739,-6864.163209717022],[-42062.27382367448,-6888.435818863334],[-42088.046029117424,-6844.2247419185005],[-42047.555388231296,-6820.8223985855]]]}},{"type":"Feature","id":"way/1176733808","properties":{"osm_ids":"way/1176733808","polygon":"","kind":"religious","town":"province rural","name":"Đình thần Vĩnh Gia","scope":"building","source":"https://www.openstreetmap.org/way/1176733808","estimate":"yes","notes":"Cached OSM osm_settlements.json; exact mapped geometry, not surveyed. Scope=building; do not expand to surrounding grounds. Religion=vietnamese_folk; denomination=unknown.","area_m2":468.8,"method":"OSM mapped polygon; semantic interpretation estimated","tags":{"amenity":"place_of_worship","building":"yes","name":"Đình thần Vĩnh Gia","religion":"vietnamese_folk"}},"geometry":{"type":"Polygon","coordinates":[[[-41967.544303550676,-6933.344993714243],[-41966.22016887204,-6966.1734215912875],[-41978.69471702917,-6966.828558818204],[-41983.728689590294,-6934.67213300406],[-41967.544303550676,-6933.344993714243]]]}},{"type":"Feature","id":"way/1176760615","properties":{"osm_ids":"way/1176760615","polygon":"","kind":"religious","town":"Tri Tôn","name":"Chùa Tà Pạ","scope":"building","source":"https://www.openstreetmap.org/way/1176760615","estimate":"yes","notes":"Cached OSM osm_settlements.json; exact mapped geometry, not surveyed. Scope=building; do not expand to surrounding grounds. Religion=buddhist; denomination=unknown.","area_m2":9901.8,"method":"OSM mapped polygon; semantic interpretation estimated","tags":{"amenity":"place_of_worship","building":"yes","layer":"-1","name":"Chùa Tà Pạ","religion":"buddhist"}},"geometry":{"type":"Polygon","coordinates":[[[-19938.459135292913,-17078.068433169276],[-19921.428244680632,-17080.412805994274],[-19908.51333434612,-17108.408473703545],[-19892.66435675812,-17102.57089910307],[-19882.682651570707,-17124.73965112958],[-19912.629556370724,-17145.160635564476],[-19920.258667504997,-17154.492272487143],[-19933.17439237924,-17163.823793819407],[-19953.138757878798,-17164.995359624503],[-19960.187309750472,-17153.330454866402],[-19978.389480571903,-17155.076990469126],[-20005.98281299573,-17158.570243081776],[-20027.117934300855,-17143.411091754213],[-20034.75770616508,-17139.90595244267],[-20035.33715085889,-17113.07148980815],[-20030.641156051715,-17094.994009567425],[-20019.48781235289,-17093.23627551878],[-20005.401299014862,-17099.07451455132],[-19995.41853339458,-17072.826302254573],[-19982.491960786923,-17066.988700040616],[-19938.459135292913,-17078.068433169276]]]}},{"type":"Feature","id":"way/1182462619","properties":{"osm_ids":"way/1182462619","polygon":"","kind":"religious","town":"province rural","name":"Linh Sơn cổ tự","scope":"building","source":"https://www.openstreetmap.org/way/1182462619","estimate":"yes","notes":"Cached OSM osm_settlements.json; exact mapped geometry, not surveyed. Scope=building; do not expand to surrounding grounds. Religion=buddhist; denomination=unknown.","area_m2":13704.0,"method":"OSM mapped polygon; semantic interpretation estimated","tags":{"amenity":"place_of_worship","building":"yes","name":"Linh Sơn cổ tự","religion":"buddhist"}},"geometry":{"type":"Polygon","coordinates":[[[-2127.9045333242975,-35781.82236457802],[-2156.0704181839246,-35851.29327127198],[-2295.3308727520052,-35796.48652105266],[-2239.5721779930755,-35694.905293340096],[-2127.9045333242975,-35781.82236457802]]]}},{"type":"Feature","id":"way/1182462621","properties":{"osm_ids":"way/1182462621","polygon":"","kind":"religious","town":"province rural","name":"Chùa Sơn Tiên","scope":"building","source":"https://www.openstreetmap.org/way/1182462621","estimate":"yes","notes":"Cached OSM osm_settlements.json; exact mapped geometry, not surveyed. Scope=building; do not expand to surrounding grounds. Religion=buddhist; denomination=unknown.","area_m2":4324.6,"method":"OSM mapped polygon; semantic interpretation estimated","tags":{"amenity":"place_of_worship","building":"yes","name":"Chùa Sơn Tiên","religion":"buddhist"}},"geometry":{"type":"Polygon","coordinates":[[[-3291.1223570447764,-35756.858156164875],[-3281.0023774032015,-35759.197584441165],[-3273.2366037654574,-35762.21252155374],[-3267.495447102876,-35768.23575310712],[-3264.7967569010216,-35778.627695492],[-3261.0808089840575,-35786.34349256172],[-3253.6525483197183,-35793.714859789005],[-3244.8777379947715,-35800.07947070594],[-3235.0829453482875,-35809.79375397484],[-3228.6690433913027,-35826.22089170781],[-3235.4090969303506,-35839.292785398895],[-3242.832524464291,-35842.646276329644],[-3255.315123144421,-35846.676500147674],[-3262.063204861479,-35841.991568020545],[-3271.180538175453,-35828.915779708885],[-3277.601587904501,-35820.88056155061],[-3284.0097249539103,-35817.19056175812],[-3294.1297209648765,-35814.85113246599],[-3300.5491050918936,-35810.49774158327],[-3306.9581435149885,-35804.795445421245],[-3309.326475182257,-35798.427936753724],[-3312.024098971742,-35790.3799800165],[-3316.758494858921,-35782.67569243349],[-3319.4552107772906,-35776.64002736076],[-3320.476687564049,-35769.94021554268],[-3318.1143920717877,-35762.89612871548],[-3309.6839154282934,-35758.53605380817],[-3302.2594442093396,-35757.52656546282],[-3291.1223570447764,-35756.858156164875]]]}},{"type":"Feature","id":"way/1182478962","properties":{"osm_ids":"way/1182478962","polygon":"","kind":"religious","town":"province rural","name":"Chùa Ba Thê","scope":"building","source":"https://www.openstreetmap.org/way/1182478962","estimate":"yes","notes":"Cached OSM osm_settlements.json; exact mapped geometry, not surveyed. Scope=building; do not expand to surrounding grounds. Religion=buddhist; denomination=unknown.","area_m2":15615.1,"method":"OSM mapped polygon; semantic interpretation estimated","tags":{"amenity":"place_of_worship","building":"yes","name":"Chùa Ba Thê","religion":"buddhist"}},"geometry":{"type":"Polygon","coordinates":[[[-2364.477198945591,-34946.5243934812],[-2392.0487764765858,-34998.724513361696],[-2355.5415465012775,-35014.62855328643],[-2363.5426818194683,-35046.044065088034],[-2399.1582770633977,-35039.869366666535],[-2428.501117184176,-35121.27067526104],[-2492.1778999074595,-35105.368377757026],[-2459.3093955833465,-34930.19474860467],[-2364.477198945591,-34946.5243934812]]]}},{"type":"Feature","id":"way/1189393345","properties":{"osm_ids":"way/1189393345","polygon":"","kind":"religious","town":"Châu Đốc","name":"Bệ đá Bà Ngự","scope":"building","source":"https://www.openstreetmap.org/way/1189393345","estimate":"yes","notes":"Cached OSM osm_settlements.json; exact mapped geometry, not surveyed. Scope=building; do not expand to surrounding grounds. Religion=unknown; denomination=unknown.","area_m2":180.9,"method":"OSM mapped polygon; semantic interpretation estimated","tags":{"amenity":"place_of_worship","building":"yes","name":"Bệ đá Bà Ngự"}},"geometry":{"type":"Polygon","coordinates":[[[-10798.652591077785,11875.957060700515],[-10813.653201916663,11860.960289112525],[-10819.72421902453,11866.951586711686],[-10804.723608190485,11881.94835565798],[-10798.652591077785,11875.957060700515]]]}},{"type":"Feature","id":"way/1189393346","properties":{"osm_ids":"way/1189393346","polygon":"","kind":"religious","town":"Châu Đốc","name":"Chùa Long Sơn","scope":"building","source":"https://www.openstreetmap.org/way/1189393346","estimate":"yes","notes":"Cached OSM osm_settlements.json; exact mapped geometry, not surveyed. Scope=building; do not expand to surrounding grounds. Religion=buddhist; denomination=unknown.","area_m2":6362.3,"method":"OSM mapped polygon; semantic interpretation estimated","tags":{"amenity":"place_of_worship","building":"yes","name":"Chùa Long Sơn","religion":"buddhist"}},"geometry":{"type":"Polygon","coordinates":[[[-10680.826779619907,11396.098176967818],[-10659.41132658301,11387.070141250268],[-10650.6044083804,11374.246446499601],[-10657.34833406948,11359.384376293281],[-10675.234853198752,11338.681501359912],[-10685.206680391682,11330.51906011696],[-10700.166842028382,11327.894838932203],[-10714.832454417075,11328.178642438492],[-10766.46745018108,11347.692106499104],[-10739.787520806363,11409.782814419828],[-10680.826779619907,11396.098176967818]]]}},{"type":"Feature","id":"way/1189409894","properties":{"osm_ids":"way/1189409894","polygon":"","kind":"religious","town":"Châu Đốc","name":"Chùa Hang","scope":"building","source":"https://www.openstreetmap.org/way/1189409894","estimate":"yes","notes":"Cached OSM osm_settlements.json; exact mapped geometry, not surveyed. Scope=building; do not expand to surrounding grounds. Religion=buddhist; denomination=unknown.","area_m2":14613.8,"method":"OSM mapped polygon; semantic interpretation estimated","tags":{"amenity":"place_of_worship","building":"yes","layer":"1","name":"Chùa Hang","religion":"buddhist"}},"geometry":{"type":"Polygon","coordinates":[[[-11080.584531631786,11873.533231733833],[-11054.797008085181,11872.65487414319],[-11044.120933956467,11862.496219522785],[-11042.777694303077,11824.958621655824],[-11257.501656535664,11750.251941071125],[-11275.285048722115,11755.54399707308],[-11279.292215736874,11774.980957053602],[-11277.526140881004,11798.841996439034],[-11260.633562815608,11814.745662854053],[-11245.51078422356,11822.699065695982],[-11080.584531631786,11873.533231733833]]]}},{"type":"Feature","id":"way/1236482281","properties":{"osm_ids":"way/1236482281","polygon":"","kind":"commercial","town":"Long Xuyên","name":"Báo An Giang","scope":"grounds","source":"https://www.openstreetmap.org/way/1236482281","estimate":"yes","notes":"Cached OSM osm_settlements.json; exact mapped geometry, not surveyed. Scope=grounds; do not expand to surrounding grounds.","area_m2":2083.2,"method":"OSM mapped polygon; semantic interpretation estimated","tags":{"addr:housenumber":"399B","addr:postcode":"90016","addr:street":"Hà Hoàng Hổ","landuse":"commercial","name":"Báo An Giang","office":"newspaper"}},"geometry":{"type":"Polygon","coordinates":[[[28792.32444269827,-21196.816234330414],[28793.19701454905,-21210.392945520114],[28795.40103280556,-21236.893376247026],[28796.353167318972,-21244.654030931182],[28803.55585472565,-21244.345567448763],[28804.745283696102,-21257.479564213427],[28797.55674029875,-21260.109964178875],[28797.844987769844,-21262.741116914665],[28778.778487125994,-21272.97293488914],[28776.298410926713,-21268.5756920625],[28771.72302079259,-21268.902645071503],[28767.293012497015,-21247.613094820408],[28764.872721525026,-21199.187064128928],[28792.32444269827,-21196.816234330414]]]}},{"type":"Feature","id":"way/1236754733","properties":{"osm_ids":"way/1236754733","polygon":"","kind":"commercial","town":"Long Xuyên","name":"","scope":"grounds","source":"https://www.openstreetmap.org/way/1236754733","estimate":"yes","notes":"Cached OSM osm_settlements.json; exact mapped geometry, not surveyed. Scope=grounds; do not expand to surrounding grounds.","area_m2":1128.3,"method":"OSM mapped polygon; semantic interpretation estimated","tags":{"landuse":"commercial"}},"geometry":{"type":"Polygon","coordinates":[[[28204.54871032317,-20103.117985919584],[28184.72209934902,-20117.507946494967],[28156.264910749276,-20096.32843796583],[28167.68350452499,-20081.187012740877],[28179.84312781808,-20071.63938156399],[28204.54871032317,-20103.117985919584]]]}},{"type":"Feature","id":"way/1236881276","properties":{"osm_ids":"way/1236881276","polygon":"","kind":"commercial","town":"Chợ Mới","name":"","scope":"grounds","source":"https://www.openstreetmap.org/way/1236881276","estimate":"yes","notes":"Cached OSM osm_settlements.json; exact mapped geometry, not surveyed. Scope=grounds; do not expand to surrounding grounds.","area_m2":1219.6,"method":"OSM mapped polygon; semantic interpretation estimated","tags":{"landuse":"commercial"}},"geometry":{"type":"Polygon","coordinates":[[[24862.77320151683,-2183.9043941055425],[24859.793795856414,-2198.2049295224715],[24856.935050027678,-2212.7485632768366],[24853.725439573755,-2226.7066268331837],[24824.998435686342,-2221.1487222912256],[24834.454924559337,-2181.3645340648945],[24862.77320151683,-2183.9043941055425]]]}},{"type":"Feature","id":"way/1250983169","properties":{"osm_ids":"way/1250983169","polygon":"","kind":"religious","town":"province rural","name":"Chùa Bửu Lâm Tự","scope":"building","source":"https://www.openstreetmap.org/way/1250983169","estimate":"yes","notes":"Cached OSM osm_settlements.json; exact mapped geometry, not surveyed. Scope=building; do not expand to surrounding grounds. Religion=buddhist; denomination=unknown.","area_m2":3461.5,"method":"OSM mapped polygon; semantic interpretation estimated","tags":{"amenity":"place_of_worship","building":"yes","name":"Chùa Bửu Lâm Tự","religion":"buddhist"}},"geometry":{"type":"Polygon","coordinates":[[[17078.67646380246,16495.205724903848],[17082.53520373185,16486.1983983845],[17109.269000662258,16477.66904921434],[17111.65297385375,16467.344350090018],[17087.05077893054,16425.721297904616],[17043.69544288155,16434.81880849786],[17048.975486526033,16497.175086289877],[17078.67646380246,16495.205724903848]]]}},{"type":"Feature","id":"way/1250983173","properties":{"osm_ids":"way/1250983173","polygon":"","kind":"religious","town":"province rural","name":"Miếu Bằng Lăng","scope":"building","source":"https://www.openstreetmap.org/way/1250983173","estimate":"yes","notes":"Cached OSM osm_settlements.json; exact mapped geometry, not surveyed. Scope=building; do not expand to surrounding grounds. Religion=buddhist; denomination=unknown.","area_m2":1715.8,"method":"OSM mapped polygon; semantic interpretation estimated","tags":{"amenity":"place_of_worship","building":"yes","name":"Miếu Bằng Lăng","religion":"buddhist"}},"geometry":{"type":"Polygon","coordinates":[[[17983.896870683762,16469.75501250825],[17948.834069780423,16484.97505878657],[17966.907704873243,16526.060837670695],[18002.135079872096,16510.31025464926],[17983.896870683762,16469.75501250825]]]}},{"type":"Feature","id":"way/1289830724","properties":{"osm_ids":"way/1289830724","polygon":"","kind":"religious","town":"Tịnh Biên","name":"Chùa Cây Khoa - វត្តគិរីរង្សី \"ខ្លាខ្វា\"","scope":"grounds","source":"https://www.openstreetmap.org/way/1289830724","estimate":"yes","notes":"Cached OSM osm_settlements.json; exact mapped geometry, not surveyed. Scope=grounds; do not expand to surrounding grounds. Religion=buddhist; denomination=theravada.","area_m2":15740.1,"method":"OSM mapped polygon; semantic interpretation estimated","tags":{"amenity":"place_of_worship","barrier":"fence","denomination":"theravada","name":"Chùa Cây Khoa - វត្តគិរីរង្សី \"ខ្លាខ្វា\"","name:km":"វត្តគិរីរង្សី \"ខ្លាខ្វា\"","name:km-Latn":"Vôtt Kiri Rôngsi \"Khlakhva\"","name:vi":"Chùa Cây Khoa","religion":"buddhist"}},"geometry":{"type":"Polygon","coordinates":[[[-20421.700097372,137.45094953873195],[-20414.665786984493,136.86468799761496],[-20408.112858064007,135.5044732510578],[-20402.785210690985,133.65780684701167],[-20399.186104169523,130.60601792111993],[-20397.21704286366,127.38843613280915],[-20395.79500080581,123.43007219489664],[-20395.12783245463,118.81938734580763],[-20394.427924658463,111.9420693772845],[-20393.8594102239,101.81407415587455],[-20393.98010769894,91.68610341660678],[-20394.428906416288,84.24493247549981],[-20400.15056178649,81.48095046379603],[-20400.085026453075,78.56196845835075],[-20399.997626699216,75.21177277481183],[-20395.16235911264,70.68939381674863],[-20396.924741505238,40.81414211797528],[-20462.367569492955,30.500589872710407],[-20467.21378707752,34.66916294256225],[-20476.03139539651,33.27634604112245],[-20483.634668384795,32.08250651881099],[-20486.151047695603,26.753253262490034],[-20538.498786038428,18.506960607366636],[-20556.687727491604,120.83782636816613],[-20536.831670439627,125.81256768037565],[-20516.7677967099,129.89171636337414],[-20496.53986383183,133.08633120241575],[-20487.49255637522,134.13637510570697],[-20480.425373099395,134.96536169038154],[-20464.256205564132,136.29156065057032],[-20446.511721598043,137.00958819803782],[-20430.65983941045,137.59501310484484],[-20421.700097372,137.45094953873195]]]}},{"type":"Feature","id":"way/1289836174","properties":{"osm_ids":"way/1289836174","polygon":"","kind":"religious","town":"Tịnh Biên","name":"Chùa Neng Non - វត្តគីរីសូផនសូវាន់ណែងណង","scope":"grounds","source":"https://www.openstreetmap.org/way/1289836174","estimate":"yes","notes":"Cached OSM osm_settlements.json; exact mapped geometry, not surveyed. Scope=grounds; do not expand to surrounding grounds. Religion=buddhist; denomination=theravada.","area_m2":31538.2,"method":"OSM mapped polygon; semantic interpretation estimated","tags":{"amenity":"place_of_worship","denomination":"theravada","name":"Chùa Neng Non - វត្តគីរីសូផនសូវាន់ណែងណង","name:km":"វត្តគីរីសូផនសូវាន់ណែងណង","name:km-Latn":"Vôtt Kiri Sophân Sovéan Nêng Nâng","name:vi":"Chùa Neng Non","religion":"buddhist"}},"geometry":{"type":"Polygon","coordinates":[[[-19939.157108208106,1466.634598281933],[-19945.742632372712,1467.3755470104516],[-19951.113866178435,1468.6803639109712],[-19956.299115648144,1470.5822419372853],[-19986.8177373035,1572.6146375103854],[-19978.011294321972,1582.2338042489719],[-19996.49735069595,1646.3744509923272],[-19902.013039761398,1688.9297650209628],[-19854.18787213508,1600.5964079690166],[-19845.195666280168,1601.8567019400652],[-19836.29096670891,1603.6145537358243],[-19827.48471360898,1605.8478499941994],[-19817.26726111566,1609.109400095418],[-19807.279525831866,1613.0233057534788],[-19797.56526600127,1617.57851080806],[-19788.168239999446,1622.7529023040552],[-19783.79269502242,1610.844704473624],[-19780.171969618357,1598.6822152168024],[-19777.317002952797,1586.3207182418555],[-19775.30436299031,1574.257768458454],[-19774.035602913296,1562.0953209940344],[-19773.49978333438,1549.8776025781408],[-19794.339614573866,1535.592648003716],[-19788.038701615704,1524.8896015759092],[-19782.60200712894,1513.7221880403813],[-19778.57647579594,1503.6494182823226],[-19775.26200929901,1493.32235613605],[-19826.021069746115,1487.1978348575067],[-19828.974656798702,1490.3158940935973],[-19832.44240714365,1492.8700691182166],[-19836.293049189204,1494.7829603245482],[-19839.771766670397,1495.8444750620984],[-19843.359888256353,1496.3863250212744],[-19850.568956279603,1497.1162107139826],[-19857.810859537858,1496.9726153288502],[-19864.987144188548,1495.9334234201815],[-19871.977476192755,1494.0428595186677],[-19878.683400960406,1491.311978257494],[-19885.006463144382,1487.7850044465158],[-19888.277399421146,1485.5184381208383],[-19891.40612788644,1483.041790911695],[-19898.155845367,1478.8182531641796],[-19905.233735839312,1475.147561194608],[-19912.585101657198,1472.0407707851846],[-19919.105052156316,1469.840617514914],[-19925.767206303193,1468.0937953290995],[-19932.538745544676,1466.8003035888541],[-19939.157108208106,1466.634598281933]]]}},{"type":"Feature","id":"way/1289836175","properties":{"osm_ids":"way/1289836175","polygon":"","kind":"religious","town":"Tịnh Biên","name":"Chùa Thiếc - វត្តសិរីវង្សាចេស្តាអណ្តូងព្រូស","scope":"grounds","source":"https://www.openstreetmap.org/way/1289836175","estimate":"yes","notes":"Cached OSM osm_settlements.json; exact mapped geometry, not surveyed. Scope=grounds; do not expand to surrounding grounds. Religion=buddhist; denomination=theravada.","area_m2":12183.4,"method":"OSM mapped polygon; semantic interpretation estimated","tags":{"amenity":"place_of_worship","denomination":"theravada","name":"Chùa Thiếc - វត្តសិរីវង្សាចេស្តាអណ្តូងព្រូស","name:km":"វត្តសិរីវង្សាចេស្តាអណ្តូងព្រូស","name:km-Latn":"Vôtt Sĕri Vôngséa Chésta Ântong Prus","name:vi":"Chùa Thiếc","religion":"buddhist"}},"geometry":{"type":"Polygon","coordinates":[[[-19397.373198370566,1049.5442354101688],[-19461.916772412194,1035.9449021858163],[-19472.62560547766,1155.15884177736],[-19441.360393558687,1157.480508169625],[-19431.38353379874,1157.9558743706439],[-19421.406677864492,1157.9226330886595],[-19412.78632703726,1157.4803041450214],[-19404.220678100886,1156.3524593699258],[-19395.786307230126,1154.5501559476834],[-19387.516032424348,1152.0955074743833],[-19378.47999503289,1148.546238596784],[-19369.79402531014,1144.2119449411985],[-19361.545639008807,1139.1147401989438],[-19343.05817973957,1060.9876713810954],[-19397.373198370566,1049.5442354101688]]]}},{"type":"Feature","id":"way/1306985990","properties":{"osm_ids":"way/1306985990","polygon":"","kind":"religious","town":"Châu Đốc","name":"Đình Đa Phước","scope":"building","source":"https://www.openstreetmap.org/way/1306985990","estimate":"yes","notes":"Cached OSM osm_settlements.json; exact mapped geometry, not surveyed. Scope=building; do not expand to surrounding grounds. Religion=vietnamese_folk; denomination=unknown.","area_m2":633.5,"method":"OSM mapped polygon; semantic interpretation estimated","tags":{"amenity":"place_of_worship","building":"yes","name":"Đình Đa Phước","religion":"vietnamese_folk"}},"geometry":{"type":"Polygon","coordinates":[[[-5914.534285338537,15909.18126346427],[-5942.2861137025175,15935.220325976843],[-5930.820258972526,15947.287874663481],[-5903.068431469495,15921.248821422923],[-5914.534285338537,15909.18126346427]]]}},{"type":"Feature","id":"way/1376695093","properties":{"osm_ids":"way/1376695093","polygon":"","kind":"religious","town":"province rural","name":"Tháp Xá Lợi","scope":"building","source":"https://www.openstreetmap.org/way/1376695093","estimate":"yes","notes":"Cached OSM osm_settlements.json; exact mapped geometry, not surveyed. Scope=building; do not expand to surrounding grounds. Religion=buddhist; denomination=unknown.","area_m2":748.6,"method":"OSM mapped polygon; semantic interpretation estimated","tags":{"amenity":"place_of_worship","building":"yes","name":"Tháp Xá Lợi","religion":"buddhist"}},"geometry":{"type":"Polygon","coordinates":[[[-20881.467365923105,-7324.4209302417],[-20884.07287440519,-7349.7848589604255],[-20912.960346737702,-7348.312877885532],[-20911.84298056102,-7323.313747464679],[-20881.467365923105,-7324.4209302417]]]}},{"type":"Feature","id":"way/1376695350","properties":{"osm_ids":"way/1376695350","polygon":"","kind":"religious","town":"province rural","name":"Tượng Phật Bà Quan Âm - Núi Cấm","scope":"building","source":"https://www.openstreetmap.org/way/1376695350","estimate":"yes","notes":"Cached OSM osm_settlements.json; exact mapped geometry, not surveyed. Scope=building; do not expand to surrounding grounds. Religion=buddhist; denomination=unknown.","area_m2":1578.9,"method":"OSM mapped polygon; semantic interpretation estimated","tags":{"addr:city":"An Hảo","addr:district":"Núi Cấm","addr:province":"An Giang","amenity":"place_of_worship","building":"yes","name":"Tượng Phật Bà Quan Âm - Núi Cấm","religion":"buddhist"}},"geometry":{"type":"Polygon","coordinates":[[[-19947.908881636453,-7367.57546394947],[-19947.909729647334,-7405.721058190567],[-19988.5274698126,-7407.190671536606],[-19990.025666386355,-7369.0560988634825],[-19947.908881636453,-7367.57546394947]]]}},{"type":"Feature","id":"way/1382978797","properties":{"osm_ids":"way/1382978797","polygon":"","kind":"religious","town":"Châu Đốc","name":"Thánh thất Châu Đốc","scope":"building","source":"https://www.openstreetmap.org/way/1382978797","estimate":"yes","notes":"Cached OSM osm_settlements.json; exact mapped geometry, not surveyed. Scope=building; do not expand to surrounding grounds. Religion=caodaism; denomination=unknown.","area_m2":266.3,"method":"OSM mapped polygon; semantic interpretation estimated","tags":{"addr:district":"Châu Đốc","addr:housenumber":"121","addr:province":"An Giang","addr:street":"Pasteur","amenity":"place_of_worship","building":"yes","name":"Thánh thất Châu Đốc","religion":"caodaism"}},"geometry":{"type":"Polygon","coordinates":[[[-6970.191219874541,16151.14860655088],[-6972.858426057792,16148.759357150178],[-6978.1072642750805,16149.232900553383],[-6993.061027969292,16165.812783479458],[-6985.07032509573,16172.925239333417],[-6970.116564559867,16156.356416739989],[-6970.191219874541,16151.14860655088]]]}},{"type":"Feature","id":"way/1392293152","properties":{"osm_ids":"way/1392293152","polygon":"","kind":"religious","town":"Long Xuyên","name":"","scope":"building","source":"https://www.openstreetmap.org/way/1392293152","estimate":"yes","notes":"Cached OSM osm_settlements.json; exact mapped geometry, not surveyed. Scope=building; do not expand to surrounding grounds. Religion=unknown; denomination=unknown.","area_m2":395.8,"method":"OSM mapped polygon; semantic interpretation estimated","tags":{"amenity":"place_of_worship","building":"yes"}},"geometry":{"type":"Polygon","coordinates":[[[29647.293450820725,-18226.87971931859],[29648.296614231076,-18247.47743085795],[29628.922676330898,-18247.880606723716],[29627.9200839682,-18227.68094498804],[29647.293450820725,-18226.87971931859]]]}},{"type":"Feature","id":"way/1453846517","properties":{"osm_ids":"way/1453846517","polygon":"","kind":"religious","town":"Tân Châu","name":"Đình thần Long Phú","scope":"building","source":"https://www.openstreetmap.org/way/1453846517","estimate":"yes","notes":"Cached OSM osm_settlements.json; exact mapped geometry, not surveyed. Scope=building; do not expand to surrounding grounds. Religion=vietnamese_folk; denomination=unknown.","area_m2":618.3,"method":"OSM mapped polygon; semantic interpretation estimated","tags":{"amenity":"place_of_worship","building":"yes","name":"Đình thần Long Phú","religion":"vietnamese_folk"}},"geometry":{"type":"Polygon","coordinates":[[[7011.793129383121,25344.419289868092],[7023.624794124276,25353.959697326412],[7049.350190283498,25322.445312090917],[7037.518521316117,25312.904895785265],[7011.793129383121,25344.419289868092]]]}},{"type":"Feature","id":"way/1465516637","properties":{"osm_ids":"way/1465516637","polygon":"","kind":"residential","town":"province rural","name":"","scope":"grounds","source":"https://www.openstreetmap.org/way/1465516637","estimate":"yes","notes":"Cached OSM osm_settlements.json; exact mapped geometry, not surveyed. Scope=grounds; do not expand to surrounding grounds.","area_m2":558913.5,"method":"OSM mapped polygon; semantic interpretation estimated","tags":{"landuse":"residential"}},"geometry":{"type":"Polygon","coordinates":[[[36090.58161288127,-23592.767532353522],[36283.69077758677,-23544.838455491],[36478.9935652056,-23376.250454290537],[36615.6778649952,-23219.751960438676],[36557.56213418534,-23045.221135981148],[36678.58371075534,-22987.530894927215],[36766.52134897967,-22725.28278883337],[36914.77986304776,-22817.82418999262],[37061.55965304654,-22875.438178099925],[37255.950436010025,-22743.19137754361],[37392.936204834376,-22776.129445588216],[37675.974661811604,-22715.341715728166],[37652.33544441988,-22525.243138539372],[37572.741435264936,-22414.2494246359],[37641.44359362754,-22216.945928034605],[37701.361631361884,-22118.075463983463],[37709.76925771707,-21984.0059448611],[37889.54054505599,-21900.10946761258],[38022.23571507796,-21848.388016422046],[38157.53984118707,-21739.164986301214],[38402.42727627687,-21611.416688092984],[38469.19278500264,-21698.991700338433],[38456.623332171934,-21710.37045049714],[38413.266726789065,-21738.814619312296],[38294.3367655098,-21815.49912928813],[38270.492428453406,-21828.49956144183],[38133.278602345265,-21903.31148688146],[37984.614096825244,-21976.286585679278],[37915.241679196595,-22008.450129258214],[37865.684083214495,-22038.134051146917],[37843.38728293602,-22061.62932472583],[37809.933779525105,-22108.629910210613],[37790.11080714082,-22153.160804663785],[37769.05082154146,-22218.717599258525],[37759.13928100793,-22284.264342916664],[37755.42051287822,-22356.009832807584],[37760.37620496785,-22433.934095486766],[37772.761494515114,-22510.618550932268],[37790.10256678448,-22624.415545358555],[37828.503406316624,-22775.315104370704],[37835.94118308625,-22816.136874499265],[37833.390124371974,-22818.451528921723],[37808.68046345608,-22840.871741477633],[37757.89409938676,-22861.897443454945],[37690.995533076,-22869.316004534718],[37637.719075832516,-22876.73446475924],[37549.76042621338,-22877.974328309996],[37440.74204495817,-22886.622454160126],[37329.24985709984,-22908.88801550446],[37184.30416199507,-22948.469898338197],[37101.3014869896,-22981.863118649228],[36997.23046389292,-23041.231118149124],[36901.84232364036,-23120.38510927069],[36822.550198805286,-23200.778892302187],[36742.02126591012,-23291.070614590077],[36678.84139169939,-23380.132669166895],[36611.94280721992,-23477.842824301915],[36543.807287996286,-23549.578296904452],[36480.61932871246,-23601.52779536671],[36392.66067582974,-23659.656046739547],[36340.62944163836,-23683.16131548467],[36281.16027071129,-23705.42678144225],[36159.75652951829,-23725.21270075091],[36098.820376735064,-23728.17532581184],[36090.58161288127,-23592.767532353522]]]}},{"type":"Feature","id":"way/1491543881","properties":{"osm_ids":"way/1491543881","polygon":"","kind":"residential","town":"province rural","name":"Cái Tàu Thượng","scope":"grounds","source":"https://www.openstreetmap.org/way/1491543881","estimate":"yes","notes":"Cached OSM osm_settlements.json; exact mapped geometry, not surveyed. Scope=grounds; do not expand to surrounding grounds.","area_m2":445911.4,"method":"OSM mapped polygon; semantic interpretation estimated","tags":{"landuse":"residential","name":"Cái Tàu Thượng","place":"neighbourhood"}},"geometry":{"type":"Polygon","coordinates":[[[40772.68942339835,-15747.623953601578],[40715.43379489286,-15652.620443490334],[40736.883515689755,-15473.545974277891],[40783.151701862924,-15367.339363418985],[40792.585373635404,-15284.482841207646],[40747.26542457286,-15198.525588884717],[40593.12142028881,-14988.175388092175],[40528.29889286484,-15029.640979159623],[40483.70982656034,-14960.754400853068],[40602.49360091344,-14844.184029284865],[40580.21475704131,-14764.93165534595],[40526.11684765492,-14824.258167086868],[40443.542928337236,-14745.795204363763],[40562.82314271375,-14644.549281946383],[40531.42418349767,-14620.609442684334],[40478.641546736704,-14649.17262792238],[40439.49258448847,-14605.619622201892],[40464.72872220038,-14578.364491921151],[40423.2986826431,-14532.139571736567],[40394.79067591927,-14547.082638642285],[40381.409917309415,-14530.92905747937],[40429.65645570494,-14486.904871278442],[40384.75670590415,-14434.151110783685],[40413.37659163447,-14401.60486774263],[40441.032055999734,-14387.415132813388],[40466.11721350427,-14386.962789156707],[40521.54672474146,-14446.398919909727],[40544.466570551274,-14472.332626530202],[40648.420323820435,-14585.068738383241],[40744.9996126733,-14673.5911057489],[40844.47714307124,-14760.54914083425],[40929.930468806066,-14832.61515978165],[41015.276463175775,-14893.104324757122],[41079.04548034549,-14938.537831028923],[41163.3564340428,-14995.169507382438],[41327.076920820866,-15102.856980805052],[41323.25676625932,-15144.048871200066],[41296.52178727416,-15161.035099182976],[41265.22868597857,-15182.13085223618],[41236.739346030634,-15209.345360169653],[41215.67949258699,-15241.508896975312],[41197.09323536558,-15281.080825926969],[41190.90057239239,-15307.055601781467],[41185.944890443,-15355.295901055215],[41180.98905305937,-15380.030889371177],[41171.07750666747,-15404.775838541798],[41152.491446911125,-15428.271066453774],[41120.28312884772,-15451.776400253177],[41102.93376485247,-15459.194770914037],[41080.63706797012,-15464.143831076333],[41044.70975744515,-15462.904115619138],[41002.589989248896,-15459.194781877333],[40967.89971445815,-15455.485544273863],[40948.08479150792,-15455.475497592473],[40917.11343993095,-15457.955077013234],[40897.29042520048,-15464.13370416034],[40874.98532186134,-15480.220515222289],[40856.40745474375,-15503.715777355013],[40841.54021612869,-15534.639538252028],[40835.3474899811,-15565.563300934853],[40834.10235837544,-15591.538044408197],[40841.540154650575,-15642.247740879422],[40853.925405031885,-15699.146285426104],[40864.504194209934,-15733.940002348274],[40772.68942339835,-15747.623953601578]]]}},{"type":"Feature","id":"way/1501340193","properties":{"osm_ids":"way/1501340193","polygon":"","kind":"residential","town":"Long Xuyên","name":"","scope":"grounds","source":"https://www.openstreetmap.org/way/1501340193","estimate":"yes","notes":"Cached OSM osm_settlements.json; exact mapped geometry, not surveyed. Scope=grounds; do not expand to surrounding grounds.","area_m2":1200055.0,"method":"OSM mapped polygon; semantic interpretation estimated","tags":{"landuse":"residential"}},"geometry":{"type":"Polygon","coordinates":[[[28479.4500099126,-19583.254290952813],[28528.843954049516,-19625.72258421895],[28595.413262502407,-19644.450077444315],[28666.535798777477,-19702.522831810173],[28892.33124385751,-19901.98820591066],[28928.250712814508,-19936.391964307055],[28935.12818089209,-19962.310979588423],[29434.926904728403,-20385.01957976166],[29437.30478151748,-20402.430947829736],[29441.494476517313,-20423.853455157485],[29438.2587489523,-20442.74324182258],[29383.76728499087,-20443.737075696466],[29366.133701862884,-20444.889494385337],[29346.568638060126,-20442.561660496285],[29329.058752774727,-20446.069017100614],[29301.527033498627,-20437.72623039107],[29273.475520134205,-20425.569500600453],[29228.125420871656,-20411.413402921287],[29211.57871349051,-20414.819847899023],[29184.53587088443,-20403.756282698363],[29177.55493895244,-20398.09377523209],[29173.04767051607,-20392.217746450566],[29165.935990895727,-20394.870239682263],[29155.48338619666,-20395.95728755463],[29148.724727847264,-20392.69382230658],[29146.606209673686,-20388.517240939196],[29135.5870481031,-20383.645377840614],[29128.80412167264,-20386.55171654001],[29119.26767915883,-20385.216010972857],[29105.650239215232,-20385.411825437797],[29092.776177153806,-20384.887901822804],[29076.357561170822,-20378.04431968229],[29047.9405965911,-20386.44277431257],[29042.602154749446,-20381.10967199644],[29033.02537912724,-20382.261810688768],[29028.236128719756,-20378.265835040715],[28997.48300689389,-20383.416744626593],[28992.32743771607,-20391.561792391585],[28965.739292517537,-20400.49943613028],[28954.21312605904,-20401.02400497743],[28947.492828572867,-20393.824177694973],[28912.693027214613,-20409.517872536555],[28760.516434025136,-20563.850552773336],[28732.889869562,-20621.727438370464],[28693.192785155727,-20674.47942981962],[28652.172536525526,-20728.33888143883],[28549.09083977074,-20859.294981319923],[28530.840232873335,-20873.660845562117],[28506.650989838876,-20892.059559676098],[28485.869309783797,-20904.737156020943],[28462.920879949117,-20917.95949484501],[28434.69170753646,-20928.015703476267],[28407.006929763244,-20935.926099871052],[28371.89245086524,-20938.19653436984],[28344.876438940177,-20938.841564681847],[28315.646340371924,-20937.42194984248],[28287.79049734096,-20932.29636557633],[28254.00584651553,-20922.35801956826],[28232.25293060695,-20913.232523075538],[28218.603597380803,-20906.229965378763],[28182.231823992333,-20877.476185558364],[28159.548155579483,-20852.020831555594],[28134.308740330627,-20822.765355830546],[28111.67907989805,-20796.7238823073],[28094.896005906863,-20771.3820965162],[28081.553026835783,-20748.08116278588],[28066.08975450578,-20719.199355469085],[28050.27626174083,-20682.290688879555],[28040.345382792875,-20648.447858758736],[28032.102836764883,-20608.388742600568],[28033.174646976404,-20591.536532424856],[28047.267944538733,-20587.01723714918],[28046.659465494566,-20582.29675534158],[28059.99330444634,-20574.737830563914],[28027.39790349838,-20408.297919761855],[27963.071015896625,-20146.844586274587],[27955.932887828792,-20113.849329712102],[27900.26496117923,-19989.302093458362],[27894.75947951968,-19981.69132272899],[27749.16224573308,-19837.971146218013],[27742.46399532468,-19830.61627225182],[27741.633189991233,-19823.341935178265],[27746.70129265252,-19815.13085547299],[27771.64897322061,-19799.341054781573],[28227.352843940374,-19558.875684125815],[28358.719676334877,-19485.797897090903],[28479.4500099126,-19583.254290952813]]]}},{"type":"Feature","id":"way/1501340194","properties":{"osm_ids":"way/1501340194","polygon":"","kind":"residential","town":"Long Xuyên","name":"","scope":"grounds","source":"https://www.openstreetmap.org/way/1501340194","estimate":"yes","notes":"Cached OSM osm_settlements.json; exact mapped geometry, not surveyed. Scope=grounds; do not expand to surrounding grounds.","area_m2":4032889.1,"method":"OSM mapped polygon; semantic interpretation estimated","tags":{"landuse":"residential"}},"geometry":{"type":"Polygon","coordinates":[[[25986.584137495374,-17763.972262890078],[26304.47468531737,-17564.477234944934],[26330.91412815859,-17535.185950726736],[26286.44897021912,-17540.938555503963],[26142.62120197853,-17632.94337673532],[26099.217569884844,-17588.30796524021],[26050.062942330376,-17523.368438012432],[26093.390103421058,-17509.50184198073],[26055.701760971337,-17457.539242862957],[25961.711696571554,-17508.855185126187],[25946.96430178662,-17489.369963126257],[25970.635090609663,-17451.96678405814],[25950.135617217165,-17411.359275818337],[25959.10868500918,-17392.661409612978],[25979.56479824765,-17399.9544710177],[26111.91733700002,-17305.234215104254],[26091.430116706295,-17282.47263959865],[26121.158765730914,-17265.815278788563],[26085.16415734461,-17228.290841822978],[26044.30518615502,-17262.830669126008],[25998.3508873214,-17200.69536493998],[25964.900732492446,-17217.368521176046],[25953.731890614727,-17205.684832322644],[25992.118761541322,-17172.37564899982],[25959.827764609363,-17129.317805799423],[26092.759846808272,-17026.54737479193],[26561.142506681732,-17556.18992857379],[26701.185595703544,-17765.19105384592],[26903.843470237567,-18009.01531221182],[27063.31520702713,-18222.975964659825],[27114.185512571246,-18283.610716227908],[27189.575728749973,-18361.085539115826],[27240.39484582492,-18407.677886288613],[27664.532286945265,-18812.886763348244],[28236.625888093608,-19383.367345765233],[28289.728097213665,-19456.44755888963],[28285.911763273412,-19467.3659672027],[28277.396871638368,-19476.422167767305],[28228.459871201427,-19503.744293013588],[28213.725241367705,-19511.22781707626],[27762.49492987618,-19740.541614643298],[27734.698966872413,-19754.676715110196],[27666.559938375605,-19789.332543419907],[27592.78102576488,-19797.86830399232],[27502.026194629376,-19816.156795522198],[27385.16423315741,-19842.916450066026],[27273.546664563473,-19878.74643035559],[27163.88687896938,-19921.716202848824],[27086.8734460033,-19959.456503766123],[27043.159822639893,-19989.357255139388],[26930.2537005943,-20044.659037511563],[26806.93165578565,-20120.73909412115],[26673.80263224768,-20198.12527675461],[26575.280989529332,-20263.13696386665],[26455.88410317176,-20353.485007703304],[26331.27351525973,-20450.318779203342],[26309.890731145628,-20464.090477356454],[26290.301669541514,-20476.69884235738],[26256.89464986394,-20503.62182099209],[26197.412700924557,-20572.67241088301],[26139.829617486568,-20628.99392022728],[26041.83125841082,-20752.99186931993],[26029.49822329695,-20789.772083598422],[26007.467514880816,-20785.34476641519],[25991.045017746976,-20775.138455394655],[25984.915550587233,-20758.837485462194],[25966.211712722084,-20745.217542488128],[25945.96144265565,-20729.32187427301],[25924.949487510603,-20708.506862456677],[25905.853223908227,-20687.67829978722],[25937.397614781978,-20676.005557360128],[26014.91467271326,-20703.624610922532],[26021.69049253268,-20669.737469589105],[26117.624145402107,-20557.52891015215],[26149.83332058636,-20535.31787345675],[26194.975345999817,-20449.656487641623],[26133.545708414866,-20401.69431064767],[26164.509213972837,-20381.331377587514],[26160.74321042304,-20347.468991075642],[26135.334438772174,-20346.26372592547],[26094.387037293287,-20324.14795203437],[26066.4469473575,-20287.23213649704],[26057.706211499986,-20241.058822233696],[26037.25180127623,-20244.778423489537],[26006.226745264605,-20217.71827324084],[25894.066966847284,-20242.49857295421],[25822.098955617752,-20196.40708604618],[25848.85464926157,-20147.357218287187],[25918.325777300866,-20108.258458951954],[25902.769426128478,-20090.399617077783],[25899.443749840837,-20049.78087031818],[25971.36347688816,-20008.2352431037],[25996.675935729756,-19969.20467087184],[25982.701690027025,-19922.087241430534],[25910.674671337125,-19880.739439455792],[25886.165277216234,-19905.958837532904],[25828.072009533294,-19888.97327782237],[25814.520672714105,-19830.10175459576],[26064.37045754504,-19784.974963736953],[26030.44636424305,-19700.068885525223],[25980.664362511132,-19710.40545052127],[25969.343465656624,-19674.949602168985],[26023.82264352159,-19665.53572426224],[26014.367486036033,-19625.41144808731],[25963.66120180511,-19640.415208907798],[25951.379558599554,-19590.02272317279],[25990.826785540557,-19578.77084308653],[25990.78797937685,-19548.906189829344],[26038.6736051169,-19528.300200240687],[26022.638503000257,-19478.85245340923],[26029.1517074937,-19428.435542136664],[26028.15932545031,-19389.229038321646],[25992.368657251936,-19324.86908568861],[25966.990279899328,-19312.772633805405],[25949.97396920866,-19232.510528511368],[25933.015906168148,-19197.061986519257],[25736.58406698215,-19264.376560919685],[25711.742971997708,-19227.456482173176],[25660.892532192287,-19215.204740345012],[25593.89589165582,-19177.111634666333],[25570.309220362105,-19145.11016728822],[25538.053483141004,-19130.379668227397],[25498.40325793554,-19145.202692361083],[25459.809559584595,-19019.62376556266],[25519.333791414392,-19035.557637225138],[25542.855194421485,-19008.437955734553],[25612.33164760715,-19051.44827416027],[25643.347256366862,-19063.725670147687],[25675.45530555502,-18972.542163655395],[25687.97504815797,-19063.668072506785],[25732.6410572615,-19093.17653467506],[25737.617213942227,-19106.71481226175],[25772.31502044329,-19096.81823950773],[25738.747467366047,-19024.19566091057],[25753.612229306018,-19015.552053857595],[25787.151117354166,-19066.005558610195],[25811.923609493766,-19049.963089835597],[25798.220828004065,-19000.71125202393],[25827.929571102723,-18967.424659449374],[25842.73979644943,-18908.284182771575],[25862.47368024953,-18830.661217356334],[25862.39702443406,-18771.540022532456],[25880.935642544064,-18734.563787242165],[25884.59181623708,-18684.062135433545],[25854.80674271402,-18658.238652034895],[25833.701970266877,-18632.403896299424],[25838.186360406107,-18587.462801309768],[25859.232812474016,-18568.340231114766],[25862.93451890233,-18552.94421078614],[25816.440153063857,-18548.07309565693],[25796.54925378866,-18504.37983673904],[25776.652019012952,-18455.7551935222],[25786.538825512747,-18432.334913750878],[25774.716248427518,-18397.86371568567],[25731.264089499484,-18349.88871999411],[25710.12375478074,-18296.33426729124],[25713.17449582729,-18259.997314642882],[25725.89624590671,-18219.61208175798],[25692.95664224599,-18174.84100769367],[25674.13832877786,-18156.201258306624],[25699.461567075807,-18117.900563387666],[25659.96168515121,-18087.14704729244],[25652.400854876614,-18055.423476669705],[25618.533403852372,-18020.925406535156],[25623.197873618803,-17996.649466723204],[25649.494945167447,-17983.55730442237],[25704.027044410235,-18017.08879557601],[25735.002897470258,-17999.313444273546],[25779.236021123594,-18058.996686910046],[25812.207073313883,-18128.02650842117],[25810.451429013046,-18217.63400322059],[25831.24204337981,-18313.74690956273],[25881.128654139,-18385.552138697123],[25950.787556945346,-18493.742025349056],[25948.96914184047,-18534.80976032256],[25929.29642122716,-18583.37515955977],[25969.734828008688,-18611.329774127807],[26006.37504510535,-18614.07952517923],[26023.21994935721,-18562.720361036714],[26076.807096923818,-18584.12310249824],[26079.687136731343,-18635.4565981247],[26117.28822550166,-18644.73961740057],[26137.90940751834,-18610.17091996479],[26254.439244938316,-18633.359832141316],[26287.244371062145,-18574.516226095147],[26351.133068055846,-18580.027332013473],[26361.545724014402,-18640.682983507635],[26468.675486434367,-18657.348871590104],[26471.45909756061,-18626.540639314102],[26485.545513857156,-18625.593341237167],[26467.471585809137,-18457.596162085654],[26426.128259777674,-18449.24722105963],[26429.863150506397,-18434.31547566736],[26499.370318171335,-18417.417600851273],[26472.00413585652,-18325.03985072463],[26542.434109102003,-18302.545863645617],[26537.671918444103,-18252.154686760856],[26416.458331896458,-18237.376174098812],[26366.081195947132,-18510.006389172282],[26171.562216826598,-18479.456375449663],[26157.529487916967,-18529.87211574125],[26082.36039675877,-18519.70934376237],[26126.304943420342,-18357.23702152958],[26146.00651503657,-18339.47601843835],[26149.575748507516,-18189.18575229938],[26138.314813535777,-18199.47232788871],[26132.761693012202,-18263.886113218497],[26115.83918170666,-18255.50493670255],[26118.55609770189,-18181.76281792228],[26105.409999145428,-18181.77996685193],[26108.26815144578,-18216.306988244876],[26048.124908610713,-18203.316109466134],[26021.657701665652,-18077.345967262518],[26093.961597003392,-18048.315800218843],[26102.455674494617,-18081.90669259918],[26152.238960915827,-18074.378303752048],[26159.685671594925,-18018.36529036169],[26191.625836263178,-18018.323560169898],[26188.953033728758,-18134.059814406093],[26208.69101819524,-18135.90263511287],[26223.557455431903,-18011.747172721894],[26374.865519910934,-18047.01954900939],[26400.396320357337,-18175.78810498817],[26433.290265689022,-18185.088004045887],[26436.866799782496,-18041.33227542159],[26507.28269127349,-18008.56647110125],[26464.868441063445,-17901.281663423637],[26442.253695788677,-17850.913941011066],[26476.946632589912,-17805.125832121586],[26462.817597668152,-17773.411045110086],[26113.62875758286,-17979.14018444973],[25986.584137495374,-17763.972262890078]]]}},{"type":"Feature","id":"way/1501340195","properties":{"osm_ids":"way/1501340195","polygon":"","kind":"residential","town":"Long Xuyên","name":"","scope":"grounds","source":"https://www.openstreetmap.org/way/1501340195","estimate":"yes","notes":"Cached OSM osm_settlements.json; exact mapped geometry, not surveyed. Scope=grounds; do not expand to surrounding grounds.","area_m2":12930485.7,"method":"OSM mapped polygon; semantic interpretation estimated","tags":{"landuse":"residential"}},"geometry":{"type":"Polygon","coordinates":[[[30345.856782550924,-23594.93815089506],[30373.154246394173,-23605.98950042436],[30385.49455301743,-23569.00862055854],[30333.36431921157,-23524.74431700469],[30287.50697231316,-23542.04713956779],[30241.601211458095,-23517.47734296904],[30204.42537312256,-23534.778812052682],[30174.603302376694,-23488.005941405194],[30215.464692604262,-23444.837104649516],[30178.203514959547,-23401.77884527156],[30118.571940500988,-23316.86849284754],[30075.058984843083,-23234.389927526237],[29925.1232596169,-23298.654180065263],[29891.700898583862,-23338.119191003498],[29893.007312371512,-23387.398110231385],[29978.552747249487,-23379.880566630745],[29978.592684795614,-23408.219436093234],[29909.18000050669,-23420.63461305597],[29935.29677015054,-23479.719279290643],[29915.539330832777,-23536.413877360057],[29854.807895665872,-23548.8167150456],[29848.6386374851,-23575.92592764157],[29798.029928956064,-23632.387364727678],[29841.499388736673,-23684.061699460493],[29763.349261420663,-23657.070874825353],[29713.819918079535,-23702.716984536033],[29676.714362042374,-23770.525823395466],[29778.343026733375,-23739.578770450782],[29811.968275075546,-23844.240708322963],[29751.247787466622,-23872.664814000018],[29787.29079727514,-23929.269964845385],[29736.478499973076,-23950.283047292847],[29797.397950423183,-24063.53113070689],[29840.89041831589,-24131.226935054176],[29883.025905289687,-24121.316009639995],[29893.015674253227,-24171.798963996116],[29864.515461522504,-24185.394814595813],[29859.595861248206,-24213.729578147642],[29800.140097093186,-24254.46937734494],[29776.566363757127,-24244.65072319447],[29725.80768044677,-24296.457231183304],[29678.655034006923,-24273.115744004725],[29643.87026681681,-24223.894750699634],[29609.175121247652,-24238.726368975826],[29568.21632272983,-24205.51330427942],[29481.54846716812,-24296.798562045675],[29426.982945092604,-24288.250179653056],[29296.916847100598,-24379.59534410457],[29296.961308081984,-24411.61612237431],[29221.36114440323,-24440.059892756864],[29210.252961844555,-24474.561818333343],[29102.4455625338,-24520.287674952997],[29045.27552880952,-24425.520456527593],[29113.42437357176,-24392.167051533936],[29099.71166701615,-24340.439643657533],[29176.519822193426,-24291.06370944623],[29227.40638140461,-24323.025080841267],[29309.137108045397,-24255.154846964637],[29280.584281391697,-24223.162596862298],[29323.92528224329,-24182.457158553647],[29299.08485876571,-24159.084164083004],[29248.311959487386,-24201.038258645218],[29175.20079806808,-24231.933133389335],[29105.76238704496,-24227.09786623926],[29046.201963786152,-24192.69367556018],[29064.663777461275,-24100.276555310702],[29120.511040221318,-24133.4585306237],[29194.888167145895,-24123.503814307274],[29260.54496854043,-24077.83612831775],[29327.485968882334,-24074.050147644943],[29420.52677593031,-24109.634580407524],[29496.172466474585,-24114.460557728773],[29533.325195460697,-24079.922177192522],[29545.64765988337,-24029.396941607352],[29409.266291956883,-24034.507405963028],[29400.437191059696,-23928.583308721427],[29267.778491583653,-23933.69911132776],[29161.16048126947,-23943.69867649977],[29147.461508061504,-23901.834033342544],[29334.65479708661,-23875.701098643476],[29509.48527425027,-23879.16167647019],[29539.067667606054,-23754.696792119183],[29609.604531610617,-23660.979221324204],[29671.396254508523,-23514.29997978406],[29707.37779331347,-23535.19140243996],[29727.197740188334,-23522.84620107198],[29739.558287633,-23492.035316164372],[29729.560242181877,-23435.382560453378],[29718.356234558276,-23400.911697559757],[29704.74653314287,-23423.09992111381],[29642.71720355691,-23399.77927141008],[29661.205148748355,-23319.690150005044],[29497.42646257789,-23239.84481760487],[29445.485072899843,-23329.843274965417],[29389.250820460264,-23316.841279289685],[29359.03489706153,-23324.39099523658],[29305.185878990218,-23404.89397336752],[29256.606716338778,-23401.74389774655],[29275.94493202842,-23334.15922190575],[29233.809134280193,-23311.70583156729],[29210.01912068564,-23279.563191584777],[29166.851235029055,-23278.550534100505],[29118.293061206932,-23290.415547978133],[29076.153517876053,-23257.22570537962],[29036.185572093586,-23234.769085376756],[29017.91298950673,-23289.481883630622],[28978.002786465804,-23308.84239819995],[28976.887875948683,-23286.32098672795],[28912.143161832355,-23293.91796965641],[28861.442973675905,-23316.499730808893],[28826.972642531968,-23366.95569019229],[28790.308012907044,-23398.098189758603],[28780.652021738468,-23437.79474956682],[28785.06418357021,-23509.636540396605],[28746.27868059138,-23559.025813204236],[28698.824406771688,-23585.892938143108],[28657.822520758375,-23599.891954949824],[28582.325326648075,-23638.606140208896],[28584.521653685137,-23667.550136441132],[28539.19009265164,-23669.7572067976],[28486.33683858055,-23695.569947736803],[28453.106031338568,-23860.76137155108],[28469.33733229991,-23889.697264454328],[28537.350160338916,-23901.402058025356],[28530.96875982161,-23974.331119844457],[28441.356471969513,-23955.14814555575],[28374.337559443084,-23885.53676832188],[28353.819214713993,-23875.91203998495],[28384.727132785716,-23588.46762174461],[28436.552795779542,-23595.90457024169],[28445.150994642638,-23566.934777889866],[28507.74400260893,-23562.570249006618],[28518.382989667007,-23448.879563279916],[28552.918415435124,-23445.614761307603],[28555.007603514707,-23396.287000831915],[28531.21084585751,-23358.78132882109],[28498.78967087844,-23330.940119626932],[28454.598018869758,-23373.901329089655],[28508.653365386417,-23434.95009588916],[28395.460141068557,-23543.418181250803],[28113.413612533594,-23300.372745671775],[28089.588331468753,-23241.416425263975],[28005.244781477842,-23125.72056096932],[27883.46203340951,-23262.073064908152],[27707.34221332427,-23111.195540040964],[27983.285419412656,-22883.968797942158],[28068.93394947052,-22985.60959999333],[28102.694617485162,-22936.084152528783],[28062.166039092,-22846.522812285228],[28103.453791016247,-22801.65317195002],[28137.312253657263,-22832.422854273347],[28234.96649790695,-22778.144467992708],[28176.611677137204,-22710.068960732548],[28271.395344713703,-22622.192380770342],[28357.016120728105,-22703.288783372147],[28476.104250987293,-22528.559536367888],[28574.707561060437,-22480.813473988324],[28587.80414618156,-22443.45630062092],[28498.48596173746,-22404.370760960504],[28447.759160687798,-22414.700944037875],[28392.41111996479,-22480.122934171],[28298.5162271678,-22528.801895062905],[28283.56178308255,-22584.836606943747],[28229.064482634887,-22583.970934302546],[28234.65285031835,-22547.552905749297],[28233.674557361053,-22520.486903568963],[28214.87541263539,-22518.64385252539],[28169.828935215017,-22552.31810238934],[28043.026553831412,-22593.55550688505],[27976.341058539576,-22614.189531262964],[27927.54472606408,-22659.997956629377],[27957.77613431227,-22688.428639189107],[27917.93108151923,-22715.372904766817],[27863.90446238604,-22787.60325439088],[27883.955746696563,-22865.405784967355],[27829.90211411973,-22917.833175156964],[27830.00512241281,-22994.23627778259],[27805.798796998453,-23001.34532520664],[27763.041663915967,-22971.69300141954],[27697.558989392594,-23000.07572347019],[27573.607810312184,-22964.871099018957],[27375.253368261736,-22672.239116367884],[27085.125686789397,-22416.934526662575],[27012.381237701396,-22326.474992373725],[27282.606242164387,-22048.786424759077],[27392.421245653648,-22166.07522760867],[27358.295960843214,-22205.030081144534],[27436.736121117836,-22289.1235853259],[27485.097141829785,-22245.1850432856],[27398.079765304923,-22140.603604003787],[27461.551125764032,-22058.266347380588],[27341.523223451106,-21884.14783015335],[27300.68326035142,-21928.087217775406],[27222.08787863201,-21874.554937575012],[27297.22138901695,-21786.685029454064],[27266.090527785243,-21747.71777959331],[27306.941158569767,-21711.905235653045],[27365.847346606315,-21719.953392904485],[27454.131606265437,-21675.95041598985],[27413.205059677246,-21654.875433410984],[27331.45413930097,-21689.117388148094],[27308.49634177005,-21655.015357574215],[27382.071921073017,-21622.409750787774],[27372.206867382047,-21580.16342316824],[27308.44427148206,-21616.006647282047],[27234.89042118541,-21656.73889574944],[27180.793461948517,-21577.168034561444],[27228.181644438067,-21534.8564648272],[27218.27769857482,-21471.48039682326],[27257.509942771634,-21445.422245787922],[27228.038678994286,-21427.582511830144],[27187.086592947715,-21387.002922679996],[27097.186790438835,-21442.38495253073],[27057.984652124345,-21491.19799501309],[26989.2639547867,-21478.28625290841],[26981.661973045208,-21582.0654010789],[26941.650514003588,-21631.697579380823],[26911.388355839765,-21636.61373791378],[26926.848172890604,-21572.38582374924],[26879.390813633916,-21562.696432472672],[26838.704231131822,-21722.843136662384],[26790.43210286158,-21718.030788388336],[26768.48585468158,-21819.650567674078],[26732.488524894812,-21817.25445851963],[26709.72313974204,-21920.500629641116],[26551.811705588712,-21888.201007914962],[26573.707662088447,-21739.445897982456],[26551.617517068982,-21740.293119636597],[26530.513983436627,-21858.97240733658],[26411.08618978795,-21863.186801952077],[26418.339778335067,-21776.225864594337],[26406.88486183877,-21772.99013059656],[26390.554035270703,-21799.824476843467],[26354.552855899907,-21786.061493969755],[26337.416145487805,-21816.14759431244],[26290.771199338953,-21799.954879043857],[26247.45848505094,-21837.39475724846],[26249.147186323185,-21873.150554118212],[26218.10607381293,-21910.574383186176],[26266.38471768622,-21920.263613828458],[26340.748476765235,-21869.78024454275],[26366.140590663068,-21890.876782739768],[26348.166874490213,-21908.779279691866],[26398.10007537459,-21936.34516873141],[26420.14111522457,-21906.252621341264],[26431.61310156912,-21922.491241338896],[26412.016784448293,-21946.89735137066],[26422.66667184746,-21962.318839855026],[26418.597218922456,-21972.894559898647],[26380.146551458514,-21969.69413909898],[26360.538478517323,-21985.15520362812],[26412.96544776403,-22044.41793672857],[26444.91235709854,-22080.134117943468],[26428.5849128759,-22101.285223743645],[26381.88501532341,-22051.76720437524],[26333.956054840353,-21974.730119226966],[26311.021267242846,-21982.765267325798],[26273.876353700412,-22015.453704266576],[26288.14966924349,-22030.83733337489],[26248.538139623473,-22077.69283951493],[26216.935511328047,-22087.596780542983],[26095.25574821653,-21951.633713220945],[26073.588909821236,-21975.06930660573],[25996.15367815667,-22012.74112428073],[26030.36143460346,-22103.849760307465],[26058.861273844494,-22090.257018500473],[26097.377695237403,-22152.413058530772],[26021.800957972882,-22196.860373281408],[25947.826376863755,-22033.126322409604],[25866.651320282603,-22057.24693830684],[25848.625309207127,-22026.47680473607],[25712.94013562263,-22081.471956703346],[25706.70831747132,-22053.76037024986],[25678.186971583287,-22050.72329011606],[25668.952273524483,-22096.91979389824],[25627.335190327838,-22091.666034900583],[25629.942921295646,-22042.38214011048],[25634.867854287382,-22015.83927823021],[25632.54966065928,-21992.3353195691],[25641.932368430542,-21976.08068265929],[25690.253085121512,-21976.018479707418],[25784.956880364334,-21975.896373721072],[25867.229000913212,-21962.16799945687],[25945.55759525951,-21929.6146515836],[26012.74190925155,-21863.35205999529],[26073.0054803472,-21761.91528308834],[26085.073517143843,-21739.973781571724],[26102.614773410955,-21667.274014382623],[26103.54234436946,-21622.923603781266],[26097.25047057087,-21557.629762726603],[26093.217543757055,-21470.03122390178],[26091.171147460467,-21403.206006078515],[26076.03131210676,-21318.87262660172],[26068.202421512688,-21241.672493584454],[26066.94933898968,-21229.301454691915],[26064.786913130432,-21207.93128344929],[26060.104009899544,-21117.104959200602],[26055.38402232388,-21006.155124518555],[26055.535176981124,-20953.99953921209],[26091.4758920226,-20879.948984717485],[26108.062397370464,-20839.470209737075],[26152.904431363917,-20766.812219016952],[26200.971146790544,-20715.943108155625],[26270.899654548033,-20657.648307197494],[26349.445629546535,-20592.98435934563],[26458.600364730228,-20513.16529220948],[26538.2827773334,-20464.133862127084],[26675.433378849993,-20372.280524566304],[26883.39059994265,-20242.418763908092],[26994.723817254882,-20180.89421402267],[27113.039302280755,-20110.1827553208],[27353.60760640574,-19983.613796532387],[27524.06187325425,-19897.915273184422],[27605.56850166875,-19872.54063176387],[27667.011182519607,-19864.264725492103],[27713.42882577912,-19883.72869069851],[27748.41219321126,-19922.977814217797],[27779.43597247661,-19980.653092429275],[27810.735876322375,-20040.07496675686],[27833.86153419176,-20101.542340595974],[27853.099513683817,-20186.035479002865],[27872.85382021265,-20271.821568611776],[27880.948183967383,-20340.08713802253],[27889.318585585337,-20401.99459848646],[27890.65006500308,-20415.205823202617],[27892.53915319254,-20427.918731685495],[27889.333605395164,-20445.459352719132],[27898.10776561743,-20482.13435935392],[27907.367007725872,-20553.682249200996],[27913.315954711987,-20581.53764884267],[27929.850074799033,-20633.383301608963],[27933.031505419407,-20638.454122684663],[27973.819784924155,-20703.51310509257],[27984.02724812494,-20723.39068001276],[27998.153054988477,-20750.881161620608],[28000.66652648186,-20755.787028715713],[28033.985128242755,-20801.617023479892],[28101.516232995782,-20882.274069568142],[28128.704884866485,-20920.084979791427],[28136.684648346738,-20935.819194649113],[28209.12826580042,-20965.9281583135],[28278.985432612593,-20985.724389511626],[28393.52163486986,-20992.909832840087],[28477.556661558454,-20981.78217246756],[28548.624757544836,-20950.482134091202],[28628.91172088054,-20904.49673321168],[28714.724527230952,-20841.066747952253],[28780.189823841327,-20763.89869869058],[28802.98857987742,-20729.61288356781],[28838.62316977908,-20676.037100107176],[28852.91761165252,-20658.669037382817],[28858.76021500805,-20648.577045153594],[28974.282575213932,-20475.177242211998],[28986.18949987425,-20465.010488892905],[29051.739026110037,-20441.655873242533],[29059.01510793867,-20431.241203464102],[29077.11091452441,-20423.97381069814],[29144.35968906409,-20434.04179433291],[29156.418743629125,-20438.8679827007],[29164.965751036303,-20445.025880701374],[29193.612742888625,-20452.460554255173],[29201.38214265136,-20450.459500861587],[29231.437159028603,-20462.801468605176],[29269.737836112618,-20477.111122383503],[29283.102846081718,-20476.418034360046],[29292.469642799348,-20481.679147852585],[29308.548003480653,-20487.804404378636],[29322.8752966756,-20486.369144807803],[29333.89855842921,-20486.28743389412],[29346.567268476472,-20488.669123201864],[29355.339140607743,-20483.34955369192],[29359.017749802442,-20483.709300900577],[29376.499203810352,-20491.192573311273],[29382.966632914264,-20497.530233190162],[29392.676687719766,-20513.416565952823],[29409.713625337463,-20523.963216995122],[29411.47808884189,-20525.420269608963],[29412.88053791807,-20526.324980464065],[29424.3460587312,-20537.211113885976],[29440.871432955377,-20542.00885323435],[29511.014565746416,-20554.96901731845],[29640.46654198109,-20590.72270131507],[29837.188140634564,-20635.138321736595],[29868.935317088617,-20636.166109532816],[29872.811740283505,-20637.056258149678],[29881.017599022947,-20641.810235296143],[29886.727250075084,-20646.324477657676],[29937.846343928366,-20691.088297085604],[30031.933706552023,-20752.60893367394],[30184.800118119456,-20979.734457434388],[30274.76566528785,-21128.79823124502],[30322.220306753414,-21251.66199786123],[30323.05136543745,-21343.411415355047],[30328.593489581137,-21376.264799884288],[30353.947340335348,-21384.311373533914],[30484.968364264234,-21780.549704865785],[30545.08771835442,-21932.165327083087],[30674.07360699121,-22196.286393198185],[30707.443586145993,-22328.09279493941],[30712.46398077102,-22347.932837192202],[30707.792953931028,-22373.315229401458],[30695.49631587311,-22394.34103826061],[30559.388582776533,-22487.0048270775],[30576.552079550223,-22508.596665221732],[30589.309522126103,-22526.534936974058],[30920.22904692497,-22992.067175188335],[30943.66572894412,-23013.495036515174],[31216.459869942162,-23310.788227879908],[31622.114484169055,-23776.77019703784],[31642.155522483517,-23803.808443207527],[31704.714271544944,-23850.83096890268],[32144.92535161972,-24333.629836842418],[32140.84162473178,-24400.574677202385],[32129.26349001308,-24470.936071363976],[32090.72362754785,-24565.98301579058],[32098.093823041418,-24619.63161132508],[32115.65332561871,-24648.60822317656],[32136.16902533942,-24700.059279044857],[32142.04080640874,-24732.30379700358],[32140.02024255693,-24757.94785142527],[32118.89370458317,-24782.591676546726],[32088.44699983427,-24782.63638386526],[32049.202604149585,-24770.896198006114],[32022.37405659363,-24774.529051448684],[31973.394979368662,-24806.38956947159],[31931.155840262887,-24865.418145057512],[31849.53497971536,-24931.271071703406],[31837.892828807817,-24950.85888333805],[31847.083619404584,-24999.429706251016],[31844.930532436585,-25024.454733432038],[31774.974796004128,-25101.789644357283],[31768.50421413465,-25169.235419615172],[31750.275177103584,-25184.12253803201],[31732.76646062953,-25189.952955106506],[31617.743558459915,-25144.433072930202],[31588.551393240108,-25141.57858585869],[31565.578554106876,-25154.294279890833],[31559.404087482835,-25177.146899852436],[31563.480541949393,-25217.388265389716],[31560.583165515563,-25235.160986247938],[31536.53860412247,-25263.844443575013],[31523.111476358492,-25313.531730100978],[31524.27470080543,-25360.665799800772],[31514.62673319783,-25366.48469417845],[31478.484379969537,-25395.329392352374],[31441.248157711583,-25371.975803394336],[31235.379287512507,-25450.059006897965],[31206.28899070446,-25487.62821621867],[31028.218680594,-25513.625050411792],[31030.3262074613,-25479.312346357154],[31076.659157071495,-25418.11193532287],[31151.11417708057,-25399.77188457176],[31183.426579559688,-25349.316739447182],[31219.056800450664,-25359.990599886514],[31274.08618415869,-25347.040907166433],[31266.47149941814,-25305.234547894215],[31352.772484802408,-25264.353953043697],[31434.706784871523,-25194.532379704528],[31470.310506070848,-25186.973116734996],[31508.035281453514,-25147.235026405426],[31521.993072572513,-25093.58858202165],[31559.65850494511,-25013.105660675326],[31637.29846864089,-24964.729219334666],[31451.40478741878,-24803.07017188985],[31406.107494815136,-24829.94890504796],[31359.613059323397,-24771.027406026842],[31230.226949958596,-24868.802990176016],[31169.704917981056,-24822.782833562233],[31165.24448453053,-24720.899527708767],[31099.492280583945,-24783.200614063768],[31090.96073020273,-24857.205953081837],[31029.444613500615,-24865.8746248011],[31054.436903827358,-24978.442577510374],[30959.475297036348,-24995.73938160157],[30944.292797954287,-24951.79878001334],[30903.2871605854,-24956.136633131653],[30881.61287828535,-24897.189991997555],[30714.375530857244,-24947.837856598664],[30707.616278542206,-24914.21231098147],[30750.430213373853,-24857.58384603937],[30789.89576994942,-24809.927288276143],[30826.127533255494,-24767.129306405317],[30899.66444694542,-24682.05135187274],[30908.516573893954,-24640.486673357664],[30910.502583497553,-24582.501225943444],[30946.07387645135,-24552.729122090386],[30942.47108931397,-24521.609002264217],[30907.702807574766,-24492.955073289806],[30855.074647280737,-24484.62725412799],[30856.050717983977,-24516.370332842227],[30790.29376023356,-24529.5338036865],[30806.96262867411,-24763.143073203508],[30780.294541583047,-24794.815132559976],[30757.67567262263,-24825.408856604947],[30736.124306411948,-24852.241679526167],[30720.237148280954,-24874.245571166044],[30693.035879181465,-24908.32872842485],[30674.445250192075,-24930.87824597652],[30651.81816919439,-24955.843922784086],[30623.5986212953,-24989.950585095445],[30614.373254152597,-25000.401483000023],[30596.319613260683,-25015.707896120613],[30573.867658109055,-24994.599023847375],[30538.389356068103,-24897.945595909376],[30518.65747331793,-24734.043570217444],[30538.315466093947,-24684.535805243067],[30556.129205314675,-24654.634599308716],[30620.007394235698,-24644.27166901878],[30598.269518025452,-24555.614972997457],[30570.98529576487,-24531.372825001366],[30555.044066282222,-24553.807944895234],[30496.80026664422,-24561.354286442744],[30493.930517395143,-24529.613906993996],[30541.83300178626,-24509.941779115703],[30566.17687635508,-24452.963879243238],[30623.425964617985,-24400.594004502753],[30674.229820637032,-24442.5378641712],[30709.907194058178,-24425.680354885757],[30746.492957161507,-24378.016873454675],[30836.654480344034,-24350.80937259365],[30884.58465552784,-24350.740672144806],[30925.00274097291,-24364.69183450658],[30915.539718345623,-24316.154378523817],[30890.886675366317,-24225.810295024654],[30980.8349582823,-24202.925968144787],[30948.055600850843,-24163.953099798877],[30869.463363795425,-24120.180868504336],[30792.466967511922,-24043.89877142501],[30764.506544236676,-23944.780130526284],[30738.22100434173,-23868.42531914264],[30762.654332021135,-23790.372564388206],[30795.34001421975,-23764.319833892165],[30808.53437162668,-23842.318735264475],[30963.88324455102,-23788.458603204694],[30890.12175877171,-23692.656571299536],[30834.540498049697,-23723.6293938444],[30724.7315365806,-23583.99367374601],[30652.76023350109,-23598.724886069074],[30615.19322608225,-23641.03816089919],[30661.09840666817,-23710.8746096089],[30759.882404474192,-23742.986468993826],[30748.658301367308,-23779.41304819449],[30702.621278505423,-23786.013544159476],[30707.370193343377,-23814.942775419448],[30651.00373845431,-23825.295212957542],[30617.14974713477,-23807.60820570821],[30617.209705949994,-23849.624498799443],[30563.722256344976,-23898.240754756378],[30436.156704816385,-24059.002270269906],[30414.50680139626,-24039.418032962596],[30503.626796648372,-23934.736866227817],[30446.241909533273,-23883.470090953866],[30512.818277965416,-23785.35557592148],[30495.87072976923,-23762.038505683653],[30438.592001927434,-23792.924636911368],[30431.991147220833,-23777.996097319527],[30461.06740047736,-23738.746835511178],[30444.0814129723,-23688.362407351844],[30409.35646660987,-23720.145194480894],[30376.400462073856,-23671.652053577825],[30302.28598141775,-23750.173047155375],[30253.34241008025,-23698.894003572175],[30345.856782550924,-23594.93815089506]]]}},{"type":"Feature","id":"way/1534122168","properties":{"osm_ids":"way/1534122168","polygon":"","kind":"residential","town":"Long Xuyên","name":"","scope":"grounds","source":"https://www.openstreetmap.org/way/1534122168","estimate":"yes","notes":"Cached OSM osm_settlements.json; exact mapped geometry, not surveyed. Scope=grounds; do not expand to surrounding grounds.","area_m2":72.8,"method":"OSM mapped polygon; semantic interpretation estimated","tags":{"landuse":"residential"}},"geometry":{"type":"Polygon","coordinates":[[[26039.26220638794,-19686.269458615687],[26038.03022340848,-19681.67138805287],[26052.813818373368,-19677.782239825465],[26054.034871166223,-19682.391381075606],[26039.26220638794,-19686.269458615687]]]}},{"type":"Feature","id":"relation/11942452","properties":{"osm_ids":"relation/11942452","polygon":"","kind":"industrial","town":"Long Xuyên","name":"","scope":"grounds","source":"https://www.openstreetmap.org/relation/11942452","estimate":"yes","notes":"Cached OSM osm_settlements.json; exact mapped geometry, not surveyed. Scope=grounds; do not expand to surrounding grounds.","area_m2":64697.1,"method":"OSM mapped polygon; semantic interpretation estimated","tags":{"landuse":"industrial","type":"multipolygon"}},"geometry":{"type":"MultiPolygon","coordinates":[[[[30538.40403696755,-23010.11683339835],[30535.712310733623,-22980.366430093767],[30471.861430870485,-22884.759547623107],[30536.449254683335,-22829.23903647624],[30545.699670009664,-22829.08210389316],[30678.458482413087,-23004.078791185515],[30615.379447164712,-23042.967753446894],[30570.75587138266,-23049.743012954714],[30538.40403696755,-23010.11683339835]]],[[[30778.812943995115,-22956.9652348347],[30769.4337651917,-22966.609274728922],[30752.687888879096,-22961.668689078884],[30735.361725503462,-22964.325050129788],[30682.994506307878,-22991.378928952385],[30665.76060025429,-22959.028826028574],[30649.288553361548,-22938.85132615175],[30553.394424707163,-22820.468823476695],[30553.612350213225,-22812.07628971641],[30708.725487443502,-22695.95572734601],[30782.477397108218,-22802.09634277108],[30770.323575909133,-22815.91283203475],[30811.468076341087,-22872.001054470195],[30788.10642410314,-22887.525330266682],[30805.819717469043,-22948.755443595583],[30778.812943995115,-22956.9652348347]]]]}}]}